month,year,quarter,artist,genre,country,region,total_streams,premium_streams,free_streams,premium_revenue_usd,ad_revenue_usd,total_revenue_usd,saves,playlist_adds,skip_rate,popularity_score,artist_trend
2022-01,2022,Q1,Doja Cat,Pop,Netherlands,Europe,5323601,3620048,1703553,40.37,3312.44,3352.81,144672,205117,0.285,100,Stable
2022-01,2022,Q1,Lil Baby,Hip-Hop,Netherlands,Europe,4075876,2771595,1304281,23.87,3158.09,3181.96,108636,112386,0.134,85,Declining
2022-01,2022,Q1,21 Savage,Hip-Hop,Netherlands,Europe,1420239,965762,454477,10.83,681.07,691.9,63375,57124,0.142,73,Declining
2022-01,2022,Q1,Post Malone,Hip-Hop,Netherlands,Europe,937695,637632,300063,7.1,674.75,681.85,35386,13333,0.203,100,Declining
2022-01,2022,Q1,Ed Sheeran,Pop,Netherlands,Europe,7136744,4852985,2283759,49.05,5971.76,6020.81,526445,162147,0.11,100,Rising
2022-01,2022,Q1,The Weeknd,R&B/Pop,Netherlands,Europe,4612477,3136484,1475993,29.95,2375.7,2405.65,137817,144663,0.211,93,Rising
2022-01,2022,Q1,Arctic Monkeys,Rock,Netherlands,Europe,8133497,5530777,2602720,49.75,3741.48,3791.23,435029,212718,0.098,100,Rising
2022-01,2022,Q1,Billie Eilish,Pop,Netherlands,Europe,474846,322895,151951,3.22,243.39,246.61,17612,5449,0.245,100,Declining
2022-01,2022,Q1,Rauw Alejandro,Latin,United Kingdom,Europe,2311767,1502648,809119,14.31,1835.65,1849.96,140653,72213,0.201,85,Stable
2022-01,2022,Q1,Dua Lipa,Pop,United Kingdom,Europe,7017947,4561665,2456282,41.98,6033.69,6075.67,295223,247679,0.251,100,Rising
2022-01,2022,Q1,Doja Cat,Pop,United Kingdom,Europe,5157150,3352147,1805003,29.98,3639.6,3669.58,318447,228638,0.168,100,Stable
2022-01,2022,Q1,Billie Eilish,Pop,United Kingdom,Europe,725110,471321,253789,4.91,342.29,347.2,44562,18468,0.333,100,Declining
2022-01,2022,Q1,Nicki Minaj,Hip-Hop,United Kingdom,Europe,2164054,1406635,757419,12.83,1577.62,1590.45,133623,41424,0.127,100,Stable
2022-01,2022,Q1,Post Malone,Hip-Hop,United Kingdom,Europe,923533,600296,323237,5.53,383.43,388.96,68187,42497,0.251,100,Declining
2022-01,2022,Q1,Newjeans,K-Pop,United Kingdom,Europe,1981695,1288101,693594,14.21,1881.48,1895.69,87730,90188,0.31,70,Stable
2022-01,2022,Q1,Paramore,Rock,United Kingdom,Europe,733721,476918,256803,4.92,261.53,266.45,19141,26810,0.081,100,Stable
2022-01,2022,Q1,H.E.R.,R&B,United Kingdom,Europe,2930183,1904618,1025565,18.73,3065.33,3084.06,89533,31420,0.213,68,Rising
2022-01,2022,Q1,Coldplay,Rock,United Kingdom,Europe,404637,263014,141623,2.9,327.89,330.79,21890,5562,0.179,100,Stable
2022-01,2022,Q1,Travis Scott,Hip-Hop,United Kingdom,Europe,3768378,2449445,1318933,27.99,2602.89,2630.88,280238,103162,0.175,100,Declining
2022-01,2022,Q1,Arctic Monkeys,Rock,United Kingdom,Europe,2826926,1837501,989425,17.15,1037.54,1054.69,166020,48296,0.334,100,Rising
2022-01,2022,Q1,Post Malone,Hip-Hop,Germany,Europe,524659,367261,157398,3.94,457.42,461.36,20905,16847,0.235,100,Declining
2022-01,2022,Q1,Peso Pluma,Latin,Germany,Europe,309185,216429,92756,2.09,250.65,252.74,12062,5188,0.23,82,Rising
2022-01,2022,Q1,Twenty One Pilots,Rock,Germany,Europe,1165044,815530,349514,7.16,779.42,786.58,92508,18178,0.22,100,Stable
2022-01,2022,Q1,Lil Baby,Hip-Hop,Germany,Europe,2221301,1554910,666391,16.51,1403.18,1419.69,83944,59511,0.149,81,Declining
2022-01,2022,Q1,Taylor Swift,Pop,Germany,Europe,5134897,3594427,1540470,35.92,3999.97,4035.89,302947,195530,0.295,100,Stable
2022-01,2022,Q1,Drake,Hip-Hop,Germany,Europe,4265717,2986001,1279716,30.54,2401.96,2432.5,257314,98649,0.122,98,Stable
2022-01,2022,Q1,Rauw Alejandro,Latin,Germany,Europe,563837,394685,169152,3.39,181.79,185.18,39105,13761,0.114,99,Stable
2022-01,2022,Q1,Davido,Afrobeats,Germany,Europe,136256,95379,40877,1.09,78.26,79.35,9608,2421,0.191,92,Rising
2022-01,2022,Q1,Frank Ocean,R&B,Germany,Europe,1764428,1235099,529329,14.08,1285.84,1299.92,39636,45791,0.197,82,Rising
2022-01,2022,Q1,Miley Cyrus,Pop,Germany,Europe,710807,497564,213243,4.86,506.88,511.74,16698,33129,0.199,100,Stable
2022-01,2022,Q1,Nicki Minaj,Hip-Hop,Germany,Europe,2604036,1822825,781211,19.09,1218.59,1237.68,201270,102900,0.23,100,Stable
2022-01,2022,Q1,The Weeknd,R&B/Pop,Sweden,Europe,4815601,3467232,1348369,37.09,1776.2,1813.29,131031,114010,0.105,81,Rising
2022-01,2022,Q1,Billie Eilish,Pop,Sweden,Europe,518651,373428,145223,4.16,282.94,287.1,13417,15385,0.208,100,Declining
2022-01,2022,Q1,Bad Bunny,Latin,Sweden,Europe,554054,398918,155136,3.62,449.63,453.25,40557,11322,0.084,88,Stable
2022-01,2022,Q1,Brent Faiyaz,R&B,Sweden,Europe,1710614,1231642,478972,13.54,635.05,648.59,41455,61063,0.087,65,Rising
2022-01,2022,Q1,Asake,Afrobeats,Sweden,Europe,1278951,920844,358107,10.17,768.76,778.93,35439,54289,0.302,55,Rising
2022-01,2022,Q1,Sza,R&B,Sweden,Europe,1032709,743550,289159,8.75,402.39,411.14,24951,14490,0.085,87,Stable
2022-01,2022,Q1,Paramore,Rock,Sweden,Europe,5467476,3936582,1530894,39.05,4117.72,4156.77,116983,232798,0.156,100,Stable
2022-01,2022,Q1,J. Cole,Hip-Hop,Sweden,Europe,491759,354066,137693,4.2,148.48,152.68,22166,23950,0.228,100,Stable
2022-01,2022,Q1,Dua Lipa,Pop,Sweden,Europe,3812983,2745347,1067636,30.8,1340.29,1371.09,133458,126674,0.314,100,Rising
2022-01,2022,Q1,Bts,K-Pop,Sweden,Europe,1014946,730761,284185,8.24,713.04,721.28,26578,46791,0.216,77,Stable
2022-01,2022,Q1,Ariana Grande,Pop,France,Europe,450226,279140,171086,2.45,189.39,191.84,34898,19758,0.176,100,Stable
2022-01,2022,Q1,Bad Bunny,Latin,France,Europe,796869,494058,302811,5.04,685.47,690.51,37378,17314,0.169,88,Stable
2022-01,2022,Q1,Billie Eilish,Pop,France,Europe,8145600,5050272,3095328,54.71,3797.75,3852.46,617890,398889,0.349,100,Declining
2022-01,2022,Q1,Coldplay,Rock,France,Europe,322756,200108,122648,1.91,151.36,153.27,9224,13058,0.247,100,Stable
2022-01,2022,Q1,Burna Boy,Afrobeats,France,Europe,3053901,1893418,1160483,18.33,3230.55,3248.88,87941,93244,0.143,76,Rising
2022-01,2022,Q1,Martin Garrix,Electronic,France,Europe,9900705,6138437,3762268,67.08,10889.87,10956.95,783740,397366,0.182,100,Rising
2022-01,2022,Q1,Calvin Harris,Electronic,France,Europe,335966,208298,127668,2.03,359.09,361.12,8960,9979,0.083,100,Rising
2022-01,2022,Q1,Rema,Afrobeats,France,Europe,3825426,2371764,1453662,25.59,3845.78,3871.37,247324,142464,0.144,70,Rising
2022-01,2022,Q1,Imagine Dragons,Rock,France,Europe,6178626,3830748,2347878,38.59,4396.8,4435.39,420928,303469,0.23,100,Stable
2022-01,2022,Q1,Travis Scott,Hip-Hop,France,Europe,1912320,1185638,726682,10.33,1531.63,1541.96,149463,59136,0.25,100,Declining
2022-01,2022,Q1,Olivia Rodrigo,Pop,France,Europe,7371183,4570133,2801050,48.35,4953.39,5001.74,473421,343572,0.339,100,Rising
2022-01,2022,Q1,Dua Lipa,Pop,France,Europe,4329550,2684321,1645229,27.78,2557.94,2585.72,135459,123599,0.175,100,Rising
2022-01,2022,Q1,Burna Boy,Afrobeats,Ireland,Europe,1200474,768303,432171,8.79,1035.62,1044.41,62623,26867,0.3,77,Rising
2022-01,2022,Q1,Billie Eilish,Pop,Ireland,Europe,661686,423479,238207,4.64,690.7,695.34,42045,22852,0.193,100,Declining
2022-01,2022,Q1,Post Malone,Hip-Hop,Ireland,Europe,2752762,1761767,990995,15.83,1806.1,1821.93,183488,80421,0.346,100,Declining
2022-01,2022,Q1,The Weeknd,R&B/Pop,Ireland,Europe,3061700,1959488,1102212,22.33,2958.6,2980.93,215236,88016,0.192,85,Rising
2022-01,2022,Q1,Bad Bunny,Latin,Ireland,Europe,2879262,1842727,1036535,19.47,2144.27,2163.74,187136,133962,0.238,78,Stable
2022-01,2022,Q1,Lil Baby,Hip-Hop,Ireland,Europe,1858392,1189370,669022,10.96,943.38,954.34,65204,39006,0.136,85,Declining
2022-01,2022,Q1,Bts,K-Pop,Ireland,Europe,256629,164242,92387,1.57,113.37,114.94,15473,7907,0.289,81,Stable
2022-01,2022,Q1,Martin Garrix,Electronic,Ireland,Europe,3347462,2142375,1205087,24.41,1418.17,1442.58,225984,112468,0.21,100,Rising
2022-01,2022,Q1,Rema,Afrobeats,Ireland,Europe,2159149,1381855,777294,12.62,989.3,1001.92,45067,51870,0.239,70,Rising
2022-01,2022,Q1,Rema,Afrobeats,Spain,Europe,3533060,1943183,1589877,19.69,3023.66,3043.35,263666,77438,0.221,75,Rising
2022-01,2022,Q1,Asake,Afrobeats,Spain,Europe,1634992,899245,735747,10.13,1459.89,1470.02,58033,46377,0.345,54,Rising
2022-01,2022,Q1,Nicki Minaj,Hip-Hop,Spain,Europe,6212342,3416788,2795554,34.95,4705.27,4740.22,324506,176460,0.238,100,Stable
2022-01,2022,Q1,Fred Again..,Electronic,Spain,Europe,4830609,2656834,2173775,24.01,3676.58,3700.59,356534,139887,0.26,100,Declining
2022-01,2022,Q1,Lil Baby,Hip-Hop,Spain,Europe,3271730,1799451,1472279,16.19,2292.6,2308.79,100182,44325,0.113,78,Declining
2022-01,2022,Q1,Disclosure,Electronic,Spain,Europe,470001,258500,211501,2.29,351.13,353.42,18468,6435,0.21,100,Rising
2022-01,2022,Q1,Olivia Rodrigo,Pop,Spain,Europe,4157877,2286832,1871045,19.84,2907.15,2926.99,284282,166025,0.13,100,Rising
2022-01,2022,Q1,Paramore,Rock,Spain,Europe,1829800,1006390,823410,9.26,2074.92,2084.18,94922,71034,0.097,100,Stable
2022-01,2022,Q1,Drake,Hip-Hop,Spain,Europe,4486444,2467544,2018900,27.57,4084.95,4112.52,232966,64097,0.201,86,Stable
2022-01,2022,Q1,Giveon,R&B,Italy,Europe,869772,452281,417491,4.35,434.25,438.6,34203,16054,0.168,84,Rising
2022-01,2022,Q1,21 Savage,Hip-Hop,Italy,Europe,2268548,1179644,1088904,12.42,2807.57,2819.99,113215,30572,0.225,82,Declining
2022-01,2022,Q1,Drake,Hip-Hop,Italy,Europe,288663,150104,138559,1.53,243.52,245.05,11617,13274,0.244,91,Stable
2022-01,2022,Q1,Bts,K-Pop,Italy,Europe,1758723,914535,844188,9.43,1244.72,1254.15,45914,28340,0.146,71,Stable
2022-01,2022,Q1,Bad Bunny,Latin,Italy,Europe,1345085,699444,645641,6.3,1803.62,1809.92,33376,41671,0.191,85,Stable
2022-01,2022,Q1,Lil Baby,Hip-Hop,Italy,Europe,2600438,1352227,1248211,13.82,3538.42,3552.24,52835,127428,0.213,83,Declining
2022-01,2022,Q1,Martin Garrix,Electronic,Italy,Europe,2812014,1462247,1349767,14.76,2636.42,2651.18,197726,51187,0.341,100,Rising
2022-01,2022,Q1,Coldplay,Rock,Italy,Europe,1939756,1008673,931083,10.17,2248.06,2258.23,128153,26170,0.217,100,Stable
2022-01,2022,Q1,Post Malone,Hip-Hop,Italy,Europe,1328170,690648,637522,5.97,1066.71,1072.68,37274,16648,0.347,100,Declining
2022-01,2022,Q1,Tyla,Afrobeats,Italy,Europe,1104157,574161,529996,6.05,1335.83,1341.88,61543,31869,0.191,78,Rising
2022-01,2022,Q1,Harry Styles,Pop,Italy,Europe,11082056,5762669,5319387,61.82,9665.52,9727.34,841973,550081,0.135,100,Stable
2022-01,2022,Q1,Calvin Harris,Electronic,Italy,Europe,3696246,1922047,1774199,16.6,4547.32,4563.92,257541,147924,0.296,100,Rising
2022-01,2022,Q1,Tyla,Afrobeats,United States,Americas,2944442,1707776,1236666,19.7,2530.38,2550.08,122282,132759,0.186,86,Rising
2022-01,2022,Q1,J Balvin,Latin,United States,Americas,3519890,2041536,1478354,22.19,2369.44,2391.63,228287,105979,0.143,100,Rising
2022-01,2022,Q1,Lil Baby,Hip-Hop,United States,Americas,9737419,5647703,4089716,54.0,5963.01,6017.01,511905,265453,0.17,100,Declining
2022-01,2022,Q1,Olivia Rodrigo,Pop,United States,Americas,1501911,871108,630803,10.66,1255.83,1266.49,96854,49451,0.349,100,Rising
2022-01,2022,Q1,Nicki Minaj,Hip-Hop,United States,Americas,7669707,4448430,3221277,52.47,3437.31,3489.78,415647,310610,0.317,100,Stable
2022-01,2022,Q1,Imagine Dragons,Rock,United States,Americas,4194761,2432961,1761800,25.77,3372.09,3397.86,235902,126226,0.226,100,Stable
2022-01,2022,Q1,Brent Faiyaz,R&B,United States,Americas,5024924,2914455,2110469,34.14,4816.71,4850.85,309720,159335,0.148,100,Rising
2022-01,2022,Q1,Sza,R&B,United States,Americas,4184076,2426764,1757312,25.41,2556.37,2581.78,190023,90029,0.246,100,Stable
2022-01,2022,Q1,J Balvin,Latin,Brazil,Americas,2929103,1113059,1816044,5.74,1881.82,1887.56,211854,138501,0.233,100,Rising
2022-01,2022,Q1,Disclosure,Electronic,Brazil,Americas,1605778,610195,995583,3.18,2531.26,2534.44,68191,20484,0.101,64,Rising
2022-01,2022,Q1,Bts,K-Pop,Brazil,Americas,4586372,1742821,2843551,8.57,3487.55,3496.12,362738,199763,0.114,89,Stable
2022-01,2022,Q1,Miley Cyrus,Pop,Brazil,Americas,5093283,1935447,3157836,8.87,6997.1,7005.97,217780,202559,0.136,100,Stable
2022-01,2022,Q1,J. Cole,Hip-Hop,Brazil,Americas,632234,240248,391986,1.16,813.29,814.45,47538,15081,0.174,100,Stable
2022-01,2022,Q1,Ed Sheeran,Pop,Brazil,Americas,12055799,4581203,7474596,22.53,9580.29,9602.82,368705,360886,0.193,100,Rising
2022-01,2022,Q1,21 Savage,Hip-Hop,Brazil,Americas,8697425,3305021,5392404,15.39,7766.11,7781.5,284935,266201,0.343,100,Declining
2022-01,2022,Q1,Coldplay,Rock,Brazil,Americas,2499504,949811,1549693,4.15,4639.39,4643.54,125304,84521,0.098,86,Stable
2022-01,2022,Q1,Arctic Monkeys,Rock,Brazil,Americas,8791336,3340707,5450629,15.92,10554.94,10570.86,505489,220741,0.306,100,Rising
2022-01,2022,Q1,Sza,R&B,Brazil,Americas,3392064,1288984,2103080,6.34,4308.75,4315.09,157547,88297,0.231,100,Stable
2022-01,2022,Q1,Twenty One Pilots,Rock,Brazil,Americas,3942233,1498048,2444185,6.52,6126.33,6132.85,143253,180937,0.222,86,Stable
2022-01,2022,Q1,Twenty One Pilots,Rock,Mexico,Americas,1652404,578341,1074063,2.56,1950.47,1953.03,87748,33305,0.133,95,Stable
2022-01,2022,Q1,J Balvin,Latin,Mexico,Americas,5481277,1918446,3562831,8.34,4835.08,4843.42,324298,107034,0.107,100,Rising
2022-01,2022,Q1,Rema,Afrobeats,Mexico,Americas,1818230,636380,1181850,2.77,3457.26,3460.03,139393,28443,0.19,69,Rising
2022-01,2022,Q1,Post Malone,Hip-Hop,Mexico,Americas,10072862,3525501,6547361,12.32,9269.57,9281.89,217492,173831,0.237,100,Declining
2022-01,2022,Q1,Ed Sheeran,Pop,Mexico,Americas,1507177,527511,979666,2.18,1637.74,1639.92,104758,36959,0.089,100,Rising
2022-01,2022,Q1,Newjeans,K-Pop,Mexico,Americas,2724658,953630,1771028,3.86,3315.81,3319.67,102632,130615,0.286,59,Stable
2022-01,2022,Q1,Stray Kids,K-Pop,Mexico,Americas,1141338,399468,741870,1.83,1440.81,1442.64,35297,33545,0.218,81,Declining
2022-01,2022,Q1,Billie Eilish,Pop,Mexico,Americas,4048337,1416917,2631420,5.24,3364.83,3370.07,283771,199891,0.222,100,Declining
2022-01,2022,Q1,Harry Styles,Pop,Mexico,Americas,7534892,2637212,4897680,11.83,6051.09,6062.92,411337,157947,0.23,100,Stable
2022-01,2022,Q1,Ariana Grande,Pop,Mexico,Americas,7241768,2534618,4707150,8.92,6025.33,6034.25,259407,149614,0.278,100,Stable
2022-01,2022,Q1,Miley Cyrus,Pop,Mexico,Americas,2448128,856844,1591284,3.09,4501.46,4504.55,110474,62000,0.22,100,Stable
2022-01,2022,Q1,Sza,R&B,Colombia,Americas,8022783,2406834,5615949,8.66,8371.69,8380.35,347849,172872,0.176,100,Stable
2022-01,2022,Q1,Rauw Alejandro,Latin,Colombia,Americas,1938524,581557,1356967,2.02,3158.13,3160.15,147734,76189,0.138,100,Stable
2022-01,2022,Q1,Paramore,Rock,Colombia,Americas,3831130,1149339,2681791,4.42,7221.57,7225.99,296200,62014,0.248,100,Stable
2022-01,2022,Q1,Olivia Rodrigo,Pop,Colombia,Americas,10141878,3042563,7099315,10.34,17108.29,17118.63,566902,287900,0.101,100,Rising
2022-01,2022,Q1,Bad Bunny,Latin,Colombia,Americas,10286851,3086055,7200796,9.17,8685.51,8694.68,399909,435105,0.34,100,Stable
2022-01,2022,Q1,Brent Faiyaz,R&B,Colombia,Americas,7044143,2113242,4930901,6.46,14380.19,14386.65,461416,250475,0.285,100,Rising
2022-01,2022,Q1,H.E.R.,R&B,Colombia,Americas,1725840,517752,1208088,1.67,2390.62,2392.29,57423,85440,0.335,100,Rising
2022-01,2022,Q1,Bts,K-Pop,Colombia,Americas,3767066,1130119,2636947,4.53,5568.21,5572.74,182298,84812,0.113,84,Stable
2022-01,2022,Q1,Aespa,K-Pop,Colombia,Americas,446728,134018,312710,0.53,903.27,903.8,21645,19871,0.308,63,Rising
2022-01,2022,Q1,Coldplay,Rock,Nigeria,Africa,1336449,240560,1095889,0.69,2324.77,2325.46,65303,60674,0.223,56,Stable
2022-01,2022,Q1,Taylor Swift,Pop,Nigeria,Africa,929539,167317,762222,0.47,1584.65,1585.12,62691,21147,0.249,100,Stable
2022-01,2022,Q1,Sza,R&B,Nigeria,Africa,3041380,547448,2493932,1.6,4798.04,4799.64,241547,30442,0.13,100,Stable
2022-01,2022,Q1,Ariana Grande,Pop,Nigeria,Africa,646118,116301,529817,0.3,623.64,623.94,14379,18860,0.237,100,Stable
2022-01,2022,Q1,H.E.R.,R&B,Nigeria,Africa,1951234,351222,1600012,1.03,3960.29,3961.32,66979,28134,0.176,100,Rising
2022-01,2022,Q1,Arctic Monkeys,Rock,Nigeria,Africa,849947,152990,696957,0.47,1083.44,1083.91,63423,10032,0.11,92,Rising
2022-01,2022,Q1,Lil Baby,Hip-Hop,Nigeria,Africa,1592368,286626,1305742,0.97,3359.27,3360.24,40389,42521,0.317,100,Declining
2022-01,2022,Q1,Davido,Afrobeats,Nigeria,Africa,1826855,328833,1498022,1.13,3725.14,3726.27,43660,47613,0.306,100,Rising
2022-01,2022,Q1,Frank Ocean,R&B,Nigeria,Africa,1126863,202835,924028,0.56,1250.26,1250.82,37444,19672,0.29,100,Rising
2022-01,2022,Q1,Burna Boy,Afrobeats,Nigeria,Africa,3843763,691877,3151886,1.89,6418.88,6420.77,214622,119161,0.15,100,Rising
2022-01,2022,Q1,Drake,Hip-Hop,South Africa,Africa,1271191,355933,915258,1.27,2408.65,2409.92,42542,24092,0.225,100,Stable
2022-01,2022,Q1,Bts,K-Pop,South Africa,Africa,2119036,593330,1525706,2.34,2719.33,2721.67,77085,61594,0.092,83,Stable
2022-01,2022,Q1,Taylor Swift,Pop,South Africa,Africa,450541,126151,324390,0.54,506.95,507.49,15840,4596,0.268,100,Stable
2022-01,2022,Q1,J. Cole,Hip-Hop,South Africa,Africa,1302479,364694,937785,1.33,2219.28,2220.61,31999,57371,0.214,100,Stable
2022-01,2022,Q1,Newjeans,K-Pop,South Africa,Africa,1288318,360729,927589,1.47,2155.92,2157.39,67799,57432,0.278,68,Stable
2022-01,2022,Q1,Kendrick Lamar,Hip-Hop,South Africa,Africa,1118494,313178,805316,1.38,2202.21,2203.59,69907,48632,0.268,100,Rising
2022-01,2022,Q1,Sza,R&B,South Africa,Africa,2301020,644285,1656735,2.87,4842.02,4844.89,110283,103920,0.081,100,Stable
2022-01,2022,Q1,The Weeknd,R&B/Pop,South Africa,Africa,1827057,511575,1315482,1.83,3467.52,3469.35,127762,55357,0.082,85,Rising
2022-01,2022,Q1,Wizkid,Afrobeats,South Africa,Africa,3835748,1074009,2761739,4.45,4196.76,4201.21,222628,121207,0.291,100,Rising
2022-01,2022,Q1,Disclosure,Electronic,South Africa,Africa,743223,208102,535121,0.81,1434.25,1435.06,32351,12768,0.283,73,Rising
2022-01,2022,Q1,Travis Scott,Hip-Hop,South Africa,Africa,2459306,688605,1770701,2.39,2836.53,2838.92,153682,31218,0.237,100,Declining
2022-01,2022,Q1,Rema,Afrobeats,Kenya,Africa,4631697,694754,3936943,1.98,9260.1,9262.08,216566,166291,0.24,100,Rising
2022-01,2022,Q1,Drake,Hip-Hop,Kenya,Africa,1081855,162278,919577,0.38,1818.27,1818.65,71645,40387,0.2,100,Stable
2022-01,2022,Q1,Arctic Monkeys,Rock,Kenya,Africa,1576181,236427,1339754,0.52,3628.62,3629.14,81364,67833,0.161,100,Rising
2022-01,2022,Q1,Aespa,K-Pop,Kenya,Africa,1532987,229948,1303039,0.6,2015.17,2015.77,118119,24592,0.197,73,Rising
2022-01,2022,Q1,Taylor Swift,Pop,Kenya,Africa,3465979,519896,2946083,1.25,4561.8,4563.05,273946,91409,0.321,100,Stable
2022-01,2022,Q1,Paramore,Rock,Kenya,Africa,845579,126836,718743,0.34,1527.69,1528.03,40834,26829,0.123,62,Stable
2022-01,2022,Q1,Tyla,Afrobeats,Kenya,Africa,3975014,596252,3378762,1.61,9087.4,9089.01,261005,139319,0.115,100,Rising
2022-01,2022,Q1,Stray Kids,K-Pop,Kenya,Africa,1400257,210038,1190219,0.47,2290.21,2290.68,28108,47515,0.244,73,Declining
2022-01,2022,Q1,Doja Cat,Pop,Kenya,Africa,1903999,285599,1618400,0.64,3727.24,3727.88,75313,63994,0.197,100,Stable
2022-01,2022,Q1,Rema,Afrobeats,Ghana,Africa,1992426,278939,1713487,0.67,3069.01,3069.68,156369,77456,0.257,100,Rising
2022-01,2022,Q1,Wizkid,Afrobeats,Ghana,Africa,8042090,1125892,6916198,2.22,13562.76,13564.98,211473,158282,0.346,100,Rising
2022-01,2022,Q1,21 Savage,Hip-Hop,Ghana,Africa,1735155,242921,1492234,0.59,3162.49,3163.08,35720,40009,0.22,98,Declining
2022-01,2022,Q1,Harry Styles,Pop,Ghana,Africa,1665273,233138,1432135,0.47,2569.03,2569.5,46565,54457,0.266,100,Stable
2022-01,2022,Q1,H.E.R.,R&B,Ghana,Africa,2193394,307075,1886319,0.74,5476.17,5476.91,60215,100564,0.241,100,Rising
2022-01,2022,Q1,Imagine Dragons,Rock,Ghana,Africa,92269,12917,79352,0.03,217.58,217.61,5798,3881,0.172,94,Stable
2022-01,2022,Q1,Billie Eilish,Pop,Ghana,Africa,1281265,179377,1101888,0.42,2418.59,2419.01,85883,37459,0.091,98,Declining
2022-01,2022,Q1,Disclosure,Electronic,Ghana,Africa,647279,90619,556660,0.18,831.76,831.94,19141,29044,0.139,76,Rising
2022-01,2022,Q1,Olivia Rodrigo,Pop,Japan,Asia,5350953,3210571,2140382,33.87,3996.76,4030.63,121036,88113,0.086,100,Rising
2022-01,2022,Q1,Arctic Monkeys,Rock,Japan,Asia,4306826,2584095,1722731,28.02,3963.4,3991.42,137700,160253,0.099,84,Rising
2022-01,2022,Q1,Ed Sheeran,Pop,Japan,Asia,5138050,3082830,2055220,32.49,5044.2,5076.69,331724,138828,0.173,100,Rising
2022-01,2022,Q1,H.E.R.,R&B,Japan,Asia,490912,294547,196365,2.83,398.23,401.06,27139,5486,0.187,62,Rising
2022-01,2022,Q1,Fred Again..,Electronic,Japan,Asia,3559567,2135740,1423827,23.26,2232.15,2255.41,147896,90248,0.206,87,Declining
2022-01,2022,Q1,Blackpink,K-Pop,Japan,Asia,23582513,14149507,9433006,142.97,26582.82,26725.79,725893,459899,0.342,100,Rising
2022-01,2022,Q1,Coldplay,Rock,Japan,Asia,571427,342856,228571,3.19,273.09,276.28,25314,19266,0.236,59,Stable
2022-01,2022,Q1,Drake,Hip-Hop,Japan,Asia,2925976,1755585,1170391,15.72,2104.47,2120.19,209146,30316,0.239,69,Stable
2022-01,2022,Q1,J. Cole,Hip-Hop,Japan,Asia,5241347,3144808,2096539,27.47,5802.0,5829.47,243835,121785,0.201,87,Stable
2022-01,2022,Q1,Aespa,K-Pop,Japan,Asia,6298038,3778822,2519216,33.16,5628.66,5661.82,393039,105061,0.125,100,Rising
2022-01,2022,Q1,Rauw Alejandro,Latin,Japan,Asia,2886634,1731980,1154654,16.31,3104.1,3120.41,197273,96454,0.314,91,Stable
2022-01,2022,Q1,Arctic Monkeys,Rock,South Korea,Asia,2014694,1108081,906613,10.15,1129.59,1139.74,68233,24313,0.253,88,Rising
2022-01,2022,Q1,Giveon,R&B,South Korea,Asia,4748481,2611664,2136817,19.72,4304.55,4324.27,106814,75661,0.346,84,Rising
2022-01,2022,Q1,Frank Ocean,R&B,South Korea,Asia,3878922,2133407,1745515,16.14,5142.63,5158.77,212591,78233,0.221,62,Rising
2022-01,2022,Q1,Travis Scott,Hip-Hop,South Korea,Asia,6413835,3527609,2886226,25.08,3714.82,3739.9,489947,252166,0.124,95,Declining
2022-01,2022,Q1,Wizkid,Afrobeats,South Korea,Asia,3510740,1930907,1579833,14.2,4623.69,4637.89,123993,128020,0.344,92,Rising
2022-01,2022,Q1,J Balvin,Latin,South Korea,Asia,144614,79537,65077,0.66,178.17,178.83,7843,1621,0.331,65,Rising
2022-01,2022,Q1,Disclosure,Electronic,South Korea,Asia,4383713,2411042,1972671,20.18,3526.6,3546.78,258963,62528,0.258,100,Rising
2022-01,2022,Q1,Rema,Afrobeats,South Korea,Asia,4097274,2253500,1843774,19.98,5506.75,5526.73,266919,55801,0.158,65,Rising
2022-01,2022,Q1,Peso Pluma,Latin,South Korea,Asia,3873454,2130399,1743055,16.14,4070.36,4086.5,265218,156841,0.295,75,Rising
2022-01,2022,Q1,Peso Pluma,Latin,India,Asia,764607,168213,596394,0.31,1370.6,1370.91,30357,26920,0.245,77,Rising
2022-01,2022,Q1,Ariana Grande,Pop,India,Asia,8162405,1795729,6366676,3.52,9391.41,9394.93,346046,155826,0.1,100,Stable
2022-01,2022,Q1,21 Savage,Hip-Hop,India,Asia,2150164,473036,1677128,1.01,3355.75,3356.76,112973,103335,0.309,70,Declining
2022-01,2022,Q1,Post Malone,Hip-Hop,India,Asia,4298303,945626,3352677,1.81,6026.92,6028.73,235591,134726,0.244,93,Declining
2022-01,2022,Q1,Olivia Rodrigo,Pop,India,Asia,3999548,879900,3119648,1.86,6371.78,6373.64,277343,108925,0.322,100,Rising
2022-01,2022,Q1,Davido,Afrobeats,India,Asia,3349053,736791,2612262,1.65,2927.13,2928.78,254749,80594,0.107,89,Rising
2022-01,2022,Q1,Doja Cat,Pop,India,Asia,2615278,575361,2039917,1.08,5316.13,5317.21,136908,58719,0.245,100,Stable
2022-01,2022,Q1,Twenty One Pilots,Rock,India,Asia,2409684,530130,1879554,1.16,3843.62,3844.78,66009,106933,0.296,51,Stable
2022-01,2022,Q1,Coldplay,Rock,India,Asia,2146605,472253,1674352,0.96,2533.5,2534.46,166953,62985,0.298,52,Stable
2022-01,2022,Q1,Frank Ocean,R&B,India,Asia,2106893,463516,1643377,0.82,1651.87,1652.69,122787,64485,0.24,69,Rising
2022-01,2022,Q1,Martin Garrix,Electronic,India,Asia,5358698,1178913,4179785,2.59,11703.59,11706.18,220806,104359,0.291,100,Rising
2022-01,2022,Q1,Paramore,Rock,India,Asia,3736689,822071,2914618,1.72,3471.52,3473.24,214603,104891,0.238,70,Stable
2022-01,2022,Q1,Olivia Rodrigo,Pop,Indonesia,Asia,5544131,1108826,4435305,2.74,9184.26,9187.0,170242,124692,0.142,100,Rising
2022-01,2022,Q1,H.E.R.,R&B,Indonesia,Asia,366258,73251,293007,0.18,641.38,641.56,18241,18133,0.117,63,Rising
2022-01,2022,Q1,Martin Garrix,Electronic,Indonesia,Asia,5879047,1175809,4703238,2.88,11518.39,11521.27,123161,139001,0.301,100,Rising
2022-01,2022,Q1,Harry Styles,Pop,Indonesia,Asia,4352713,870542,3482171,2.02,4035.27,4037.29,109425,199213,0.132,100,Stable
2022-01,2022,Q1,Post Malone,Hip-Hop,Indonesia,Asia,4185972,837194,3348778,2.16,6311.84,6314.0,292648,153977,0.099,91,Declining
2022-01,2022,Q1,Brent Faiyaz,R&B,Indonesia,Asia,278371,55674,222697,0.14,460.07,460.21,10984,6491,0.261,59,Rising
2022-01,2022,Q1,Dua Lipa,Pop,Indonesia,Asia,2229666,445933,1783733,1.28,3376.08,3377.36,89218,74067,0.104,100,Rising
2022-01,2022,Q1,Davido,Afrobeats,Indonesia,Asia,4619530,923906,3695624,2.33,4410.18,4412.51,217220,185920,0.174,91,Rising
2022-01,2022,Q1,Newjeans,K-Pop,Argentina,Latam,1571251,502800,1068451,1.6,1324.51,1326.11,123264,16971,0.279,74,Stable
2022-01,2022,Q1,21 Savage,Hip-Hop,Argentina,Latam,3350412,1072131,2278281,3.55,5119.69,5123.24,84924,134722,0.114,100,Declining
2022-01,2022,Q1,Lil Baby,Hip-Hop,Argentina,Latam,3035268,971285,2063983,2.75,3315.29,3318.04,108622,74077,0.104,100,Declining
2022-01,2022,Q1,Fred Again..,Electronic,Argentina,Latam,304849,97551,207298,0.31,392.71,393.02,17082,9336,0.328,54,Declining
2022-01,2022,Q1,Stray Kids,K-Pop,Argentina,Latam,1714700,548704,1165996,1.65,3336.14,3337.79,46266,73214,0.183,83,Declining
2022-01,2022,Q1,Nicki Minaj,Hip-Hop,Argentina,Latam,2457323,786343,1670980,2.31,2379.42,2381.73,169860,56275,0.086,100,Stable
2022-01,2022,Q1,Arctic Monkeys,Rock,Argentina,Latam,1485949,475503,1010446,1.79,2305.78,2307.57,103048,22736,0.313,100,Rising
2022-01,2022,Q1,Ed Sheeran,Pop,Argentina,Latam,1019640,326284,693356,1.18,1133.68,1134.86,78683,43852,0.26,100,Rising
2022-01,2022,Q1,Imagine Dragons,Rock,Chile,Latam,1168031,397130,770901,1.23,2255.83,2257.06,61872,56804,0.197,82,Stable
2022-01,2022,Q1,Blackpink,K-Pop,Chile,Latam,363560,123610,239950,0.4,648.56,648.96,7278,3892,0.243,89,Rising
2022-01,2022,Q1,21 Savage,Hip-Hop,Chile,Latam,2499960,849986,1649974,2.69,2348.76,2351.45,122688,100423,0.247,92,Declining
2022-01,2022,Q1,Giveon,R&B,Chile,Latam,2612939,888399,1724540,2.7,4424.12,4426.82,93865,44709,0.267,79,Rising
2022-01,2022,Q1,Karol G,Latin,Chile,Latam,5940319,2019708,3920611,7.71,8744.68,8752.39,227961,207648,0.222,100,Rising
2022-01,2022,Q1,Travis Scott,Hip-Hop,Chile,Latam,4057514,1379554,2677960,4.74,3720.34,3725.08,170681,107788,0.303,100,Declining
2022-01,2022,Q1,The Weeknd,R&B/Pop,Chile,Latam,1409017,479065,929952,1.55,1178.81,1180.36,63567,58634,0.237,93,Rising
2022-01,2022,Q1,Disclosure,Electronic,Chile,Latam,1325046,450515,874531,1.49,2333.78,2335.27,76531,23790,0.097,62,Rising
2022-01,2022,Q1,Rauw Alejandro,Latin,Chile,Latam,4516773,1535702,2981071,5.44,5690.13,5695.57,319161,62888,0.212,100,Stable
2022-01,2022,Q1,Asake,Afrobeats,Chile,Latam,97314,33086,64228,0.12,168.37,168.49,5531,4319,0.186,29,Rising
2022-01,2022,Q1,Calvin Harris,Electronic,Chile,Latam,1862429,633225,1229204,2.4,2004.6,2007.0,114144,51224,0.149,64,Rising
2022-01,2022,Q1,Sza,R&B,Chile,Latam,1432446,487031,945415,1.84,2505.6,2507.44,71231,36461,0.202,64,Stable
2022-02,2022,Q1,Giveon,R&B,Netherlands,Europe,3328520,2263393,1065127,22.74,1385.03,1407.77,213844,101482,0.264,85,Rising
2022-02,2022,Q1,Harry Styles,Pop,Netherlands,Europe,8719260,5929096,2790164,62.06,7266.32,7328.38,229508,99598,0.217,100,Stable
2022-02,2022,Q1,Sza,R&B,Netherlands,Europe,2800842,1904572,896270,18.17,2284.87,2303.04,167160,48756,0.127,81,Stable
2022-02,2022,Q1,Disclosure,Electronic,Netherlands,Europe,5835430,3968092,1867338,36.85,1945.56,1982.41,145479,284269,0.16,100,Rising
2022-02,2022,Q1,Frank Ocean,R&B,Netherlands,Europe,775760,527516,248244,5.53,253.42,258.95,27403,15847,0.099,87,Rising
2022-02,2022,Q1,The Weeknd,R&B/Pop,Netherlands,Europe,2342771,1593084,749687,18.15,1947.26,1965.41,88016,115261,0.243,92,Rising
2022-02,2022,Q1,Brent Faiyaz,R&B,Netherlands,Europe,1388498,944178,444320,9.76,583.52,593.28,31413,20039,0.242,60,Rising
2022-02,2022,Q1,J Balvin,Latin,Netherlands,Europe,1558508,1059785,498723,10.39,1110.1,1120.49,119357,30589,0.113,60,Rising
2022-02,2022,Q1,Davido,Afrobeats,Netherlands,Europe,2315859,1574784,741075,18.06,1736.27,1754.33,90354,104609,0.15,91,Rising
2022-02,2022,Q1,Fred Again..,Electronic,Netherlands,Europe,4566298,3105082,1461216,30.65,3921.9,3952.55,290916,187482,0.257,100,Declining
2022-02,2022,Q1,21 Savage,Hip-Hop,Netherlands,Europe,1990416,1353482,636934,12.59,1324.26,1336.85,126743,28498,0.265,73,Declining
2022-02,2022,Q1,Travis Scott,Hip-Hop,United Kingdom,Europe,1312650,853222,459428,8.54,1231.91,1240.45,83967,41597,0.239,100,Declining
2022-02,2022,Q1,Arctic Monkeys,Rock,United Kingdom,Europe,8870639,5765915,3104724,51.58,3686.9,3738.48,484606,399937,0.197,100,Rising
2022-02,2022,Q1,Peso Pluma,Latin,United Kingdom,Europe,1516299,985594,530705,9.1,1301.78,1310.88,120558,21178,0.188,82,Rising
2022-02,2022,Q1,Ed Sheeran,Pop,United Kingdom,Europe,6154466,4000402,2154064,42.87,5665.7,5708.57,350181,230887,0.181,100,Rising
2022-02,2022,Q1,Rauw Alejandro,Latin,United Kingdom,Europe,3035812,1973277,1062535,21.26,1137.57,1158.83,196550,54945,0.339,90,Stable
2022-02,2022,Q1,Kendrick Lamar,Hip-Hop,United Kingdom,Europe,4232130,2750884,1481246,30.3,2874.56,2904.86,212127,63433,0.184,100,Rising
2022-02,2022,Q1,Lil Baby,Hip-Hop,United Kingdom,Europe,2681513,1742983,938530,17.9,1673.45,1691.35,120017,101427,0.081,80,Declining
2022-02,2022,Q1,Bts,K-Pop,United Kingdom,Europe,1600114,1040074,560040,10.04,1010.68,1020.72,115937,48650,0.275,68,Stable
2022-02,2022,Q1,21 Savage,Hip-Hop,United Kingdom,Europe,840459,546298,294161,4.73,580.44,585.17,47033,28647,0.086,77,Declining
2022-02,2022,Q1,Peso Pluma,Latin,Germany,Europe,3567528,2497269,1070259,21.64,1785.7,1807.34,239359,136662,0.293,77,Rising
2022-02,2022,Q1,Coldplay,Rock,Germany,Europe,2752083,1926458,825625,18.25,1542.3,1560.55,69671,51806,0.242,100,Stable
2022-02,2022,Q1,The Weeknd,R&B/Pop,Germany,Europe,3758062,2630643,1127419,24.7,1518.59,1543.29,218919,112165,0.128,95,Rising
2022-02,2022,Q1,Harry Styles,Pop,Germany,Europe,3360973,2352681,1008292,22.68,2161.52,2184.2,185748,58410,0.178,100,Stable
2022-02,2022,Q1,Disclosure,Electronic,Germany,Europe,10189887,7132920,3056967,73.11,7322.48,7395.59,772159,420875,0.095,100,Rising
2022-02,2022,Q1,Arctic Monkeys,Rock,Germany,Europe,2340624,1638436,702188,16.18,1377.56,1393.74,107928,111165,0.271,100,Rising
2022-02,2022,Q1,Taylor Swift,Pop,Germany,Europe,9726227,6808358,2917869,67.94,5467.22,5535.16,620246,395084,0.123,100,Stable
2022-02,2022,Q1,Billie Eilish,Pop,Germany,Europe,5837336,4086135,1751201,46.0,3404.55,3450.55,121440,124392,0.092,100,Declining
2022-02,2022,Q1,Drake,Hip-Hop,Sweden,Europe,1682266,1211231,471035,14.25,706.12,720.37,61094,67923,0.201,93,Stable
2022-02,2022,Q1,Karol G,Latin,Sweden,Europe,1658847,1194369,464478,13.86,507.67,521.53,94856,53878,0.173,70,Rising
2022-02,2022,Q1,Stray Kids,K-Pop,Sweden,Europe,3072916,2212499,860417,25.99,897.97,923.96,183844,149146,0.231,83,Declining
2022-02,2022,Q1,Blackpink,K-Pop,Sweden,Europe,4571371,3291387,1279984,32.04,3150.86,3182.9,360579,92621,0.257,86,Rising
2022-02,2022,Q1,Nicki Minaj,Hip-Hop,Sweden,Europe,901071,648771,252300,6.42,730.17,736.59,70320,15607,0.086,100,Stable
2022-02,2022,Q1,J Balvin,Latin,Sweden,Europe,248636,179017,69619,1.98,145.52,147.5,19600,4748,0.189,65,Rising
2022-02,2022,Q1,Harry Styles,Pop,Sweden,Europe,562458,404969,157489,4.3,183.23,187.53,26715,16529,0.125,100,Stable
2022-02,2022,Q1,Brent Faiyaz,R&B,Sweden,Europe,502579,361856,140723,3.34,383.33,386.67,23927,20088,0.158,70,Rising
2022-02,2022,Q1,Bad Bunny,Latin,Sweden,Europe,3156036,2272345,883691,23.55,975.52,999.07,212012,56980,0.15,70,Stable
2022-02,2022,Q1,Bad Bunny,Latin,France,Europe,1390110,861868,528242,8.66,744.7,753.36,101019,62809,0.315,75,Stable
2022-02,2022,Q1,J. Cole,Hip-Hop,France,Europe,5373340,3331470,2041870,35.78,4320.52,4356.3,285597,73969,0.173,100,Stable
2022-02,2022,Q1,Bts,K-Pop,France,Europe,3044537,1887612,1156925,16.63,2676.62,2693.25,211066,76773,0.289,82,Stable
2022-02,2022,Q1,Burna Boy,Afrobeats,France,Europe,1826408,1132372,694036,10.59,1794.58,1805.17,99823,64624,0.295,74,Rising
2022-02,2022,Q1,Rauw Alejandro,Latin,France,Europe,5407878,3352884,2054994,30.06,4915.13,4945.19,365549,122599,0.311,100,Stable
2022-02,2022,Q1,Coldplay,Rock,France,Europe,1159645,718979,440666,7.2,967.8,975.0,25515,28466,0.278,100,Stable
2022-02,2022,Q1,Stray Kids,K-Pop,France,Europe,502474,311533,190941,3.55,518.17,521.72,13596,19892,0.166,85,Declining
2022-02,2022,Q1,Miley Cyrus,Pop,France,Europe,4654596,2885849,1768747,30.28,4013.89,4044.17,139439,210746,0.195,100,Stable
2022-02,2022,Q1,Burna Boy,Afrobeats,Ireland,Europe,1216343,778459,437884,6.83,463.6,470.43,84386,22368,0.182,82,Rising
2022-02,2022,Q1,Nicki Minaj,Hip-Hop,Ireland,Europe,6253374,4002159,2251215,43.81,4686.1,4729.91,391552,141163,0.207,100,Stable
2022-02,2022,Q1,Harry Styles,Pop,Ireland,Europe,7141271,4570413,2570858,42.29,6783.24,6825.53,519808,221503,0.146,100,Stable
2022-02,2022,Q1,Twenty One Pilots,Rock,Ireland,Europe,2911387,1863287,1048100,17.16,1345.7,1362.86,119007,81559,0.282,100,Stable
2022-02,2022,Q1,Arctic Monkeys,Rock,Ireland,Europe,9837356,6295907,3541449,68.67,9517.55,9586.22,346653,110617,0.28,100,Rising
2022-02,2022,Q1,H.E.R.,R&B,Ireland,Europe,1886893,1207611,679282,12.72,906.34,919.06,111924,93721,0.1,67,Rising
2022-02,2022,Q1,Tyla,Afrobeats,Ireland,Europe,1258163,805224,452939,8.07,729.51,737.58,41215,14251,0.162,84,Rising
2022-02,2022,Q1,Fred Again..,Electronic,Ireland,Europe,1553766,994410,559356,9.14,1462.6,1471.74,36584,71401,0.256,100,Declining
2022-02,2022,Q1,Martin Garrix,Electronic,Ireland,Europe,3072115,1966153,1105962,17.35,2094.81,2112.16,146298,136962,0.228,100,Rising
2022-02,2022,Q1,Blackpink,K-Pop,Spain,Europe,2919670,1605818,1313852,15.94,1361.15,1377.09,132222,32370,0.341,87,Rising
2022-02,2022,Q1,Newjeans,K-Pop,Spain,Europe,760034,418018,342016,4.69,857.75,862.44,51906,8147,0.34,72,Stable
2022-02,2022,Q1,Aespa,K-Pop,Spain,Europe,1657316,911523,745793,9.2,1693.08,1702.28,77878,31054,0.112,61,Rising
2022-02,2022,Q1,Drake,Hip-Hop,Spain,Europe,1701749,935961,765788,7.98,1483.74,1491.72,64795,57747,0.16,84,Stable
2022-02,2022,Q1,Harry Styles,Pop,Spain,Europe,5923212,3257766,2665446,28.29,7341.91,7370.2,430236,137515,0.172,100,Stable
2022-02,2022,Q1,Giveon,R&B,Spain,Europe,635321,349426,285895,3.22,740.23,743.45,14028,21163,0.349,100,Rising
2022-02,2022,Q1,Billie Eilish,Pop,Spain,Europe,2549337,1402135,1147202,12.97,1652.49,1665.46,125688,100705,0.222,100,Declining
2022-02,2022,Q1,Kendrick Lamar,Hip-Hop,Spain,Europe,2310032,1270517,1039515,14.14,2228.25,2242.39,117919,62872,0.166,100,Rising
2022-02,2022,Q1,Olivia Rodrigo,Pop,Spain,Europe,4590627,2524844,2065783,24.02,2746.77,2770.79,138797,220002,0.2,100,Rising
2022-02,2022,Q1,Paramore,Rock,Spain,Europe,7692136,4230674,3461462,42.42,4183.0,4225.42,331305,226969,0.256,100,Stable
2022-02,2022,Q1,Calvin Harris,Electronic,Spain,Europe,6144486,3379467,2765019,38.66,4252.37,4291.03,272927,280552,0.081,100,Rising
2022-02,2022,Q1,21 Savage,Hip-Hop,Spain,Europe,1093254,601289,491965,5.36,764.33,769.69,85593,25422,0.21,75,Declining
2022-02,2022,Q1,Ariana Grande,Pop,Italy,Europe,6006634,3123449,2883185,30.96,6290.35,6321.31,313669,265285,0.093,100,Stable
2022-02,2022,Q1,Imagine Dragons,Rock,Italy,Europe,1177716,612412,565304,6.25,1144.93,1151.18,44293,55670,0.187,100,Stable
2022-02,2022,Q1,21 Savage,Hip-Hop,Italy,Europe,3654179,1900173,1754006,19.16,4840.57,4859.73,199104,40878,0.262,72,Declining
2022-02,2022,Q1,Twenty One Pilots,Rock,Italy,Europe,3051423,1586739,1464684,14.26,2606.76,2621.02,194655,138199,0.261,100,Stable
2022-02,2022,Q1,Paramore,Rock,Italy,Europe,6613665,3439105,3174560,36.61,9231.83,9268.44,418536,294408,0.081,100,Stable
2022-02,2022,Q1,Dua Lipa,Pop,Italy,Europe,7256455,3773356,3483099,38.87,8266.02,8304.89,194975,183976,0.203,100,Rising
2022-02,2022,Q1,Calvin Harris,Electronic,Italy,Europe,285444,148430,137014,1.5,383.73,385.23,12632,6520,0.282,100,Rising
2022-02,2022,Q1,Billie Eilish,Pop,Italy,Europe,8493932,4416844,4077088,49.26,8958.93,9008.19,425794,132121,0.111,100,Declining
2022-02,2022,Q1,Karol G,Latin,Italy,Europe,1169330,608051,561279,5.38,1574.34,1579.72,28048,36668,0.118,66,Rising
2022-02,2022,Q1,Frank Ocean,R&B,Italy,Europe,866982,450830,416152,4.43,486.39,490.82,38114,40232,0.298,74,Rising
2022-02,2022,Q1,Giveon,R&B,Italy,Europe,2493129,1296427,1196702,13.54,3220.57,3234.11,153451,67806,0.262,89,Rising
2022-02,2022,Q1,Tyla,Afrobeats,United States,Americas,3831569,2222310,1609259,24.03,4178.86,4202.89,265701,169748,0.327,80,Rising
2022-02,2022,Q1,J. Cole,Hip-Hop,United States,Americas,3952393,2292387,1660006,21.51,2888.58,2910.09,85550,101651,0.222,100,Stable
2022-02,2022,Q1,Nicki Minaj,Hip-Hop,United States,Americas,6390962,3706757,2684205,36.37,7462.61,7498.98,260448,103395,0.087,100,Stable
2022-02,2022,Q1,Fred Again..,Electronic,United States,Americas,835346,484500,350846,4.64,638.28,642.92,32305,30978,0.244,52,Declining
2022-02,2022,Q1,Brent Faiyaz,R&B,United States,Americas,1665166,965796,699370,10.47,1662.09,1672.56,47345,48995,0.087,100,Rising
2022-02,2022,Q1,21 Savage,Hip-Hop,United States,Americas,7092151,4113447,2978704,39.77,4222.99,4262.76,535728,188410,0.187,100,Declining
2022-02,2022,Q1,Giveon,R&B,United States,Americas,9811381,5690600,4120781,58.59,11538.87,11597.46,264596,473269,0.165,100,Rising
2022-02,2022,Q1,J Balvin,Latin,United States,Americas,7304487,4236602,3067885,47.19,3609.07,3656.26,412065,117334,0.088,100,Rising
2022-02,2022,Q1,Ed Sheeran,Pop,United States,Americas,12271660,7117562,5154098,70.11,10861.86,10931.97,644290,496708,0.305,100,Rising
2022-02,2022,Q1,Wizkid,Afrobeats,United States,Americas,5479682,3178215,2301467,37.12,3116.97,3154.09,276432,203271,0.143,100,Rising
2022-02,2022,Q1,Bts,K-Pop,United States,Americas,1750222,1015128,735094,11.43,939.74,951.17,81634,61344,0.212,76,Stable
2022-02,2022,Q1,Sza,R&B,United States,Americas,8315164,4822795,3492369,49.83,5768.16,5817.99,561700,236631,0.277,100,Stable
2022-02,2022,Q1,Taylor Swift,Pop,Brazil,Americas,1790798,680503,1110295,3.81,1404.24,1408.05,99534,60824,0.175,100,Stable
2022-02,2022,Q1,Bts,K-Pop,Brazil,Americas,3476525,1321079,2155446,6.69,2404.36,2411.05,211530,99676,0.089,76,Stable
2022-02,2022,Q1,Calvin Harris,Electronic,Brazil,Americas,1433397,544690,888707,3.11,1747.92,1751.03,102936,48089,0.181,59,Rising
2022-02,2022,Q1,Imagine Dragons,Rock,Brazil,Americas,1216847,462401,754446,2.27,1668.47,1670.74,91414,29801,0.276,100,Stable
2022-02,2022,Q1,The Weeknd,R&B/Pop,Brazil,Americas,1064660,404570,660090,2.22,1669.4,1671.62,57930,51361,0.134,83,Rising
2022-02,2022,Q1,Olivia Rodrigo,Pop,Brazil,Americas,10782012,4097164,6684848,21.3,10674.83,10696.13,371148,242336,0.149,100,Rising
2022-02,2022,Q1,Arctic Monkeys,Rock,Brazil,Americas,904214,343601,560613,1.93,582.05,583.98,43954,33916,0.275,100,Rising
2022-02,2022,Q1,Nicki Minaj,Hip-Hop,Brazil,Americas,14804164,5625582,9178582,29.29,24227.74,24257.03,592232,582130,0.223,100,Stable
2022-02,2022,Q1,J. Cole,Hip-Hop,Mexico,Americas,11476345,4016720,7459625,16.88,19819.77,19836.65,432396,121334,0.279,100,Stable
2022-02,2022,Q1,Ed Sheeran,Pop,Mexico,Americas,5610859,1963800,3647059,6.67,10482.31,10488.98,388920,237717,0.319,100,Rising
2022-02,2022,Q1,Asake,Afrobeats,Mexico,Americas,3759193,1315717,2443476,5.23,2822.94,2828.17,167105,98807,0.098,52,Rising
2022-02,2022,Q1,Olivia Rodrigo,Pop,Mexico,Americas,9724542,3403589,6320953,13.89,15141.92,15155.81,198043,136509,0.315,100,Rising
2022-02,2022,Q1,21 Savage,Hip-Hop,Mexico,Americas,4861060,1701371,3159689,7.39,7628.04,7635.43,111870,62785,0.189,100,Declining
2022-02,2022,Q1,Rema,Afrobeats,Mexico,Americas,4015615,1405465,2610150,6.33,4724.91,4731.24,298627,91796,0.209,68,Rising
2022-02,2022,Q1,Burna Boy,Afrobeats,Mexico,Americas,3774884,1321209,2453675,4.53,3506.93,3511.46,169746,152446,0.131,80,Rising
2022-02,2022,Q1,Drake,Hip-Hop,Mexico,Americas,3267717,1143700,2124017,4.73,2428.92,2433.65,199190,64299,0.273,100,Stable
2022-02,2022,Q1,Peso Pluma,Latin,Mexico,Americas,10427052,3649468,6777584,12.9,19204.85,19217.75,659399,271706,0.123,100,Rising
2022-02,2022,Q1,Arctic Monkeys,Rock,Mexico,Americas,893403,312691,580712,1.08,1450.21,1451.29,34892,8938,0.218,100,Rising
2022-02,2022,Q1,Wizkid,Afrobeats,Mexico,Americas,2304380,806533,1497847,2.8,4012.25,4015.05,46615,45794,0.28,91,Rising
2022-02,2022,Q1,Aespa,K-Pop,Mexico,Americas,446888,156410,290478,0.58,780.06,780.64,17339,18571,0.321,65,Rising
2022-02,2022,Q1,Fred Again..,Electronic,Colombia,Americas,2116104,634831,1481273,2.51,3481.41,3483.92,57053,24740,0.232,59,Declining
2022-02,2022,Q1,Coldplay,Rock,Colombia,Americas,751791,225537,526254,0.67,701.97,702.64,47199,27557,0.341,91,Stable
2022-02,2022,Q1,Wizkid,Afrobeats,Colombia,Americas,4056911,1217073,2839838,4.81,4367.49,4372.3,196859,143507,0.35,89,Rising
2022-02,2022,Q1,Brent Faiyaz,R&B,Colombia,Americas,4577782,1373334,3204448,4.79,5977.76,5982.55,217270,84026,0.18,100,Rising
2022-02,2022,Q1,The Weeknd,R&B/Pop,Colombia,Americas,4527010,1358103,3168907,4.62,8379.73,8384.35,321512,83658,0.257,89,Rising
2022-02,2022,Q1,Ed Sheeran,Pop,Colombia,Americas,6987384,2096215,4891169,7.71,10836.41,10844.12,263550,108053,0.256,100,Rising
2022-02,2022,Q1,J. Cole,Hip-Hop,Colombia,Americas,6790261,2037078,4753183,6.15,11238.37,11244.52,326538,225212,0.103,100,Stable
2022-02,2022,Q1,Ariana Grande,Pop,Colombia,Americas,1564992,469497,1095495,1.45,2225.74,2227.19,56426,67950,0.084,100,Stable
2022-02,2022,Q1,Brent Faiyaz,R&B,Nigeria,Africa,1621653,291897,1329756,0.77,2429.84,2430.61,80388,42441,0.223,100,Rising
2022-02,2022,Q1,Coldplay,Rock,Nigeria,Africa,476458,85762,390696,0.29,423.25,423.54,20896,19292,0.203,46,Stable
2022-02,2022,Q1,Miley Cyrus,Pop,Nigeria,Africa,2343403,421812,1921591,1.44,2404.1,2405.54,49250,95625,0.298,80,Stable
2022-02,2022,Q1,Lil Baby,Hip-Hop,Nigeria,Africa,362017,65163,296854,0.18,755.87,756.05,18490,8660,0.18,94,Declining
2022-02,2022,Q1,Burna Boy,Afrobeats,Nigeria,Africa,5774310,1039375,4734935,3.55,12756.49,12760.04,123660,265285,0.291,100,Rising
2022-02,2022,Q1,Paramore,Rock,Nigeria,Africa,1573485,283227,1290258,0.76,3611.32,3612.08,98512,74732,0.243,70,Stable
2022-02,2022,Q1,Nicki Minaj,Hip-Hop,Nigeria,Africa,1584288,285171,1299117,0.87,3871.91,3872.78,54419,49476,0.256,100,Stable
2022-02,2022,Q1,Davido,Afrobeats,Nigeria,Africa,7238176,1302871,5935305,3.74,8610.72,8614.46,229811,113148,0.248,100,Rising
2022-02,2022,Q1,Sza,R&B,South Africa,Africa,2697327,755251,1942076,3.45,3990.05,3993.5,200641,44654,0.254,100,Stable
2022-02,2022,Q1,Martin Garrix,Electronic,South Africa,Africa,1621060,453896,1167164,1.7,2264.27,2265.97,118999,62100,0.097,85,Rising
2022-02,2022,Q1,J. Cole,Hip-Hop,South Africa,Africa,417381,116866,300515,0.43,327.3,327.73,18756,9214,0.285,100,Stable
2022-02,2022,Q1,Newjeans,K-Pop,South Africa,Africa,1189118,332953,856165,1.16,1326.55,1327.71,81356,33755,0.228,71,Stable
2022-02,2022,Q1,Stray Kids,K-Pop,South Africa,Africa,758917,212496,546421,0.84,1527.44,1528.28,45884,11748,0.349,77,Declining
2022-02,2022,Q1,H.E.R.,R&B,South Africa,Africa,2998214,839499,2158715,2.96,4906.93,4909.89,149593,78753,0.337,100,Rising
2022-02,2022,Q1,Harry Styles,Pop,South Africa,Africa,2534358,709620,1824738,3.19,2467.39,2470.58,83221,26664,0.084,100,Stable
2022-02,2022,Q1,Billie Eilish,Pop,South Africa,Africa,2366441,662603,1703838,3.0,4975.67,4978.67,121369,116174,0.284,97,Declining
2022-02,2022,Q1,Rauw Alejandro,Latin,South Africa,Africa,1690338,473294,1217044,1.78,1781.85,1783.63,80281,69733,0.339,78,Stable
2022-02,2022,Q1,Dua Lipa,Pop,Kenya,Africa,2200975,330146,1870829,0.7,1904.65,1905.35,91168,103550,0.142,100,Rising
2022-02,2022,Q1,Taylor Swift,Pop,Kenya,Africa,1978269,296740,1681529,0.67,3412.44,3413.11,135504,39867,0.146,100,Stable
2022-02,2022,Q1,Davido,Afrobeats,Kenya,Africa,5815369,872305,4943064,1.92,7799.02,7800.94,255121,272050,0.348,100,Rising
2022-02,2022,Q1,Ed Sheeran,Pop,Kenya,Africa,2923289,438493,2484796,1.14,2935.65,2936.79,64186,35980,0.2,100,Rising
2022-02,2022,Q1,Martin Garrix,Electronic,Kenya,Africa,988037,148205,839832,0.34,1787.29,1787.63,41018,35831,0.145,85,Rising
2022-02,2022,Q1,J. Cole,Hip-Hop,Kenya,Africa,1608279,241241,1367038,0.52,3663.16,3663.68,104709,30794,0.338,100,Stable
2022-02,2022,Q1,Drake,Hip-Hop,Kenya,Africa,1515571,227335,1288236,0.64,2786.77,2787.41,70014,50322,0.22,100,Stable
2022-02,2022,Q1,Peso Pluma,Latin,Kenya,Africa,1289569,193435,1096134,0.47,3077.41,3077.88,91238,33577,0.286,65,Rising
2022-02,2022,Q1,Coldplay,Rock,Kenya,Africa,1336948,200542,1136406,0.46,2479.93,2480.39,41670,31100,0.311,54,Stable
2022-02,2022,Q1,Rauw Alejandro,Latin,Kenya,Africa,1796236,269435,1526801,0.63,4212.43,4213.06,85501,24791,0.303,61,Stable
2022-02,2022,Q1,Taylor Swift,Pop,Ghana,Africa,2670815,373914,2296901,0.93,5304.24,5305.17,77709,120281,0.226,100,Stable
2022-02,2022,Q1,Ariana Grande,Pop,Ghana,Africa,1947094,272593,1674501,0.6,3505.4,3506.0,101095,65455,0.097,99,Stable
2022-02,2022,Q1,Olivia Rodrigo,Pop,Ghana,Africa,1389841,194577,1195264,0.41,1922.46,1922.87,53142,26708,0.08,96,Rising
2022-02,2022,Q1,Frank Ocean,R&B,Ghana,Africa,3260683,456495,2804188,1.12,6397.11,6398.23,146589,131610,0.245,100,Rising
2022-02,2022,Q1,Miley Cyrus,Pop,Ghana,Africa,1527107,213794,1313313,0.46,1642.58,1643.04,61417,76327,0.19,92,Stable
2022-02,2022,Q1,Arctic Monkeys,Rock,Ghana,Africa,1901386,266194,1635192,0.63,3796.96,3797.59,46978,60425,0.272,89,Rising
2022-02,2022,Q1,Dua Lipa,Pop,Ghana,Africa,1254766,175667,1079099,0.46,1170.65,1171.11,45070,42740,0.16,100,Rising
2022-02,2022,Q1,Rema,Afrobeats,Ghana,Africa,4883674,683714,4199960,1.57,8474.6,8476.17,205880,231080,0.303,100,Rising
2022-02,2022,Q1,Twenty One Pilots,Rock,Ghana,Africa,274235,38392,235843,0.08,294.86,294.94,19478,6522,0.088,54,Stable
2022-02,2022,Q1,Coldplay,Rock,Ghana,Africa,1036863,145160,891703,0.32,2636.81,2637.13,74023,39449,0.276,50,Stable
2022-02,2022,Q1,Sza,R&B,Ghana,Africa,1069051,149667,919384,0.32,1806.59,1806.91,53880,27249,0.325,100,Stable
2022-02,2022,Q1,Rauw Alejandro,Latin,Ghana,Africa,1176635,164728,1011907,0.32,2436.06,2436.38,92031,32365,0.143,82,Stable
2022-02,2022,Q1,Dua Lipa,Pop,Japan,Asia,6782650,4069590,2713060,39.02,5647.15,5686.17,310480,151615,0.21,100,Rising
2022-02,2022,Q1,Wizkid,Afrobeats,Japan,Asia,4938003,2962801,1975202,28.56,3541.75,3570.31,137784,220293,0.122,93,Rising
2022-02,2022,Q1,Rema,Afrobeats,Japan,Asia,2237392,1342435,894957,13.95,1792.63,1806.58,54264,50373,0.333,78,Rising
2022-02,2022,Q1,Brent Faiyaz,R&B,Japan,Asia,413417,248050,165367,2.01,388.29,390.3,9554,13210,0.158,53,Rising
2022-02,2022,Q1,Asake,Afrobeats,Japan,Asia,1073071,643842,429229,6.91,798.83,805.74,77989,36720,0.147,52,Rising
2022-02,2022,Q1,Nicki Minaj,Hip-Hop,Japan,Asia,4205311,2523186,1682125,25.28,2800.59,2825.87,98383,104951,0.335,100,Stable
2022-02,2022,Q1,21 Savage,Hip-Hop,Japan,Asia,2695653,1617391,1078262,13.58,2762.5,2776.08,180921,91771,0.347,61,Declining
2022-02,2022,Q1,The Weeknd,R&B/Pop,Japan,Asia,5725127,3435076,2290051,37.3,2599.22,2636.52,292680,98326,0.342,84,Rising
2022-02,2022,Q1,Sza,R&B,Japan,Asia,3985963,2391577,1594386,20.58,3450.84,3471.42,128612,122720,0.1,75,Stable
2022-02,2022,Q1,Karol G,Latin,South Korea,Asia,2496605,1373132,1123473,11.13,2673.37,2684.5,71494,84421,0.126,81,Rising
2022-02,2022,Q1,Calvin Harris,Electronic,South Korea,Asia,2387333,1313033,1074300,11.11,2058.41,2069.52,60938,76717,0.253,95,Rising
2022-02,2022,Q1,Miley Cyrus,Pop,South Korea,Asia,2198930,1209411,989519,10.17,2387.97,2398.14,124460,49511,0.153,100,Stable
2022-02,2022,Q1,21 Savage,Hip-Hop,South Korea,Asia,2680761,1474418,1206343,10.43,2289.84,2300.27,152094,49656,0.334,57,Declining
2022-02,2022,Q1,Drake,Hip-Hop,South Korea,Asia,1578269,868047,710222,7.35,1676.28,1683.63,70215,16754,0.237,74,Stable
2022-02,2022,Q1,Kendrick Lamar,Hip-Hop,South Korea,Asia,4703279,2586803,2116476,18.94,5188.44,5207.38,268251,186138,0.138,94,Rising
2022-02,2022,Q1,Brent Faiyaz,R&B,South Korea,Asia,3252364,1788800,1463564,14.01,1734.69,1748.7,211088,151501,0.197,52,Rising
2022-02,2022,Q1,Doja Cat,Pop,South Korea,Asia,3992625,2195943,1796682,20.16,2620.18,2640.34,210860,147036,0.269,100,Stable
2022-02,2022,Q1,Fred Again..,Electronic,South Korea,Asia,212588,116923,95665,1.04,237.0,238.04,4427,4237,0.138,77,Declining
2022-02,2022,Q1,Davido,Afrobeats,South Korea,Asia,363358,199846,163512,1.53,302.42,303.95,11961,12311,0.241,87,Rising
2022-02,2022,Q1,Disclosure,Electronic,South Korea,Asia,2068240,1137532,930708,9.92,2462.62,2472.54,157108,65708,0.134,100,Rising
2022-02,2022,Q1,Frank Ocean,R&B,South Korea,Asia,3825257,2103891,1721366,19.27,2724.91,2744.18,253402,103663,0.136,71,Rising
2022-02,2022,Q1,Drake,Hip-Hop,India,Asia,1965715,432457,1533258,0.97,4169.92,4170.89,43443,81567,0.191,77,Stable
2022-02,2022,Q1,Frank Ocean,R&B,India,Asia,3951154,869253,3081901,1.69,5809.66,5811.35,232957,187487,0.097,71,Rising
2022-02,2022,Q1,The Weeknd,R&B/Pop,India,Asia,4737654,1042283,3695371,2.14,5181.64,5183.78,262532,124625,0.207,81,Rising
2022-02,2022,Q1,Bad Bunny,Latin,India,Asia,619553,136301,483252,0.26,1116.48,1116.74,22064,10148,0.123,70,Stable
2022-02,2022,Q1,Dua Lipa,Pop,India,Asia,2125925,467703,1658222,1.0,4047.94,4048.94,147941,59202,0.298,100,Rising
2022-02,2022,Q1,Blackpink,K-Pop,India,Asia,14537882,3198334,11339548,6.47,17120.05,17126.52,938447,189943,0.316,100,Rising
2022-02,2022,Q1,Post Malone,Hip-Hop,India,Asia,5465356,1202378,4262978,2.6,9653.23,9655.83,231792,114007,0.143,84,Declining
2022-02,2022,Q1,Travis Scott,Hip-Hop,India,Asia,4666335,1026593,3639742,2.08,7302.29,7304.37,147604,206964,0.263,100,Declining
2022-02,2022,Q1,Bts,K-Pop,India,Asia,10993329,2418532,8574797,4.69,8802.05,8806.74,415070,311854,0.191,100,Stable
2022-02,2022,Q1,Asake,Afrobeats,India,Asia,678359,149238,529121,0.26,704.03,704.29,13648,26286,0.278,54,Rising
2022-02,2022,Q1,Post Malone,Hip-Hop,Indonesia,Asia,4510507,902101,3608406,2.14,6597.62,6599.76,288423,204174,0.113,90,Declining
2022-02,2022,Q1,Brent Faiyaz,R&B,Indonesia,Asia,1339457,267891,1071566,0.67,2374.06,2374.73,46507,16487,0.186,51,Rising
2022-02,2022,Q1,Doja Cat,Pop,Indonesia,Asia,8637883,1727576,6910307,4.45,14606.71,14611.16,388242,234585,0.226,100,Stable
2022-02,2022,Q1,Fred Again..,Electronic,Indonesia,Asia,4134771,826954,3307817,2.06,6033.18,6035.24,298661,145778,0.224,74,Declining
2022-02,2022,Q1,Travis Scott,Hip-Hop,Indonesia,Asia,321007,64201,256806,0.18,482.33,482.51,25303,9787,0.111,100,Declining
2022-02,2022,Q1,J Balvin,Latin,Indonesia,Asia,3196114,639222,2556892,1.6,4700.96,4702.56,67397,133310,0.099,64,Rising
2022-02,2022,Q1,Davido,Afrobeats,Indonesia,Asia,4204380,840876,3363504,1.92,8170.9,8172.82,306473,165033,0.268,95,Rising
2022-02,2022,Q1,Lil Baby,Hip-Hop,Indonesia,Asia,947205,189441,757764,0.52,1492.94,1493.46,37904,39462,0.202,58,Declining
2022-02,2022,Q1,Olivia Rodrigo,Pop,Indonesia,Asia,5630441,1126088,4504353,2.39,8195.57,8197.96,331444,59797,0.156,100,Rising
2022-02,2022,Q1,Martin Garrix,Electronic,Indonesia,Asia,1235446,247089,988357,0.62,2901.95,2902.57,29643,44392,0.1,100,Rising
2022-02,2022,Q1,Disclosure,Electronic,Argentina,Latam,440064,140820,299244,0.53,633.83,634.36,17281,8275,0.175,69,Rising
2022-02,2022,Q1,Newjeans,K-Pop,Argentina,Latam,1397557,447218,950339,1.42,1652.61,1654.03,31751,33538,0.331,59,Stable
2022-02,2022,Q1,J Balvin,Latin,Argentina,Latam,7258436,2322699,4935737,7.6,4988.19,4995.79,495531,296959,0.228,100,Rising
2022-02,2022,Q1,Sza,R&B,Argentina,Latam,801794,256574,545220,0.92,1364.95,1365.87,54666,24631,0.118,81,Stable
2022-02,2022,Q1,Arctic Monkeys,Rock,Argentina,Latam,412795,132094,280701,0.42,652.62,653.04,16849,10580,0.123,91,Rising
2022-02,2022,Q1,Davido,Afrobeats,Argentina,Latam,1296809,414978,881831,1.43,2449.95,2451.38,70972,45771,0.122,44,Rising
2022-02,2022,Q1,Doja Cat,Pop,Argentina,Latam,2846251,910800,1935451,2.89,4213.5,4216.39,88582,96746,0.313,100,Stable
2022-02,2022,Q1,Ariana Grande,Pop,Argentina,Latam,3620008,1158402,2461606,3.45,2840.55,2844.0,223605,91629,0.302,100,Stable
2022-02,2022,Q1,J. Cole,Hip-Hop,Argentina,Latam,3362818,1076101,2286717,3.59,4725.51,4729.1,195735,134275,0.141,100,Stable
2022-02,2022,Q1,Kendrick Lamar,Hip-Hop,Argentina,Latam,1711770,547766,1164004,1.91,1673.18,1675.09,95376,35237,0.259,100,Rising
2022-02,2022,Q1,J. Cole,Hip-Hop,Chile,Latam,891499,303109,588390,1.21,1514.17,1515.38,59213,35582,0.121,100,Stable
2022-02,2022,Q1,Dua Lipa,Pop,Chile,Latam,1807759,614638,1193121,1.84,3291.07,3292.91,62555,58378,0.091,100,Rising
2022-02,2022,Q1,The Weeknd,R&B/Pop,Chile,Latam,2197854,747270,1450584,2.37,2942.37,2944.74,141044,60346,0.26,82,Rising
2022-02,2022,Q1,Paramore,Rock,Chile,Latam,883362,300343,583019,1.07,661.44,662.51,22698,44128,0.168,78,Stable
2022-02,2022,Q1,Rauw Alejandro,Latin,Chile,Latam,12464044,4237774,8226270,12.6,15890.29,15902.89,676420,276218,0.166,100,Stable
2022-02,2022,Q1,Asake,Afrobeats,Chile,Latam,795814,270576,525238,1.02,1120.0,1121.02,30851,28787,0.143,24,Rising
2022-02,2022,Q1,Tyla,Afrobeats,Chile,Latam,257891,87682,170209,0.33,183.46,183.79,18110,8969,0.232,42,Rising
2022-02,2022,Q1,Sza,R&B,Chile,Latam,168195,57186,111009,0.19,126.4,126.59,9805,6613,0.263,74,Stable
2022-02,2022,Q1,Frank Ocean,R&B,Chile,Latam,567255,192866,374389,0.69,1069.39,1070.08,42968,13430,0.222,62,Rising
2022-02,2022,Q1,Newjeans,K-Pop,Chile,Latam,2482524,844058,1638466,2.94,4460.05,4462.99,118341,118161,0.216,80,Stable
2022-02,2022,Q1,Ariana Grande,Pop,Chile,Latam,819724,278706,541018,1.02,944.75,945.77,62710,13684,0.215,100,Stable
2022-02,2022,Q1,Bad Bunny,Latin,Chile,Latam,3846584,1307838,2538746,3.98,5355.17,5359.15,249518,163134,0.192,100,Stable
2022-03,2022,Q1,Travis Scott,Hip-Hop,Netherlands,Europe,6467669,4398014,2069655,46.15,5535.78,5581.93,195218,69629,0.29,100,Declining
2022-03,2022,Q1,J. Cole,Hip-Hop,Netherlands,Europe,2521476,1714603,806873,16.9,1913.42,1930.32,188134,89666,0.337,100,Stable
2022-03,2022,Q1,Dua Lipa,Pop,Netherlands,Europe,9033390,6142705,2890685,63.99,3344.86,3408.85,582056,124627,0.24,100,Rising
2022-03,2022,Q1,Rauw Alejandro,Latin,Netherlands,Europe,2317790,1576097,741693,13.78,1641.88,1655.66,168870,105034,0.258,79,Stable
2022-03,2022,Q1,Taylor Swift,Pop,Netherlands,Europe,6932827,4714322,2218505,49.69,3884.34,3934.03,471462,314634,0.114,100,Stable
2022-03,2022,Q1,Aespa,K-Pop,Netherlands,Europe,3104093,2110783,993310,21.74,2223.01,2244.75,237296,127380,0.115,65,Rising
2022-03,2022,Q1,Arctic Monkeys,Rock,Netherlands,Europe,7259493,4936455,2323038,54.0,6284.04,6338.04,553738,97307,0.184,100,Rising
2022-03,2022,Q1,Brent Faiyaz,R&B,Netherlands,Europe,1880890,1279005,601885,12.66,925.17,937.83,49013,31410,0.12,72,Rising
2022-03,2022,Q1,Rema,Afrobeats,Netherlands,Europe,1145603,779010,366593,7.64,570.69,578.33,77783,26406,0.161,71,Rising
2022-03,2022,Q1,Frank Ocean,R&B,Netherlands,Europe,3932809,2674310,1258499,25.64,2148.75,2174.39,150031,192766,0.126,86,Rising
2022-03,2022,Q1,Olivia Rodrigo,Pop,Netherlands,Europe,4024450,2736626,1287824,30.33,1686.86,1717.19,100467,118244,0.162,100,Rising
2022-03,2022,Q1,Davido,Afrobeats,Netherlands,Europe,3281723,2231571,1050152,22.15,2689.56,2711.71,125419,73732,0.081,86,Rising
2022-03,2022,Q1,Tyla,Afrobeats,United Kingdom,Europe,2405014,1563259,841755,15.43,1357.69,1373.12,166770,29531,0.193,83,Rising
2022-03,2022,Q1,Fred Again..,Electronic,United Kingdom,Europe,1045658,679677,365981,6.89,1091.92,1098.81,62584,18790,0.092,100,Declining
2022-03,2022,Q1,Ariana Grande,Pop,United Kingdom,Europe,7368192,4789324,2578868,53.44,4494.8,4548.24,233645,217919,0.28,100,Stable
2022-03,2022,Q1,Wizkid,Afrobeats,United Kingdom,Europe,2759242,1793507,965735,18.77,1191.74,1210.51,187581,41193,0.269,95,Rising
2022-03,2022,Q1,Newjeans,K-Pop,United Kingdom,Europe,784928,510203,274725,5.69,724.1,729.79,39724,30965,0.218,71,Stable
2022-03,2022,Q1,Frank Ocean,R&B,United Kingdom,Europe,3369875,2190418,1179457,22.23,2057.38,2079.61,201181,52734,0.234,75,Rising
2022-03,2022,Q1,Karol G,Latin,United Kingdom,Europe,3252391,2114054,1138337,19.11,3018.21,3037.32,120801,153138,0.342,75,Rising
2022-03,2022,Q1,Brent Faiyaz,R&B,United Kingdom,Europe,2829793,1839365,990428,17.01,2850.24,2867.25,208383,66497,0.277,66,Rising
2022-03,2022,Q1,J Balvin,Latin,United Kingdom,Europe,1335137,867839,467298,9.12,673.38,682.5,44182,60031,0.147,61,Rising
2022-03,2022,Q1,Burna Boy,Afrobeats,United Kingdom,Europe,3428190,2228323,1199867,22.93,1328.29,1351.22,146012,66103,0.152,76,Rising
2022-03,2022,Q1,Coldplay,Rock,United Kingdom,Europe,180533,117346,63187,1.17,179.54,180.71,4044,3910,0.136,96,Stable
2022-03,2022,Q1,Ed Sheeran,Pop,United Kingdom,Europe,4832467,3141103,1691364,26.73,4304.58,4331.31,300334,167252,0.285,100,Rising
2022-03,2022,Q1,Karol G,Latin,Germany,Europe,3736466,2615526,1120940,28.24,2012.91,2041.15,260256,62878,0.088,71,Rising
2022-03,2022,Q1,Fred Again..,Electronic,Germany,Europe,2374695,1662286,712409,17.18,2009.86,2027.04,120138,71362,0.094,100,Declining
2022-03,2022,Q1,Bad Bunny,Latin,Germany,Europe,4605945,3224161,1381784,36.35,4135.4,4171.75,312100,184925,0.138,80,Stable
2022-03,2022,Q1,Sza,R&B,Germany,Europe,2006155,1404308,601847,15.78,829.51,845.29,151147,75882,0.245,83,Stable
2022-03,2022,Q1,Kendrick Lamar,Hip-Hop,Germany,Europe,1121592,785114,336478,6.96,856.52,863.48,38376,41606,0.233,100,Rising
2022-03,2022,Q1,Calvin Harris,Electronic,Germany,Europe,9461089,6622762,2838327,56.62,7532.12,7588.74,487096,387997,0.143,100,Rising
2022-03,2022,Q1,Imagine Dragons,Rock,Germany,Europe,7107310,4975117,2132193,46.63,2309.16,2355.79,413827,240878,0.256,100,Stable
2022-03,2022,Q1,Wizkid,Afrobeats,Germany,Europe,3773941,2641758,1132183,29.93,3135.82,3165.75,242830,79624,0.156,100,Rising
2022-03,2022,Q1,J Balvin,Latin,Germany,Europe,1263010,884107,378903,8.95,641.78,650.73,58273,52767,0.155,59,Rising
2022-03,2022,Q1,Taylor Swift,Pop,Sweden,Europe,5466601,3935952,1530649,36.2,4566.53,4602.73,286778,270016,0.334,100,Stable
2022-03,2022,Q1,Wizkid,Afrobeats,Sweden,Europe,4431692,3190818,1240874,30.86,3003.24,3034.1,161211,104840,0.201,100,Rising
2022-03,2022,Q1,Burna Boy,Afrobeats,Sweden,Europe,983215,707914,275301,7.36,639.75,647.11,63978,39480,0.236,83,Rising
2022-03,2022,Q1,Nicki Minaj,Hip-Hop,Sweden,Europe,2601281,1872922,728359,22.25,1870.73,1892.98,124194,116013,0.147,100,Stable
2022-03,2022,Q1,Rauw Alejandro,Latin,Sweden,Europe,2698736,1943089,755647,22.8,2129.68,2152.48,104799,101586,0.153,93,Stable
2022-03,2022,Q1,Twenty One Pilots,Rock,Sweden,Europe,2829776,2037438,792338,22.04,2160.13,2182.17,196244,47918,0.211,99,Stable
2022-03,2022,Q1,Paramore,Rock,Sweden,Europe,1823020,1312574,510446,12.27,1259.66,1271.93,105615,60787,0.185,100,Stable
2022-03,2022,Q1,Tyla,Afrobeats,Sweden,Europe,997749,718379,279370,8.06,647.39,655.45,75722,42742,0.233,84,Rising
2022-03,2022,Q1,Bts,K-Pop,Sweden,Europe,810793,583770,227023,6.24,655.03,661.27,20240,16343,0.291,76,Stable
2022-03,2022,Q1,Peso Pluma,Latin,Sweden,Europe,1415740,1019332,396408,9.47,1173.82,1183.29,46552,17964,0.241,81,Rising
2022-03,2022,Q1,Disclosure,Electronic,Sweden,Europe,8291371,5969787,2321584,69.45,3357.3,3426.75,600183,344752,0.282,100,Rising
2022-03,2022,Q1,Frank Ocean,R&B,Sweden,Europe,1189861,856699,333162,9.78,354.34,364.12,79629,23324,0.119,73,Rising
2022-03,2022,Q1,Blackpink,K-Pop,France,Europe,1240992,769415,471577,7.59,685.22,692.81,70535,24961,0.236,90,Rising
2022-03,2022,Q1,Drake,Hip-Hop,France,Europe,3138872,1946100,1192772,16.97,3329.94,3346.91,212300,51264,0.094,99,Stable
2022-03,2022,Q1,Fred Again..,Electronic,France,Europe,7547956,4679732,2868224,46.28,5633.95,5680.23,531787,142275,0.183,100,Declining
2022-03,2022,Q1,Billie Eilish,Pop,France,Europe,3780029,2343617,1436412,23.13,2307.7,2330.83,287105,55739,0.332,100,Declining
2022-03,2022,Q1,Burna Boy,Afrobeats,France,Europe,2769468,1717070,1052398,19.4,1708.68,1728.08,96893,100161,0.247,74,Rising
2022-03,2022,Q1,Newjeans,K-Pop,France,Europe,881869,546758,335111,4.75,615.04,619.79,23794,30434,0.333,74,Stable
2022-03,2022,Q1,Martin Garrix,Electronic,France,Europe,3876836,2403638,1473198,22.08,3480.73,3502.81,296232,46023,0.166,100,Rising
2022-03,2022,Q1,Calvin Harris,Electronic,France,Europe,5155967,3196699,1959268,28.16,3349.95,3378.11,230937,190940,0.258,100,Rising
2022-03,2022,Q1,Davido,Afrobeats,France,Europe,1129688,700406,429282,7.12,454.31,461.43,84088,18358,0.139,91,Rising
2022-03,2022,Q1,Frank Ocean,R&B,France,Europe,288181,178672,109509,1.64,219.55,221.19,18411,13926,0.14,88,Rising
2022-03,2022,Q1,21 Savage,Hip-Hop,France,Europe,2656795,1647212,1009583,15.86,1648.82,1664.68,98678,36278,0.165,71,Declining
2022-03,2022,Q1,Wizkid,Afrobeats,France,Europe,543573,337015,206558,3.31,575.72,579.03,32333,5610,0.335,93,Rising
2022-03,2022,Q1,Travis Scott,Hip-Hop,Ireland,Europe,5711876,3655600,2056276,41.07,3089.22,3130.29,403559,167705,0.219,100,Declining
2022-03,2022,Q1,Miley Cyrus,Pop,Ireland,Europe,427620,273676,153944,3.05,326.18,329.23,29809,16469,0.268,100,Stable
2022-03,2022,Q1,Doja Cat,Pop,Ireland,Europe,1795471,1149101,646370,12.71,1706.97,1719.68,83371,27463,0.183,100,Stable
2022-03,2022,Q1,Dua Lipa,Pop,Ireland,Europe,5381444,3444124,1937320,39.54,2677.89,2717.43,256043,146587,0.162,100,Rising
2022-03,2022,Q1,21 Savage,Hip-Hop,Ireland,Europe,2668515,1707849,960666,15.64,1550.93,1566.57,140864,71216,0.123,74,Declining
2022-03,2022,Q1,Blackpink,K-Pop,Ireland,Europe,3502582,2241652,1260930,24.39,3087.34,3111.73,215143,82737,0.297,86,Rising
2022-03,2022,Q1,Calvin Harris,Electronic,Ireland,Europe,9314372,5961198,3353174,53.53,4921.2,4974.73,199536,404224,0.343,100,Rising
2022-03,2022,Q1,Olivia Rodrigo,Pop,Ireland,Europe,3183302,2037313,1145989,19.0,1228.34,1247.34,240705,59043,0.193,100,Rising
2022-03,2022,Q1,Bts,K-Pop,Ireland,Europe,1717141,1098970,618171,12.45,1584.52,1596.97,66663,34196,0.268,80,Stable
2022-03,2022,Q1,Martin Garrix,Electronic,Spain,Europe,8552505,4703877,3848628,47.61,5967.21,6014.82,535098,178402,0.324,100,Rising
2022-03,2022,Q1,Imagine Dragons,Rock,Spain,Europe,6097119,3353415,2743704,32.76,7311.22,7343.98,416670,115679,0.141,100,Stable
2022-03,2022,Q1,Travis Scott,Hip-Hop,Spain,Europe,6467812,3557296,2910516,32.27,3204.82,3237.09,372464,139013,0.156,100,Declining
2022-03,2022,Q1,Frank Ocean,R&B,Spain,Europe,3455991,1900795,1555196,18.95,2930.32,2949.27,138461,89105,0.223,75,Rising
2022-03,2022,Q1,Bad Bunny,Latin,Spain,Europe,3397489,1868618,1528871,20.12,1999.46,2019.58,98374,70419,0.177,82,Stable
2022-03,2022,Q1,Stray Kids,K-Pop,Spain,Europe,353030,194166,158864,2.13,344.68,346.81,14210,14867,0.147,84,Declining
2022-03,2022,Q1,J Balvin,Latin,Spain,Europe,2142390,1178314,964076,13.17,1537.29,1550.46,72411,56670,0.145,67,Rising
2022-03,2022,Q1,21 Savage,Hip-Hop,Spain,Europe,1628848,895866,732982,9.07,887.78,896.85,37003,59054,0.224,72,Declining
2022-03,2022,Q1,Miley Cyrus,Pop,Spain,Europe,5729752,3151363,2578389,27.53,7696.91,7724.44,168294,283833,0.344,100,Stable
2022-03,2022,Q1,Taylor Swift,Pop,Spain,Europe,12212237,6716730,5495507,67.24,12506.7,12573.94,966115,497284,0.197,100,Stable
2022-03,2022,Q1,The Weeknd,R&B/Pop,Spain,Europe,2532371,1392804,1139567,14.18,3078.14,3092.32,81268,119976,0.266,99,Rising
2022-03,2022,Q1,Post Malone,Hip-Hop,Italy,Europe,2059995,1071197,988798,11.03,2024.27,2035.3,72542,59406,0.213,100,Declining
2022-03,2022,Q1,Kendrick Lamar,Hip-Hop,Italy,Europe,6148849,3197401,2951448,34.48,4445.04,4479.52,442309,86783,0.114,100,Rising
2022-03,2022,Q1,Frank Ocean,R&B,Italy,Europe,1460742,759585,701157,6.76,913.99,920.75,107181,69760,0.287,73,Rising
2022-03,2022,Q1,Aespa,K-Pop,Italy,Europe,1008526,524433,484093,4.89,1228.22,1233.11,33862,38015,0.143,68,Rising
2022-03,2022,Q1,Bts,K-Pop,Italy,Europe,780542,405881,374661,3.52,472.8,476.32,43991,34326,0.092,84,Stable
2022-03,2022,Q1,Harry Styles,Pop,Italy,Europe,553676,287911,265765,2.96,484.42,487.38,15272,6153,0.248,100,Stable
2022-03,2022,Q1,Coldplay,Rock,Italy,Europe,2839941,1476769,1363172,15.33,2525.68,2541.01,150200,48238,0.16,100,Stable
2022-03,2022,Q1,21 Savage,Hip-Hop,Italy,Europe,3954194,2056180,1898014,22.43,4145.33,4167.76,118444,43446,0.178,80,Declining
2022-03,2022,Q1,Ariana Grande,Pop,Italy,Europe,8074475,4198727,3875748,39.94,10985.95,11025.89,358469,127021,0.273,100,Stable
2022-03,2022,Q1,Sza,R&B,Italy,Europe,4195171,2181488,2013683,25.03,4452.18,4477.21,161401,182495,0.246,92,Stable
2022-03,2022,Q1,Ed Sheeran,Pop,Italy,Europe,7394582,3845182,3549400,35.79,5096.17,5131.96,441531,261387,0.24,100,Rising
2022-03,2022,Q1,Fred Again..,Electronic,United States,Americas,1684641,977091,707550,12.04,1892.36,1904.4,46567,25355,0.3,58,Declining
2022-03,2022,Q1,Aespa,K-Pop,United States,Americas,2733585,1585479,1148106,16.47,3201.53,3218.0,160445,58854,0.161,74,Rising
2022-03,2022,Q1,Coldplay,Rock,United States,Americas,3576997,2074658,1502339,21.82,2266.97,2288.79,74307,113075,0.31,80,Stable
2022-03,2022,Q1,Paramore,Rock,United States,Americas,4364292,2531289,1833003,24.36,3845.17,3869.53,186786,149631,0.185,100,Stable
2022-03,2022,Q1,Tyla,Afrobeats,United States,Americas,4042209,2344481,1697728,22.97,1972.89,1995.86,282078,198358,0.189,74,Rising
2022-03,2022,Q1,Peso Pluma,Latin,United States,Americas,1546030,896697,649333,9.32,1284.43,1293.75,110654,52088,0.268,100,Rising
2022-03,2022,Q1,Calvin Harris,Electronic,United States,Americas,3985680,2311694,1673986,26.0,3995.54,4021.54,247258,159980,0.316,63,Rising
2022-03,2022,Q1,Newjeans,K-Pop,United States,Americas,358996,208217,150779,2.48,353.94,356.42,23711,8006,0.213,73,Stable
2022-03,2022,Q1,Rauw Alejandro,Latin,United States,Americas,8352239,4844298,3507941,47.26,10267.6,10314.86,221189,243381,0.238,100,Stable
2022-03,2022,Q1,H.E.R.,R&B,United States,Americas,5578376,3235458,2342918,39.1,6913.82,6952.92,270271,70665,0.093,100,Rising
2022-03,2022,Q1,Brent Faiyaz,R&B,United States,Americas,1288062,747075,540987,7.65,972.88,980.53,72022,46522,0.122,100,Rising
2022-03,2022,Q1,Brent Faiyaz,R&B,Brazil,Americas,1237285,470168,767117,2.25,1750.51,1752.76,59353,21773,0.269,100,Rising
2022-03,2022,Q1,Blackpink,K-Pop,Brazil,Americas,2170774,824894,1345880,4.15,3317.29,3321.44,163777,106383,0.305,90,Rising
2022-03,2022,Q1,Peso Pluma,Latin,Brazil,Americas,3390779,1288496,2102283,6.23,5282.0,5288.23,160217,89825,0.332,100,Rising
2022-03,2022,Q1,J. Cole,Hip-Hop,Brazil,Americas,11755550,4467109,7288441,22.82,12326.58,12349.4,810500,337021,0.101,100,Stable
2022-03,2022,Q1,21 Savage,Hip-Hop,Brazil,Americas,4880555,1854610,3025945,10.64,5759.82,5770.46,201487,127031,0.111,100,Declining
2022-03,2022,Q1,Martin Garrix,Electronic,Brazil,Americas,5379468,2044197,3335271,10.55,7447.18,7457.73,255237,139209,0.203,90,Rising
2022-03,2022,Q1,Lil Baby,Hip-Hop,Brazil,Americas,9675318,3676620,5998698,20.85,7815.49,7836.34,470655,329660,0.237,100,Declining
2022-03,2022,Q1,Aespa,K-Pop,Brazil,Americas,3098721,1177513,1921208,5.68,2546.22,2551.9,198510,56871,0.096,68,Rising
2022-03,2022,Q1,Stray Kids,K-Pop,Brazil,Americas,2221359,844116,1377243,4.02,3589.13,3593.15,116436,29257,0.233,83,Declining
2022-03,2022,Q1,Lil Baby,Hip-Hop,Mexico,Americas,7132481,2496368,4636113,11.09,9813.28,9824.37,514938,177326,0.246,100,Declining
2022-03,2022,Q1,Peso Pluma,Latin,Mexico,Americas,3288540,1150989,2137551,4.71,5679.21,5683.92,81592,95609,0.25,100,Rising
2022-03,2022,Q1,Olivia Rodrigo,Pop,Mexico,Americas,7431624,2601068,4830556,10.93,7952.06,7962.99,589067,171130,0.186,100,Rising
2022-03,2022,Q1,Burna Boy,Afrobeats,Mexico,Americas,5400423,1890148,3510275,7.37,10500.2,10507.57,111408,247353,0.12,83,Rising
2022-03,2022,Q1,21 Savage,Hip-Hop,Mexico,Americas,1119475,391816,727659,1.79,853.01,854.8,77090,23747,0.116,100,Declining
2022-03,2022,Q1,Brent Faiyaz,R&B,Mexico,Americas,1391279,486947,904332,1.72,1134.21,1135.93,43626,39475,0.283,100,Rising
2022-03,2022,Q1,Davido,Afrobeats,Mexico,Americas,5817674,2036185,3781489,8.91,10031.09,10040.0,321601,140346,0.296,93,Rising
2022-03,2022,Q1,Tyla,Afrobeats,Mexico,Americas,5315022,1860257,3454765,7.35,6532.18,6539.53,110945,105747,0.314,78,Rising
2022-03,2022,Q1,Arctic Monkeys,Rock,Mexico,Americas,10033696,3511793,6521903,14.54,13977.84,13992.38,311950,124252,0.243,100,Rising
2022-03,2022,Q1,Ed Sheeran,Pop,Colombia,Americas,4454521,1336356,3118165,4.72,5449.36,5454.08,256223,46744,0.119,100,Rising
2022-03,2022,Q1,Miley Cyrus,Pop,Colombia,Americas,5535245,1660573,3874672,5.02,6957.31,6962.33,280650,162358,0.183,100,Stable
2022-03,2022,Q1,Post Malone,Hip-Hop,Colombia,Americas,11561680,3468504,8093176,10.51,9244.93,9255.44,629324,377381,0.317,100,Declining
2022-03,2022,Q1,Bad Bunny,Latin,Colombia,Americas,10455689,3136706,7318983,9.63,7964.02,7973.65,325345,330930,0.254,100,Stable
2022-03,2022,Q1,Giveon,R&B,Colombia,Americas,7008426,2102527,4905899,7.24,9336.57,9343.81,534151,345944,0.295,100,Rising
2022-03,2022,Q1,Nicki Minaj,Hip-Hop,Colombia,Americas,2198197,659459,1538738,2.2,4583.92,4586.12,134219,105423,0.118,100,Stable
2022-03,2022,Q1,Olivia Rodrigo,Pop,Colombia,Americas,9495178,2848553,6646625,10.46,8904.78,8915.24,221474,220723,0.287,100,Rising
2022-03,2022,Q1,Karol G,Latin,Colombia,Americas,8286777,2486033,5800744,8.25,7855.16,7863.41,214672,399992,0.242,100,Rising
2022-03,2022,Q1,Davido,Afrobeats,Nigeria,Africa,7382215,1328798,6053417,3.96,8105.57,8109.53,170222,256171,0.136,100,Rising
2022-03,2022,Q1,Arctic Monkeys,Rock,Nigeria,Africa,2191584,394485,1797099,1.28,3367.95,3369.23,126377,78674,0.308,92,Rising
2022-03,2022,Q1,Bts,K-Pop,Nigeria,Africa,2200965,396173,1804792,1.3,2615.71,2617.01,96754,58076,0.344,74,Stable
2022-03,2022,Q1,Karol G,Latin,Nigeria,Africa,548827,98788,450039,0.32,695.45,695.77,35066,13657,0.221,55,Rising
2022-03,2022,Q1,Harry Styles,Pop,Nigeria,Africa,943691,169864,773827,0.54,990.48,991.02,42418,30144,0.189,100,Stable
2022-03,2022,Q1,Nicki Minaj,Hip-Hop,Nigeria,Africa,3652850,657513,2995337,2.04,7601.69,7603.73,290930,38147,0.277,100,Stable
2022-03,2022,Q1,Frank Ocean,R&B,Nigeria,Africa,3050023,549004,2501019,1.88,3543.02,3544.9,126046,112145,0.211,100,Rising
2022-03,2022,Q1,Bad Bunny,Latin,Nigeria,Africa,125177,22531,102646,0.06,152.7,152.76,7429,2247,0.165,60,Stable
2022-03,2022,Q1,Twenty One Pilots,Rock,Nigeria,Africa,772879,139118,633761,0.36,1083.52,1083.88,51638,25161,0.151,55,Stable
2022-03,2022,Q1,Doja Cat,Pop,Nigeria,Africa,1725119,310521,1414598,0.84,2866.47,2867.31,48010,47650,0.166,100,Stable
2022-03,2022,Q1,Imagine Dragons,Rock,Nigeria,Africa,2110902,379962,1730940,1.14,2728.6,2729.74,43036,63009,0.157,82,Stable
2022-03,2022,Q1,Blackpink,K-Pop,South Africa,Africa,749207,209777,539430,0.95,727.59,728.54,36185,10231,0.249,94,Rising
2022-03,2022,Q1,Taylor Swift,Pop,South Africa,Africa,560397,156911,403486,0.65,625.84,626.49,27835,8331,0.239,100,Stable
2022-03,2022,Q1,Asake,Afrobeats,South Africa,Africa,2608589,730404,1878185,3.13,5307.91,5311.04,141717,44949,0.153,100,Rising
2022-03,2022,Q1,Wizkid,Afrobeats,South Africa,Africa,6231279,1744758,4486521,7.08,9762.59,9769.67,284083,215707,0.102,100,Rising
2022-03,2022,Q1,Bad Bunny,Latin,South Africa,Africa,1265973,354472,911501,1.51,1966.98,1968.49,26429,30908,0.243,60,Stable
2022-03,2022,Q1,Karol G,Latin,South Africa,Africa,550665,154186,396479,0.67,1136.11,1136.78,11678,8893,0.319,60,Rising
2022-03,2022,Q1,Arctic Monkeys,Rock,South Africa,Africa,735383,205907,529476,0.87,1516.14,1517.01,58696,28537,0.158,100,Rising
2022-03,2022,Q1,Disclosure,Electronic,South Africa,Africa,1752819,490789,1262030,1.7,1609.42,1611.12,35154,80855,0.087,65,Rising
2022-03,2022,Q1,Paramore,Rock,South Africa,Africa,400848,112237,288611,0.41,726.17,726.58,26295,9020,0.191,65,Stable
2022-03,2022,Q1,Post Malone,Hip-Hop,South Africa,Africa,648414,181555,466859,0.63,827.22,827.85,27516,29471,0.121,100,Declining
2022-03,2022,Q1,Stray Kids,K-Pop,South Africa,Africa,1168573,327200,841373,1.4,1809.05,1810.45,37872,35265,0.164,75,Declining
2022-03,2022,Q1,Lil Baby,Hip-Hop,Kenya,Africa,479692,71953,407739,0.19,732.53,732.72,9789,14839,0.329,100,Declining
2022-03,2022,Q1,Rauw Alejandro,Latin,Kenya,Africa,485655,72848,412807,0.2,1153.38,1153.58,34368,8407,0.338,77,Stable
2022-03,2022,Q1,Stray Kids,K-Pop,Kenya,Africa,1925824,288873,1636951,0.79,1906.74,1907.53,107842,56669,0.227,83,Declining
2022-03,2022,Q1,Doja Cat,Pop,Kenya,Africa,106243,15936,90307,0.04,254.99,255.03,2746,4688,0.169,100,Stable
2022-03,2022,Q1,Bad Bunny,Latin,Kenya,Africa,1151179,172676,978503,0.38,1589.21,1589.59,78445,51177,0.117,74,Stable
2022-03,2022,Q1,Davido,Afrobeats,Kenya,Africa,2802896,420434,2382462,0.96,6878.52,6879.48,202579,60479,0.291,100,Rising
2022-03,2022,Q1,J Balvin,Latin,Kenya,Africa,428091,64213,363878,0.17,857.1,857.27,15042,19230,0.126,48,Rising
2022-03,2022,Q1,Drake,Hip-Hop,Kenya,Africa,2466593,369988,2096605,0.81,2912.33,2913.14,170769,91426,0.252,100,Stable
2022-03,2022,Q1,Bts,K-Pop,Kenya,Africa,851895,127784,724111,0.33,1391.59,1391.92,59396,36786,0.272,71,Stable
2022-03,2022,Q1,Calvin Harris,Electronic,Ghana,Africa,334198,46787,287411,0.11,817.51,817.62,9531,7409,0.118,64,Rising
2022-03,2022,Q1,Arctic Monkeys,Rock,Ghana,Africa,1300748,182104,1118644,0.36,1901.24,1901.6,93328,25134,0.268,99,Rising
2022-03,2022,Q1,Doja Cat,Pop,Ghana,Africa,2362081,330691,2031390,0.82,3628.56,3629.38,66977,24633,0.227,100,Stable
2022-03,2022,Q1,J Balvin,Latin,Ghana,Africa,492413,68937,423476,0.15,864.35,864.5,22867,22255,0.216,52,Rising
2022-03,2022,Q1,Twenty One Pilots,Rock,Ghana,Africa,715168,100123,615045,0.22,1198.12,1198.34,33667,32015,0.223,53,Stable
2022-03,2022,Q1,Imagine Dragons,Rock,Ghana,Africa,870585,121881,748704,0.25,1976.96,1977.21,51299,23295,0.204,80,Stable
2022-03,2022,Q1,H.E.R.,R&B,Ghana,Africa,891603,124824,766779,0.3,1911.37,1911.67,34499,39075,0.15,100,Rising
2022-03,2022,Q1,Billie Eilish,Pop,Ghana,Africa,1948097,272733,1675364,0.57,3078.3,3078.87,64634,19498,0.327,100,Declining
2022-03,2022,Q1,Rauw Alejandro,Latin,Ghana,Africa,818651,114611,704040,0.28,1937.79,1938.07,51875,15778,0.271,74,Stable
2022-03,2022,Q1,Bts,K-Pop,Japan,Asia,7587350,4552410,3034940,45.94,4458.32,4504.26,492895,354432,0.109,100,Stable
2022-03,2022,Q1,Kendrick Lamar,Hip-Hop,Japan,Asia,944730,566838,377892,4.64,674.02,678.66,64377,22342,0.2,97,Rising
2022-03,2022,Q1,Harry Styles,Pop,Japan,Asia,2273487,1364092,909395,14.01,2130.87,2144.88,49796,71384,0.09,100,Stable
2022-03,2022,Q1,J. Cole,Hip-Hop,Japan,Asia,5149250,3089550,2059700,27.38,5283.13,5310.51,376874,133600,0.313,79,Stable
2022-03,2022,Q1,Bad Bunny,Latin,Japan,Asia,2871713,1723027,1148686,13.93,2075.63,2089.56,97883,122779,0.171,88,Stable
2022-03,2022,Q1,Tyla,Afrobeats,Japan,Asia,1631448,978868,652580,10.55,831.41,841.96,85251,28381,0.196,74,Rising
2022-03,2022,Q1,Nicki Minaj,Hip-Hop,Japan,Asia,1735354,1041212,694142,11.0,1950.95,1961.95,86034,40271,0.109,100,Stable
2022-03,2022,Q1,Brent Faiyaz,R&B,Japan,Asia,3156122,1893673,1262449,16.88,2071.43,2088.31,94232,130431,0.113,56,Rising
2022-03,2022,Q1,Fred Again..,Electronic,Japan,Asia,1787993,1072795,715198,8.72,1803.57,1812.29,40344,79719,0.112,76,Declining
2022-03,2022,Q1,Bad Bunny,Latin,South Korea,Asia,4420887,2431487,1989400,21.52,2661.06,2682.58,314928,46548,0.218,86,Stable
2022-03,2022,Q1,Lil Baby,Hip-Hop,South Korea,Asia,231446,127295,104151,0.87,271.41,272.28,18248,7924,0.216,67,Declining
2022-03,2022,Q1,Karol G,Latin,South Korea,Asia,4513001,2482150,2030851,20.1,2680.23,2700.33,277435,75379,0.164,76,Rising
2022-03,2022,Q1,J. Cole,Hip-Hop,South Korea,Asia,1909077,1049992,859085,8.17,1998.85,2007.02,51723,49750,0.294,86,Stable
2022-03,2022,Q1,Billie Eilish,Pop,South Korea,Asia,8177240,4497482,3679758,33.5,10712.88,10746.38,631429,197014,0.092,100,Declining
2022-03,2022,Q1,Blackpink,K-Pop,South Korea,Asia,20584942,11321718,9263224,96.05,18594.78,18690.83,1435779,624252,0.247,100,Rising
2022-03,2022,Q1,Doja Cat,Pop,South Korea,Asia,5827519,3205135,2622384,26.59,3629.46,3656.05,167606,276938,0.328,100,Stable
2022-03,2022,Q1,Arctic Monkeys,Rock,South Korea,Asia,5925014,3258757,2666257,29.35,7040.65,7070.0,318243,218373,0.33,100,Rising
2022-03,2022,Q1,Harry Styles,Pop,South Korea,Asia,6257035,3441369,2815666,30.09,4967.53,4997.62,174797,111797,0.144,100,Stable
2022-03,2022,Q1,Asake,Afrobeats,South Korea,Asia,1913358,1052346,861012,8.63,1766.94,1775.57,125437,73676,0.132,55,Rising
2022-03,2022,Q1,Disclosure,Electronic,India,Asia,3037965,668352,2369613,1.17,6557.59,6558.76,123267,113482,0.087,100,Rising
2022-03,2022,Q1,Olivia Rodrigo,Pop,India,Asia,1055099,232121,822978,0.49,1416.17,1416.66,26614,19082,0.227,100,Rising
2022-03,2022,Q1,Brent Faiyaz,R&B,India,Asia,868519,191074,677445,0.43,685.64,686.07,42584,12966,0.163,60,Rising
2022-03,2022,Q1,Dua Lipa,Pop,India,Asia,374649,82422,292227,0.17,709.93,710.1,12892,10396,0.156,100,Rising
2022-03,2022,Q1,Doja Cat,Pop,India,Asia,5716373,1257602,4458771,2.25,12631.6,12633.85,226770,142242,0.285,100,Stable
2022-03,2022,Q1,21 Savage,Hip-Hop,India,Asia,3679118,809405,2869713,1.65,6192.64,6194.29,85615,83007,0.215,59,Declining
2022-03,2022,Q1,Travis Scott,Hip-Hop,India,Asia,1938549,426480,1512069,0.96,2793.61,2794.57,78565,93946,0.2,100,Declining
2022-03,2022,Q1,Sza,R&B,India,Asia,2550980,561215,1989765,1.13,3180.57,3181.7,116966,57365,0.276,77,Stable
2022-03,2022,Q1,Calvin Harris,Electronic,India,Asia,3744594,823810,2920784,1.78,8417.65,8419.43,214912,148529,0.297,100,Rising
2022-03,2022,Q1,21 Savage,Hip-Hop,Indonesia,Asia,2898790,579758,2319032,1.24,2608.94,2610.18,125366,96636,0.205,65,Declining
2022-03,2022,Q1,Ed Sheeran,Pop,Indonesia,Asia,8151361,1630272,6521089,4.36,13638.15,13642.51,262831,176692,0.282,100,Rising
2022-03,2022,Q1,Blackpink,K-Pop,Indonesia,Asia,18914321,3782864,15131457,9.51,27108.84,27118.35,1074127,798639,0.161,100,Rising
2022-03,2022,Q1,Fred Again..,Electronic,Indonesia,Asia,1067588,213517,854071,0.49,1617.14,1617.63,29259,19471,0.08,73,Declining
2022-03,2022,Q1,Ariana Grande,Pop,Indonesia,Asia,2539174,507834,2031340,1.2,3606.42,3607.62,71863,100365,0.311,100,Stable
2022-03,2022,Q1,Imagine Dragons,Rock,Indonesia,Asia,5377646,1075529,4302117,2.89,12694.78,12697.67,292618,127265,0.255,78,Stable
2022-03,2022,Q1,Nicki Minaj,Hip-Hop,Indonesia,Asia,2709202,541840,2167362,1.19,5817.66,5818.85,154012,62401,0.132,100,Stable
2022-03,2022,Q1,Bts,K-Pop,Indonesia,Asia,16799315,3359863,13439452,9.25,15704.39,15713.64,694913,625192,0.154,100,Stable
2022-03,2022,Q1,J. Cole,Hip-Hop,Indonesia,Asia,1725254,345050,1380204,0.76,1768.17,1768.93,64159,53005,0.282,97,Stable
2022-03,2022,Q1,Drake,Hip-Hop,Argentina,Latam,2829688,905500,1924188,2.92,5592.15,5595.07,178708,133579,0.222,100,Stable
2022-03,2022,Q1,Paramore,Rock,Argentina,Latam,1707785,546491,1161294,1.58,3000.53,3002.11,117315,50022,0.095,60,Stable
2022-03,2022,Q1,Giveon,R&B,Argentina,Latam,103334,33066,70268,0.12,152.16,152.28,2836,1535,0.275,74,Rising
2022-03,2022,Q1,Ariana Grande,Pop,Argentina,Latam,1795008,574402,1220606,1.62,1828.03,1829.65,79830,38028,0.117,100,Stable
2022-03,2022,Q1,Brent Faiyaz,R&B,Argentina,Latam,1895776,606648,1289128,1.81,1508.19,1510.0,87537,68877,0.198,53,Rising
2022-03,2022,Q1,Wizkid,Afrobeats,Argentina,Latam,847001,271040,575961,0.78,1605.09,1605.87,36649,18223,0.276,52,Rising
2022-03,2022,Q1,The Weeknd,R&B/Pop,Argentina,Latam,2794111,894115,1899996,2.8,5398.02,5400.82,57894,89726,0.28,93,Rising
2022-03,2022,Q1,Twenty One Pilots,Rock,Argentina,Latam,1004067,321301,682766,1.06,1521.46,1522.52,34335,29459,0.196,48,Stable
2022-03,2022,Q1,Doja Cat,Pop,Argentina,Latam,3198086,1023387,2174699,3.72,2671.56,2675.28,112960,137898,0.182,100,Stable
2022-03,2022,Q1,Fred Again..,Electronic,Argentina,Latam,956414,306052,650362,0.98,1203.11,1204.09,41099,37073,0.228,59,Declining
2022-03,2022,Q1,Sza,R&B,Chile,Latam,1887468,641739,1245729,2.21,2684.83,2687.04,102403,43972,0.165,65,Stable
2022-03,2022,Q1,Bad Bunny,Latin,Chile,Latam,1960042,666414,1293628,2.65,3803.46,3806.11,140935,66703,0.269,100,Stable
2022-03,2022,Q1,J Balvin,Latin,Chile,Latam,7912689,2690314,5222375,8.8,7326.62,7335.42,284164,132856,0.106,100,Rising
2022-03,2022,Q1,Travis Scott,Hip-Hop,Chile,Latam,435268,147991,287277,0.58,637.96,638.54,22975,8700,0.173,100,Declining
2022-03,2022,Q1,Olivia Rodrigo,Pop,Chile,Latam,529397,179994,349403,0.68,982.68,983.36,34202,16577,0.312,96,Rising
2022-03,2022,Q1,Twenty One Pilots,Rock,Chile,Latam,1473259,500908,972351,1.98,2091.85,2093.83,40613,49013,0.287,51,Stable
2022-03,2022,Q1,Martin Garrix,Electronic,Chile,Latam,1259839,428345,831494,1.36,2027.57,2028.93,45723,28533,0.308,93,Rising
2022-03,2022,Q1,21 Savage,Hip-Hop,Chile,Latam,232971,79210,153761,0.29,246.31,246.6,7232,9378,0.208,90,Declining
2022-03,2022,Q1,The Weeknd,R&B/Pop,Chile,Latam,1479732,503108,976624,2.02,1856.13,1858.15,52015,41008,0.309,87,Rising
2022-03,2022,Q1,Wizkid,Afrobeats,Chile,Latam,220616,75009,145607,0.28,269.52,269.8,11896,2391,0.089,48,Rising
2022-03,2022,Q1,Ariana Grande,Pop,Chile,Latam,2767305,940883,1826422,2.83,3672.44,3675.27,122264,97913,0.248,100,Stable
2022-03,2022,Q1,Imagine Dragons,Rock,Chile,Latam,2054744,698612,1356132,2.62,3909.28,3911.9,124511,50415,0.333,90,Stable
2022-04,2022,Q2,Asake,Afrobeats,Netherlands,Europe,2796708,1901761,894947,19.73,2548.21,2567.94,223320,31597,0.144,53,Rising
2022-04,2022,Q2,Arctic Monkeys,Rock,Netherlands,Europe,1372811,933511,439300,8.72,706.83,715.55,108420,49024,0.274,100,Rising
2022-04,2022,Q2,Rauw Alejandro,Latin,Netherlands,Europe,725526,493357,232169,5.12,529.52,534.64,51534,28756,0.226,93,Stable
2022-04,2022,Q2,Fred Again..,Electronic,Netherlands,Europe,3615448,2458504,1156944,23.78,2564.28,2588.06,168748,143514,0.142,100,Declining
2022-04,2022,Q2,Rema,Afrobeats,Netherlands,Europe,4110602,2795209,1315393,26.83,3061.56,3088.39,111373,197957,0.314,76,Rising
2022-04,2022,Q2,Olivia Rodrigo,Pop,Netherlands,Europe,967244,657725,309519,6.76,721.02,727.78,43680,36797,0.191,100,Rising
2022-04,2022,Q2,Newjeans,K-Pop,Netherlands,Europe,1577003,1072362,504641,9.53,1309.44,1318.97,79602,63100,0.164,60,Stable
2022-04,2022,Q2,Davido,Afrobeats,Netherlands,Europe,746326,507501,238825,5.4,516.85,522.25,50651,33267,0.203,93,Rising
2022-04,2022,Q2,Karol G,Latin,United Kingdom,Europe,664845,432149,232696,4.57,271.43,276.0,47720,19428,0.099,76,Rising
2022-04,2022,Q2,Stray Kids,K-Pop,United Kingdom,Europe,169580,110227,59353,1.21,125.55,126.76,3947,8288,0.218,72,Declining
2022-04,2022,Q2,The Weeknd,R&B/Pop,United Kingdom,Europe,3365974,2187883,1178091,22.85,2627.3,2650.15,102797,102755,0.273,100,Rising
2022-04,2022,Q2,Rauw Alejandro,Latin,United Kingdom,Europe,1302107,846369,455738,7.38,798.32,805.7,90148,13393,0.203,84,Stable
2022-04,2022,Q2,Rema,Afrobeats,United Kingdom,Europe,348170,226310,121860,2.23,294.82,297.05,27513,4180,0.106,77,Rising
2022-04,2022,Q2,Martin Garrix,Electronic,United Kingdom,Europe,5380327,3497212,1883115,30.11,1965.39,1995.5,357625,82735,0.206,100,Rising
2022-04,2022,Q2,Bts,K-Pop,United Kingdom,Europe,1408211,915337,492874,9.92,503.24,513.16,92538,64400,0.197,76,Stable
2022-04,2022,Q2,Miley Cyrus,Pop,United Kingdom,Europe,6751940,4388761,2363179,43.97,6658.8,6702.77,453132,199156,0.335,100,Stable
2022-04,2022,Q2,Kendrick Lamar,Hip-Hop,Germany,Europe,6631581,4642106,1989475,47.03,5532.5,5579.53,237166,191585,0.168,100,Rising
2022-04,2022,Q2,Giveon,R&B,Germany,Europe,278399,194879,83520,2.24,92.7,94.94,15231,3703,0.122,97,Rising
2022-04,2022,Q2,Disclosure,Electronic,Germany,Europe,9266208,6486345,2779863,73.87,8032.18,8106.05,371507,304248,0.326,100,Rising
2022-04,2022,Q2,Lil Baby,Hip-Hop,Germany,Europe,894881,626416,268465,6.6,574.61,581.21,50660,42681,0.293,69,Declining
2022-04,2022,Q2,Calvin Harris,Electronic,Germany,Europe,7677261,5374082,2303179,57.69,3284.99,3342.68,552998,370302,0.144,100,Rising
2022-04,2022,Q2,Arctic Monkeys,Rock,Germany,Europe,939453,657617,281836,7.51,762.83,770.34,46878,32063,0.141,100,Rising
2022-04,2022,Q2,Blackpink,K-Pop,Germany,Europe,4155214,2908649,1246565,25.49,2911.98,2937.47,116344,183136,0.301,87,Rising
2022-04,2022,Q2,Bts,K-Pop,Germany,Europe,4222085,2955459,1266626,28.92,3247.07,3275.99,207094,176316,0.236,80,Stable
2022-04,2022,Q2,Rauw Alejandro,Latin,Germany,Europe,211564,148094,63470,1.34,158.75,160.09,7226,3330,0.13,92,Stable
2022-04,2022,Q2,Twenty One Pilots,Rock,Germany,Europe,824104,576872,247232,6.57,529.67,536.24,59175,12837,0.234,100,Stable
2022-04,2022,Q2,Tyla,Afrobeats,Sweden,Europe,1745185,1256533,488652,13.81,868.6,882.41,48664,35775,0.237,88,Rising
2022-04,2022,Q2,21 Savage,Hip-Hop,Sweden,Europe,943795,679532,264263,7.24,535.9,543.14,57955,41053,0.167,86,Declining
2022-04,2022,Q2,Billie Eilish,Pop,Sweden,Europe,2651270,1908914,742356,21.15,1148.39,1169.54,170180,31991,0.093,100,Declining
2022-04,2022,Q2,Lil Baby,Hip-Hop,Sweden,Europe,1376024,990737,385287,8.98,1116.19,1125.17,86234,14134,0.286,78,Declining
2022-04,2022,Q2,Peso Pluma,Latin,Sweden,Europe,348387,250838,97549,2.69,289.4,292.09,12017,12977,0.273,82,Rising
2022-04,2022,Q2,Giveon,R&B,Sweden,Europe,997089,717904,279185,6.42,553.95,560.37,78958,21069,0.187,98,Rising
2022-04,2022,Q2,Bts,K-Pop,Sweden,Europe,2705443,1947918,757525,20.19,1087.18,1107.37,75824,130219,0.1,76,Stable
2022-04,2022,Q2,Imagine Dragons,Rock,Sweden,Europe,1807597,1301469,506128,12.64,1394.58,1407.22,45865,69799,0.153,100,Stable
2022-04,2022,Q2,Calvin Harris,Electronic,Sweden,Europe,8177938,5888115,2289823,56.53,3969.08,4025.61,355372,401195,0.338,100,Rising
2022-04,2022,Q2,Bad Bunny,Latin,Sweden,Europe,4174195,3005420,1168775,33.58,2007.16,2040.74,150552,113910,0.105,82,Stable
2022-04,2022,Q2,Doja Cat,Pop,France,Europe,3743652,2321064,1422588,21.89,1595.87,1617.76,232458,38908,0.19,100,Stable
2022-04,2022,Q2,Stray Kids,K-Pop,France,Europe,3834502,2377391,1457111,23.35,1856.51,1879.86,275059,163517,0.346,82,Declining
2022-04,2022,Q2,Tyla,Afrobeats,France,Europe,3890898,2412356,1478542,21.24,3161.07,3182.31,201893,110184,0.187,84,Rising
2022-04,2022,Q2,Kendrick Lamar,Hip-Hop,France,Europe,1330009,824605,505404,8.17,842.79,850.96,72829,60595,0.234,100,Rising
2022-04,2022,Q2,Giveon,R&B,France,Europe,3087709,1914379,1173330,16.41,2227.61,2244.02,116674,145696,0.114,99,Rising
2022-04,2022,Q2,Nicki Minaj,Hip-Hop,France,Europe,1320649,818802,501847,8.31,800.9,809.21,62472,21846,0.162,100,Stable
2022-04,2022,Q2,Asake,Afrobeats,France,Europe,1536565,952670,583895,10.28,716.98,727.26,90095,66645,0.236,57,Rising
2022-04,2022,Q2,J. Cole,Hip-Hop,France,Europe,3446726,2136970,1309756,19.76,3467.57,3487.33,86568,153887,0.215,100,Stable
2022-04,2022,Q2,Davido,Afrobeats,France,Europe,2815996,1745917,1070079,18.44,2771.53,2789.97,83920,39909,0.119,98,Rising
2022-04,2022,Q2,Lil Baby,Hip-Hop,France,Europe,2978234,1846505,1131729,17.16,3192.98,3210.14,137416,45160,0.28,80,Declining
2022-04,2022,Q2,Frank Ocean,R&B,Ireland,Europe,2859126,1829840,1029286,15.81,1559.33,1575.14,80454,58331,0.184,89,Rising
2022-04,2022,Q2,Lil Baby,Hip-Hop,Ireland,Europe,193814,124040,69774,1.22,140.52,141.74,10529,9166,0.312,72,Declining
2022-04,2022,Q2,Coldplay,Rock,Ireland,Europe,1284849,822303,462546,7.63,720.77,728.4,97443,14115,0.268,100,Stable
2022-04,2022,Q2,Taylor Swift,Pop,Ireland,Europe,2700139,1728088,972051,19.73,1098.96,1118.69,187147,96806,0.255,100,Stable
2022-04,2022,Q2,Aespa,K-Pop,Ireland,Europe,439981,281587,158394,3.04,396.55,399.59,24331,8142,0.106,63,Rising
2022-04,2022,Q2,Travis Scott,Hip-Hop,Ireland,Europe,4283500,2741440,1542060,30.33,2971.93,3002.26,287235,205073,0.154,100,Declining
2022-04,2022,Q2,Billie Eilish,Pop,Ireland,Europe,4897915,3134665,1763250,35.75,3033.0,3068.75,238391,118585,0.264,100,Declining
2022-04,2022,Q2,21 Savage,Hip-Hop,Ireland,Europe,3649959,2335973,1313986,20.24,2215.52,2235.76,219056,51468,0.083,73,Declining
2022-04,2022,Q2,Karol G,Latin,Ireland,Europe,956732,612308,344424,6.02,660.81,666.83,23552,35237,0.302,73,Rising
2022-04,2022,Q2,Stray Kids,K-Pop,Ireland,Europe,1087197,695806,391391,7.74,581.75,589.49,57658,19243,0.108,82,Declining
2022-04,2022,Q2,H.E.R.,R&B,Ireland,Europe,1765050,1129632,635418,12.03,1288.66,1300.69,99452,62262,0.222,78,Rising
2022-04,2022,Q2,Martin Garrix,Electronic,Ireland,Europe,4356829,2788370,1568459,28.54,2153.78,2182.32,136342,75677,0.095,100,Rising
2022-04,2022,Q2,Disclosure,Electronic,Spain,Europe,1196760,658218,538542,5.69,1155.46,1161.15,82779,27608,0.174,100,Rising
2022-04,2022,Q2,H.E.R.,R&B,Spain,Europe,1547988,851393,696595,8.35,1059.39,1067.74,108829,59790,0.265,81,Rising
2022-04,2022,Q2,Stray Kids,K-Pop,Spain,Europe,3680901,2024495,1656406,17.96,2086.6,2104.56,222958,163225,0.34,77,Declining
2022-04,2022,Q2,Peso Pluma,Latin,Spain,Europe,1240680,682374,558306,6.47,1230.79,1237.26,48807,50961,0.099,80,Rising
2022-04,2022,Q2,Doja Cat,Pop,Spain,Europe,7766033,4271318,3494715,42.63,10136.82,10179.45,295080,83614,0.197,100,Stable
2022-04,2022,Q2,Billie Eilish,Pop,Spain,Europe,6908032,3799417,3108615,41.25,7924.31,7965.56,228405,240738,0.093,100,Declining
2022-04,2022,Q2,Burna Boy,Afrobeats,Spain,Europe,1600982,880540,720442,9.48,1441.78,1451.26,119604,25398,0.254,72,Rising
2022-04,2022,Q2,Post Malone,Hip-Hop,Spain,Europe,1822443,1002343,820100,10.29,2058.17,2068.46,70287,50880,0.189,100,Declining
2022-04,2022,Q2,J Balvin,Latin,Spain,Europe,388668,213767,174901,1.85,466.3,468.15,18449,7912,0.317,61,Rising
2022-04,2022,Q2,21 Savage,Hip-Hop,Spain,Europe,3495340,1922437,1572903,21.55,2103.76,2125.31,272984,98272,0.335,81,Declining
2022-04,2022,Q2,Wizkid,Afrobeats,Spain,Europe,330528,181790,148738,1.99,248.6,250.59,18005,10111,0.219,89,Rising
2022-04,2022,Q2,Rema,Afrobeats,Italy,Europe,1411663,734064,677599,7.65,944.82,952.47,36500,23537,0.329,80,Rising
2022-04,2022,Q2,Blackpink,K-Pop,Italy,Europe,4300126,2236065,2064061,21.44,3011.03,3032.47,142326,52408,0.085,88,Rising
2022-04,2022,Q2,Coldplay,Rock,Italy,Europe,2708588,1408465,1300123,15.72,2780.96,2796.68,189448,134521,0.124,100,Stable
2022-04,2022,Q2,Aespa,K-Pop,Italy,Europe,2676075,1391559,1284516,14.68,1865.83,1880.51,74684,121712,0.154,66,Rising
2022-04,2022,Q2,Asake,Afrobeats,Italy,Europe,179813,93502,86311,0.92,170.76,171.68,5945,2361,0.235,52,Rising
2022-04,2022,Q2,Rauw Alejandro,Latin,Italy,Europe,628047,326584,301463,2.94,828.87,831.81,40349,12632,0.098,87,Stable
2022-04,2022,Q2,H.E.R.,R&B,Italy,Europe,2370261,1232535,1137726,11.07,1933.05,1944.12,92305,98732,0.264,74,Rising
2022-04,2022,Q2,Davido,Afrobeats,Italy,Europe,4941265,2569457,2371808,29.02,7019.62,7048.64,356330,83796,0.092,94,Rising
2022-04,2022,Q2,Sza,R&B,Italy,Europe,4721906,2455391,2266515,26.88,6796.6,6823.48,154339,97303,0.259,100,Stable
2022-04,2022,Q2,Bts,K-Pop,Italy,Europe,3353917,1744036,1609881,18.97,2046.95,2065.92,263773,162913,0.124,79,Stable
2022-04,2022,Q2,Lil Baby,Hip-Hop,Italy,Europe,1568855,815804,753051,8.84,1059.93,1068.77,55913,21495,0.188,77,Declining
2022-04,2022,Q2,Wizkid,Afrobeats,Italy,Europe,4235679,2202553,2033126,24.68,2593.19,2617.87,98525,45496,0.119,100,Rising
2022-04,2022,Q2,Post Malone,Hip-Hop,United States,Americas,8612029,4994976,3617053,61.96,7210.55,7272.51,607808,239719,0.271,100,Declining
2022-04,2022,Q2,Ariana Grande,Pop,United States,Americas,9925190,5756610,4168580,63.27,5234.17,5297.44,545232,218304,0.089,100,Stable
2022-04,2022,Q2,Travis Scott,Hip-Hop,United States,Americas,1564446,907378,657068,10.86,1439.52,1450.38,114510,41360,0.243,100,Declining
2022-04,2022,Q2,Tyla,Afrobeats,United States,Americas,4283851,2484633,1799218,23.35,4942.58,4965.93,146458,79081,0.279,81,Rising
2022-04,2022,Q2,Giveon,R&B,United States,Americas,7588019,4401051,3186968,55.03,4412.97,4468.0,478366,277520,0.173,100,Rising
2022-04,2022,Q2,Arctic Monkeys,Rock,United States,Americas,3059817,1774693,1285124,16.7,2792.84,2809.54,144801,93999,0.082,100,Rising
2022-04,2022,Q2,Kendrick Lamar,Hip-Hop,United States,Americas,7996919,4638213,3358706,56.75,5166.96,5223.71,631239,202450,0.128,100,Rising
2022-04,2022,Q2,H.E.R.,R&B,United States,Americas,1586917,920411,666506,9.86,1010.82,1020.68,114290,58352,0.201,100,Rising
2022-04,2022,Q2,Nicki Minaj,Hip-Hop,United States,Americas,15734180,9125824,6608356,96.04,19767.51,19863.55,768001,463142,0.233,100,Stable
2022-04,2022,Q2,Blackpink,K-Pop,United States,Americas,4049812,2348890,1700922,26.48,3375.88,3402.36,127726,115652,0.146,100,Rising
2022-04,2022,Q2,Giveon,R&B,Brazil,Americas,2401115,912423,1488692,4.53,4272.23,4276.76,139805,110323,0.203,100,Rising
2022-04,2022,Q2,Twenty One Pilots,Rock,Brazil,Americas,5797653,2203108,3594545,9.94,5768.5,5778.44,133625,166578,0.31,100,Stable
2022-04,2022,Q2,Aespa,K-Pop,Brazil,Americas,1799141,683673,1115468,3.43,1303.34,1306.77,142266,65949,0.157,72,Rising
2022-04,2022,Q2,Paramore,Rock,Brazil,Americas,350606,133230,217376,0.63,635.7,636.33,27301,7565,0.209,100,Stable
2022-04,2022,Q2,Burna Boy,Afrobeats,Brazil,Americas,4577187,1739331,2837856,9.7,3284.12,3293.82,182423,91230,0.347,74,Rising
2022-04,2022,Q2,The Weeknd,R&B/Pop,Brazil,Americas,1674500,636310,1038190,3.46,2794.06,2797.52,97315,19528,0.136,100,Rising
2022-04,2022,Q2,Travis Scott,Hip-Hop,Brazil,Americas,3575512,1358694,2216818,7.73,3731.22,3738.95,144130,36769,0.264,100,Declining
2022-04,2022,Q2,Sza,R&B,Brazil,Americas,7886670,2996934,4889736,15.63,12146.32,12161.95,172645,117229,0.251,100,Stable
2022-04,2022,Q2,Post Malone,Hip-Hop,Brazil,Americas,5610344,2131930,3478414,11.63,6263.63,6275.26,431038,147319,0.288,100,Declining
2022-04,2022,Q2,Rema,Afrobeats,Brazil,Americas,4343890,1650678,2693212,8.7,4532.51,4541.21,143072,184825,0.139,77,Rising
2022-04,2022,Q2,Wizkid,Afrobeats,Mexico,Americas,4222443,1477855,2744588,5.52,7971.71,7977.23,97080,67543,0.225,100,Rising
2022-04,2022,Q2,Taylor Swift,Pop,Mexico,Americas,8928754,3125063,5803691,14.28,12030.71,12044.99,447846,181353,0.269,100,Stable
2022-04,2022,Q2,H.E.R.,R&B,Mexico,Americas,5696186,1993665,3702521,7.58,10761.87,10769.45,422608,219578,0.301,100,Rising
2022-04,2022,Q2,Arctic Monkeys,Rock,Mexico,Americas,7670560,2684696,4985864,9.78,8211.15,8220.93,530450,241323,0.312,100,Rising
2022-04,2022,Q2,Ed Sheeran,Pop,Mexico,Americas,8786372,3075230,5711142,12.8,14421.02,14433.82,484092,181432,0.088,100,Rising
2022-04,2022,Q2,Lil Baby,Hip-Hop,Mexico,Americas,7888766,2761068,5127698,10.87,12854.89,12865.76,220477,251467,0.227,100,Declining
2022-04,2022,Q2,Dua Lipa,Pop,Mexico,Americas,11380183,3983064,7397119,17.59,8865.26,8882.85,289548,233382,0.316,100,Rising
2022-04,2022,Q2,Harry Styles,Pop,Mexico,Americas,14637991,5123296,9514695,21.15,27798.69,27819.84,1085730,554343,0.106,100,Stable
2022-04,2022,Q2,Coldplay,Rock,Mexico,Americas,3770412,1319644,2450768,5.86,3072.29,3078.15,271453,127225,0.114,77,Stable
2022-04,2022,Q2,Frank Ocean,R&B,Colombia,Americas,2579684,773905,1805779,2.66,4887.07,4889.73,141571,33941,0.132,100,Rising
2022-04,2022,Q2,Ed Sheeran,Pop,Colombia,Americas,6804020,2041206,4762814,7.2,8517.73,8524.93,482351,202210,0.207,100,Rising
2022-04,2022,Q2,Martin Garrix,Electronic,Colombia,Americas,4809531,1442859,3366672,4.89,5610.89,5615.78,238147,158285,0.144,100,Rising
2022-04,2022,Q2,Stray Kids,K-Pop,Colombia,Americas,618491,185547,432944,0.66,1280.07,1280.73,41061,8813,0.29,70,Declining
2022-04,2022,Q2,The Weeknd,R&B/Pop,Colombia,Americas,4920215,1476064,3444151,4.43,5670.07,5674.5,259032,157783,0.176,92,Rising
2022-04,2022,Q2,Taylor Swift,Pop,Colombia,Americas,10167242,3050172,7117070,9.94,9742.35,9752.29,506847,213897,0.277,100,Stable
2022-04,2022,Q2,Imagine Dragons,Rock,Colombia,Americas,3732225,1119667,2612558,3.81,6666.54,6670.35,150498,121481,0.135,100,Stable
2022-04,2022,Q2,Burna Boy,Afrobeats,Colombia,Americas,173466,52039,121427,0.2,287.38,287.58,5379,7430,0.196,71,Rising
2022-04,2022,Q2,Blackpink,K-Pop,Colombia,Americas,6529058,1958717,4570341,6.82,5319.31,5326.13,207355,311766,0.344,93,Rising
2022-04,2022,Q2,Calvin Harris,Electronic,Colombia,Americas,1917538,575261,1342277,1.87,3227.9,3229.77,114158,95042,0.152,67,Rising
2022-04,2022,Q2,Davido,Afrobeats,Nigeria,Africa,4807849,865412,3942437,2.28,6965.4,6967.68,337653,214486,0.243,100,Rising
2022-04,2022,Q2,Kendrick Lamar,Hip-Hop,Nigeria,Africa,1548686,278763,1269923,0.78,2224.83,2225.61,101250,48917,0.101,100,Rising
2022-04,2022,Q2,Harry Styles,Pop,Nigeria,Africa,1817393,327130,1490263,1.04,1824.12,1825.16,128976,56909,0.207,100,Stable
2022-04,2022,Q2,J. Cole,Hip-Hop,Nigeria,Africa,4181399,752651,3428748,2.03,6941.57,6943.6,205902,146364,0.335,100,Stable
2022-04,2022,Q2,Blackpink,K-Pop,Nigeria,Africa,2059603,370728,1688875,1.18,3395.83,3397.01,125220,37309,0.281,100,Rising
2022-04,2022,Q2,Ariana Grande,Pop,Nigeria,Africa,1422388,256029,1166359,0.69,1868.92,1869.61,49696,35406,0.149,100,Stable
2022-04,2022,Q2,Olivia Rodrigo,Pop,Nigeria,Africa,959536,172716,786820,0.53,1808.97,1809.5,36613,27250,0.155,90,Rising
2022-04,2022,Q2,J Balvin,Latin,Nigeria,Africa,1362956,245332,1117624,0.63,3090.03,3090.66,74009,31710,0.275,52,Rising
2022-04,2022,Q2,Stray Kids,K-Pop,Nigeria,Africa,1232267,221808,1010459,0.64,1497.63,1498.27,25805,30072,0.104,72,Declining
2022-04,2022,Q2,Disclosure,Electronic,Nigeria,Africa,1051799,189323,862476,0.59,2212.67,2213.26,80198,39628,0.122,67,Rising
2022-04,2022,Q2,Imagine Dragons,Rock,Nigeria,Africa,1243522,223833,1019689,0.76,2265.6,2266.36,24965,56903,0.221,87,Stable
2022-04,2022,Q2,Miley Cyrus,Pop,South Africa,Africa,1200524,336146,864378,1.28,1559.79,1561.07,27700,35848,0.113,95,Stable
2022-04,2022,Q2,Brent Faiyaz,R&B,South Africa,Africa,1586412,444195,1142217,1.56,1754.31,1755.87,81242,51764,0.084,100,Rising
2022-04,2022,Q2,Imagine Dragons,Rock,South Africa,Africa,622371,174263,448108,0.63,776.77,777.4,16398,21862,0.113,92,Stable
2022-04,2022,Q2,Wizkid,Afrobeats,South Africa,Africa,8448686,2365632,6083054,9.45,12084.36,12093.81,170981,253853,0.184,100,Rising
2022-04,2022,Q2,Billie Eilish,Pop,South Africa,Africa,2737846,766596,1971250,3.2,5388.69,5391.89,201610,128108,0.106,100,Declining
2022-04,2022,Q2,21 Savage,Hip-Hop,South Africa,Africa,456334,127773,328561,0.5,439.75,440.25,14261,4755,0.105,100,Declining
2022-04,2022,Q2,Ariana Grande,Pop,South Africa,Africa,328461,91969,236492,0.35,245.04,245.39,14458,10509,0.247,100,Stable
2022-04,2022,Q2,Coldplay,Rock,South Africa,Africa,1458079,408262,1049817,1.82,2042.92,2044.74,74626,25695,0.205,62,Stable
2022-04,2022,Q2,Paramore,Rock,Kenya,Africa,754683,113202,641481,0.25,1030.3,1030.55,43993,18112,0.331,58,Stable
2022-04,2022,Q2,Brent Faiyaz,R&B,Kenya,Africa,260238,39035,221203,0.11,564.1,564.21,14915,8918,0.309,100,Rising
2022-04,2022,Q2,Calvin Harris,Electronic,Kenya,Africa,293051,43957,249094,0.12,604.6,604.72,9509,9598,0.314,63,Rising
2022-04,2022,Q2,Post Malone,Hip-Hop,Kenya,Africa,483710,72556,411154,0.17,1023.44,1023.61,37664,18726,0.348,100,Declining
2022-04,2022,Q2,Aespa,K-Pop,Kenya,Africa,533953,80092,453861,0.17,1111.56,1111.73,20659,22061,0.2,68,Rising
2022-04,2022,Q2,Bad Bunny,Latin,Kenya,Africa,1507562,226134,1281428,0.57,2572.88,2573.45,31373,36957,0.242,74,Stable
2022-04,2022,Q2,Peso Pluma,Latin,Kenya,Africa,1209029,181354,1027675,0.47,1581.47,1581.94,44312,57231,0.275,66,Rising
2022-04,2022,Q2,Disclosure,Electronic,Kenya,Africa,61315,9197,52118,0.02,125.89,125.91,2550,801,0.195,72,Rising
2022-04,2022,Q2,Wizkid,Afrobeats,Kenya,Africa,7107197,1066079,6041118,2.8,16570.65,16573.45,243415,349366,0.184,100,Rising
2022-04,2022,Q2,Twenty One Pilots,Rock,Kenya,Africa,1503022,225453,1277569,0.6,1707.44,1708.04,47189,42728,0.157,54,Stable
2022-04,2022,Q2,Rauw Alejandro,Latin,Kenya,Africa,1818397,272759,1545638,0.71,4036.48,4037.19,126405,81333,0.192,79,Stable
2022-04,2022,Q2,Imagine Dragons,Rock,Ghana,Africa,1081061,151348,929713,0.3,1893.28,1893.58,24055,35425,0.329,90,Stable
2022-04,2022,Q2,Calvin Harris,Electronic,Ghana,Africa,542834,75996,466838,0.2,757.39,757.59,17665,23851,0.325,64,Rising
2022-04,2022,Q2,Harry Styles,Pop,Ghana,Africa,543978,76156,467822,0.18,801.63,801.81,16241,16400,0.304,100,Stable
2022-04,2022,Q2,Giveon,R&B,Ghana,Africa,665153,93121,572032,0.22,1173.55,1173.77,41961,22121,0.336,100,Rising
2022-04,2022,Q2,The Weeknd,R&B/Pop,Ghana,Africa,1873934,262350,1611584,0.63,4486.84,4487.47,119880,56844,0.348,87,Rising
2022-04,2022,Q2,Nicki Minaj,Hip-Hop,Ghana,Africa,385772,54008,331764,0.11,606.24,606.35,25078,14557,0.347,100,Stable
2022-04,2022,Q2,Martin Garrix,Electronic,Ghana,Africa,1659365,232311,1427054,0.52,4049.26,4049.78,77031,53018,0.295,95,Rising
2022-04,2022,Q2,Fred Again..,Electronic,Ghana,Africa,418005,58520,359485,0.15,596.08,596.23,16250,12742,0.334,48,Declining
2022-04,2022,Q2,J. Cole,Hip-Hop,Ghana,Africa,805489,112768,692721,0.23,866.75,866.98,31140,36598,0.289,100,Stable
2022-04,2022,Q2,Billie Eilish,Pop,Ghana,Africa,443208,62049,381159,0.16,485.83,485.99,17808,14834,0.108,100,Declining
2022-04,2022,Q2,21 Savage,Hip-Hop,Japan,Asia,1408862,845317,563545,7.46,1229.43,1236.89,89162,67133,0.318,63,Declining
2022-04,2022,Q2,Kendrick Lamar,Hip-Hop,Japan,Asia,5538204,3322922,2215282,33.1,3893.02,3926.12,427911,249035,0.271,100,Rising
2022-04,2022,Q2,Coldplay,Rock,Japan,Asia,2717176,1630305,1086871,13.3,2380.85,2394.15,142248,132469,0.211,46,Stable
2022-04,2022,Q2,Olivia Rodrigo,Pop,Japan,Asia,3337401,2002440,1334961,16.44,1587.75,1604.19,73327,100011,0.242,100,Rising
2022-04,2022,Q2,Drake,Hip-Hop,Japan,Asia,597246,358347,238899,3.59,708.05,711.64,36710,27071,0.336,77,Stable
2022-04,2022,Q2,Taylor Swift,Pop,Japan,Asia,7071411,4242846,2828565,40.73,3227.68,3268.41,537724,287481,0.258,100,Stable
2022-04,2022,Q2,Karol G,Latin,Japan,Asia,1487090,892254,594836,8.59,1368.07,1376.66,96997,51870,0.226,81,Rising
2022-04,2022,Q2,Peso Pluma,Latin,Japan,Asia,654428,392656,261772,3.57,474.23,477.8,51193,9486,0.152,80,Rising
2022-04,2022,Q2,Paramore,Rock,Japan,Asia,4183243,2509945,1673298,25.35,3693.95,3719.3,158693,110574,0.139,83,Stable
2022-04,2022,Q2,Burna Boy,Afrobeats,South Korea,Asia,1506737,828705,678032,5.68,978.78,984.46,100692,27192,0.102,76,Rising
2022-04,2022,Q2,Dua Lipa,Pop,South Korea,Asia,2636118,1449864,1186254,12.65,3016.58,3029.23,197467,116465,0.264,100,Rising
2022-04,2022,Q2,Post Malone,Hip-Hop,South Korea,Asia,1585559,872057,713502,7.59,1439.1,1446.69,53867,69468,0.276,95,Declining
2022-04,2022,Q2,Brent Faiyaz,R&B,South Korea,Asia,487541,268147,219394,2.22,426.37,428.59,37826,18061,0.325,58,Rising
2022-04,2022,Q2,Frank Ocean,R&B,South Korea,Asia,948027,521414,426613,3.99,1159.0,1162.99,32191,13860,0.168,65,Rising
2022-04,2022,Q2,Bts,K-Pop,South Korea,Asia,13206439,7263541,5942898,58.03,6672.02,6730.05,830338,461386,0.342,100,Stable
2022-04,2022,Q2,Olivia Rodrigo,Pop,South Korea,Asia,5441853,2993019,2448834,23.88,2870.6,2894.48,291401,163861,0.119,100,Rising
2022-04,2022,Q2,H.E.R.,R&B,South Korea,Asia,2078477,1143162,935315,9.09,1486.41,1495.5,73832,22937,0.157,63,Rising
2022-04,2022,Q2,J. Cole,Hip-Hop,South Korea,Asia,243888,134138,109750,1.22,162.46,163.68,9611,4232,0.236,72,Stable
2022-04,2022,Q2,Twenty One Pilots,Rock,South Korea,Asia,2528340,1390587,1137753,11.31,2017.15,2028.46,114318,82131,0.082,51,Stable
2022-04,2022,Q2,Travis Scott,Hip-Hop,South Korea,Asia,1610467,885756,724711,7.52,2058.23,2065.75,58364,39971,0.234,100,Declining
2022-04,2022,Q2,Ariana Grande,Pop,India,Asia,4423311,973128,3450183,2.15,6912.93,6915.08,204616,104335,0.274,100,Stable
2022-04,2022,Q2,Arctic Monkeys,Rock,India,Asia,4195096,922921,3272175,1.73,5785.33,5787.06,298959,167635,0.154,89,Rising
2022-04,2022,Q2,Post Malone,Hip-Hop,India,Asia,4435233,975751,3459482,1.99,7150.61,7152.6,247413,109289,0.298,87,Declining
2022-04,2022,Q2,Disclosure,Electronic,India,Asia,1712236,376691,1335545,0.82,3738.46,3739.28,114575,30502,0.103,100,Rising
2022-04,2022,Q2,Miley Cyrus,Pop,India,Asia,3087811,679318,2408493,1.36,5601.12,5602.48,171096,83087,0.134,100,Stable
2022-04,2022,Q2,Lil Baby,Hip-Hop,India,Asia,2930678,644749,2285929,1.28,4758.51,4759.79,202514,49432,0.298,64,Declining
2022-04,2022,Q2,Sza,R&B,India,Asia,2248945,494767,1754178,0.97,4623.27,4624.24,119103,106131,0.336,69,Stable
2022-04,2022,Q2,Olivia Rodrigo,Pop,India,Asia,3751633,825359,2926274,1.69,3426.1,3427.79,176282,151019,0.294,100,Rising
2022-04,2022,Q2,Harry Styles,Pop,India,Asia,1958789,430933,1527856,0.86,2331.75,2332.61,124310,34439,0.321,100,Stable
2022-04,2022,Q2,Drake,Hip-Hop,India,Asia,3402222,748488,2653734,1.41,3600.22,3601.63,116907,90903,0.148,66,Stable
2022-04,2022,Q2,Wizkid,Afrobeats,India,Asia,2601859,572408,2029451,1.16,3486.6,3487.76,178231,66405,0.295,92,Rising
2022-04,2022,Q2,Brent Faiyaz,R&B,Indonesia,Asia,205244,41048,164196,0.11,214.11,214.22,5709,4889,0.298,52,Rising
2022-04,2022,Q2,Imagine Dragons,Rock,Indonesia,Asia,446360,89272,357088,0.25,809.72,809.97,15708,14378,0.222,81,Stable
2022-04,2022,Q2,Burna Boy,Afrobeats,Indonesia,Asia,1148321,229664,918657,0.49,1868.56,1869.05,59453,29896,0.16,80,Rising
2022-04,2022,Q2,Peso Pluma,Latin,Indonesia,Asia,986015,197203,788812,0.53,1132.39,1132.92,59774,41539,0.232,82,Rising
2022-04,2022,Q2,Ariana Grande,Pop,Indonesia,Asia,1031567,206313,825254,0.53,1456.55,1457.08,39479,11341,0.081,100,Stable
2022-04,2022,Q2,Bts,K-Pop,Indonesia,Asia,21318101,4263620,17054481,11.63,48773.15,48784.78,1123570,777229,0.324,100,Stable
2022-04,2022,Q2,Wizkid,Afrobeats,Indonesia,Asia,4565565,913113,3652452,2.49,9912.97,9915.46,205023,61971,0.198,91,Rising
2022-04,2022,Q2,J Balvin,Latin,Indonesia,Asia,837665,167533,670132,0.36,1779.31,1779.67,38247,28348,0.104,63,Rising
2022-04,2022,Q2,Lil Baby,Hip-Hop,Indonesia,Asia,3559599,711919,2847680,1.96,5547.86,5549.82,72068,37164,0.192,58,Declining
2022-04,2022,Q2,Newjeans,K-Pop,Indonesia,Asia,12112100,2422420,9689680,5.45,26908.89,26914.34,563387,190327,0.286,100,Stable
2022-04,2022,Q2,Arctic Monkeys,Rock,Indonesia,Asia,5092217,1018443,4073774,2.72,11261.59,11264.31,234411,203199,0.35,100,Rising
2022-04,2022,Q2,Stray Kids,K-Pop,Indonesia,Asia,19236209,3847241,15388968,9.83,20750.81,20760.64,1496067,327461,0.128,100,Declining
2022-04,2022,Q2,Billie Eilish,Pop,Argentina,Latam,1065190,340860,724330,1.15,1596.17,1597.32,25426,52088,0.227,100,Declining
2022-04,2022,Q2,Paramore,Rock,Argentina,Latam,1451168,464373,986795,1.7,1634.64,1636.34,38848,65013,0.252,66,Stable
2022-04,2022,Q2,Dua Lipa,Pop,Argentina,Latam,882659,282450,600209,0.83,618.24,619.07,34214,29591,0.117,100,Rising
2022-04,2022,Q2,Rauw Alejandro,Latin,Argentina,Latam,5146663,1646932,3499731,5.12,8604.02,8609.14,373054,244717,0.297,100,Stable
2022-04,2022,Q2,Tyla,Afrobeats,Argentina,Latam,129302,41376,87926,0.12,208.98,209.1,4601,2610,0.35,39,Rising
2022-04,2022,Q2,Giveon,R&B,Argentina,Latam,286021,91526,194495,0.26,237.5,237.76,9485,8172,0.197,84,Rising
2022-04,2022,Q2,J. Cole,Hip-Hop,Argentina,Latam,3848844,1231630,2617214,4.45,5573.84,5578.29,118465,53847,0.095,100,Stable
2022-04,2022,Q2,Doja Cat,Pop,Argentina,Latam,257919,82534,175385,0.24,363.21,363.45,19639,8744,0.299,100,Stable
2022-04,2022,Q2,Brent Faiyaz,R&B,Argentina,Latam,1905062,609619,1295443,1.83,3396.92,3398.75,60646,35322,0.263,56,Rising
2022-04,2022,Q2,Post Malone,Hip-Hop,Argentina,Latam,1058603,338752,719851,1.08,1185.15,1186.23,80569,25970,0.185,100,Declining
2022-04,2022,Q2,Imagine Dragons,Rock,Argentina,Latam,1215654,389009,826645,1.31,1804.32,1805.63,76770,48394,0.219,86,Stable
2022-04,2022,Q2,Doja Cat,Pop,Chile,Latam,2016169,685497,1330672,2.36,2924.85,2927.21,49001,38449,0.332,100,Stable
2022-04,2022,Q2,Sza,R&B,Chile,Latam,1511698,513977,997721,1.86,1546.85,1548.71,112735,53446,0.099,86,Stable
2022-04,2022,Q2,Lil Baby,Hip-Hop,Chile,Latam,2745681,933531,1812150,3.0,2539.3,2542.3,172725,62047,0.163,85,Declining
2022-04,2022,Q2,Imagine Dragons,Rock,Chile,Latam,1822776,619743,1203033,2.24,2021.63,2023.87,130065,49920,0.132,77,Stable
2022-04,2022,Q2,Dua Lipa,Pop,Chile,Latam,2756542,937224,1819318,3.53,2568.47,2572.0,108335,78890,0.335,100,Rising
2022-04,2022,Q2,Kendrick Lamar,Hip-Hop,Chile,Latam,1455039,494713,960326,1.54,1939.83,1941.37,69310,66976,0.331,100,Rising
2022-04,2022,Q2,Blackpink,K-Pop,Chile,Latam,1606013,546044,1059969,2.08,1067.72,1069.8,62961,43155,0.142,90,Rising
2022-04,2022,Q2,Aespa,K-Pop,Chile,Latam,591050,200957,390093,0.65,430.93,431.58,20012,24869,0.31,67,Rising
2022-04,2022,Q2,Peso Pluma,Latin,Chile,Latam,5375616,1827709,3547907,5.53,10125.76,10131.29,316662,135379,0.284,100,Rising
2022-04,2022,Q2,H.E.R.,R&B,Chile,Latam,838458,285075,553383,0.97,1587.56,1588.53,19207,15436,0.233,65,Rising
2022-04,2022,Q2,Fred Again..,Electronic,Chile,Latam,1162936,395398,767538,1.44,1839.13,1840.57,67785,26541,0.105,53,Declining
2022-04,2022,Q2,Rauw Alejandro,Latin,Chile,Latam,6604547,2245545,4359002,7.71,4789.23,4796.94,357702,167155,0.284,100,Stable
2022-05,2022,Q2,Billie Eilish,Pop,Netherlands,Europe,8100214,5508145,2592069,57.88,2835.54,2893.42,437244,328316,0.117,100,Declining
2022-05,2022,Q2,Blackpink,K-Pop,Netherlands,Europe,4847424,3296248,1551176,35.8,2304.88,2340.68,361142,66527,0.206,100,Rising
2022-05,2022,Q2,Asake,Afrobeats,Netherlands,Europe,2639142,1794616,844526,18.88,2031.3,2050.18,204160,82482,0.188,63,Rising
2022-05,2022,Q2,Karol G,Latin,Netherlands,Europe,1969627,1339346,630281,13.07,1501.71,1514.78,146086,86697,0.192,72,Rising
2022-05,2022,Q2,Davido,Afrobeats,Netherlands,Europe,1120770,762123,358647,7.94,968.23,976.17,42085,18715,0.182,88,Rising
2022-05,2022,Q2,Tyla,Afrobeats,Netherlands,Europe,2828272,1923224,905048,17.45,1876.36,1893.81,215201,122742,0.307,80,Rising
2022-05,2022,Q2,The Weeknd,R&B/Pop,Netherlands,Europe,160643,109237,51406,1.19,89.34,90.53,11450,6761,0.174,98,Rising
2022-05,2022,Q2,Drake,Hip-Hop,Netherlands,Europe,4467672,3038016,1429656,29.48,2732.43,2761.91,278539,191366,0.144,89,Stable
2022-05,2022,Q2,Sza,R&B,Netherlands,Europe,3886460,2642792,1243668,28.51,2115.83,2144.34,165596,121810,0.08,83,Stable
2022-05,2022,Q2,Frank Ocean,R&B,Netherlands,Europe,3248919,2209264,1039655,18.86,1386.41,1405.27,183238,124645,0.086,73,Rising
2022-05,2022,Q2,Stray Kids,K-Pop,Netherlands,Europe,487241,331323,155918,3.17,389.06,392.23,25843,20791,0.339,79,Declining
2022-05,2022,Q2,Fred Again..,Electronic,United Kingdom,Europe,2320904,1508587,812317,13.16,2002.69,2015.85,132321,23479,0.083,100,Declining
2022-05,2022,Q2,J Balvin,Latin,United Kingdom,Europe,2155838,1401294,754544,14.36,1427.19,1441.55,151268,44407,0.201,66,Rising
2022-05,2022,Q2,Coldplay,Rock,United Kingdom,Europe,2607415,1694819,912596,16.96,945.43,962.39,198075,34243,0.266,100,Stable
2022-05,2022,Q2,Dua Lipa,Pop,United Kingdom,Europe,4592924,2985400,1607524,33.21,3302.67,3335.88,348107,134810,0.212,100,Rising
2022-05,2022,Q2,Bts,K-Pop,United Kingdom,Europe,1721193,1118775,602418,12.52,1699.81,1712.33,131840,53028,0.263,86,Stable
2022-05,2022,Q2,Billie Eilish,Pop,United Kingdom,Europe,5398306,3508898,1889408,33.35,3355.96,3389.31,186444,253611,0.221,100,Declining
2022-05,2022,Q2,Tyla,Afrobeats,United Kingdom,Europe,2133694,1386901,746793,12.09,1499.1,1511.19,66053,70324,0.252,84,Rising
2022-05,2022,Q2,J. Cole,Hip-Hop,United Kingdom,Europe,5986971,3891531,2095440,36.05,3800.38,3836.43,285002,131157,0.089,100,Stable
2022-05,2022,Q2,Disclosure,Electronic,United Kingdom,Europe,4826073,3136947,1689126,26.99,5049.12,5076.11,236087,194201,0.202,100,Rising
2022-05,2022,Q2,Ariana Grande,Pop,United Kingdom,Europe,8304677,5398040,2906637,59.4,6709.86,6769.26,303334,404517,0.167,100,Stable
2022-05,2022,Q2,Newjeans,K-Pop,Germany,Europe,1502219,1051553,450666,9.14,476.08,485.22,52104,67989,0.192,76,Stable
2022-05,2022,Q2,Taylor Swift,Pop,Germany,Europe,5074043,3551830,1522213,35.66,4286.81,4322.47,346366,64101,0.267,100,Stable
2022-05,2022,Q2,Fred Again..,Electronic,Germany,Europe,5040379,3528265,1512114,35.16,3883.95,3919.11,277400,67023,0.287,100,Declining
2022-05,2022,Q2,Arctic Monkeys,Rock,Germany,Europe,7804224,5462956,2341268,61.86,3664.87,3726.73,371887,287602,0.124,100,Rising
2022-05,2022,Q2,Bts,K-Pop,Germany,Europe,4228390,2959873,1268517,26.89,3765.26,3792.15,271357,173237,0.257,80,Stable
2022-05,2022,Q2,Karol G,Latin,Germany,Europe,3231032,2261722,969310,25.53,2365.04,2390.57,210756,60621,0.2,80,Rising
2022-05,2022,Q2,Harry Styles,Pop,Germany,Europe,8882658,6217860,2664798,57.26,4159.9,4217.16,614929,296439,0.217,100,Stable
2022-05,2022,Q2,Travis Scott,Hip-Hop,Germany,Europe,6151244,4305870,1845374,44.06,4539.21,4583.27,274689,216331,0.269,100,Declining
2022-05,2022,Q2,Aespa,K-Pop,Germany,Europe,2121969,1485378,636591,13.2,1599.41,1612.61,77570,98031,0.301,66,Rising
2022-05,2022,Q2,Rema,Afrobeats,Germany,Europe,975719,683003,292716,6.01,855.84,861.85,57719,27558,0.187,75,Rising
2022-05,2022,Q2,Stray Kids,K-Pop,Germany,Europe,2189884,1532918,656966,16.56,956.67,973.23,164971,73805,0.183,74,Declining
2022-05,2022,Q2,Harry Styles,Pop,Sweden,Europe,6305841,4540205,1765636,42.1,4440.31,4482.41,412735,267309,0.319,100,Stable
2022-05,2022,Q2,Nicki Minaj,Hip-Hop,Sweden,Europe,6814932,4906751,1908181,58.15,5523.45,5581.6,287188,105090,0.22,100,Stable
2022-05,2022,Q2,Lil Baby,Hip-Hop,Sweden,Europe,2901305,2088939,812366,20.29,1473.04,1493.33,124726,121235,0.203,71,Declining
2022-05,2022,Q2,Coldplay,Rock,Sweden,Europe,2801694,2017219,784475,23.41,2010.82,2034.23,73434,40054,0.107,92,Stable
2022-05,2022,Q2,Ed Sheeran,Pop,Sweden,Europe,9273656,6677032,2596624,68.75,5404.91,5473.66,724070,187395,0.312,100,Rising
2022-05,2022,Q2,Burna Boy,Afrobeats,Sweden,Europe,2656245,1912496,743749,19.6,757.6,777.2,123631,31457,0.227,77,Rising
2022-05,2022,Q2,Peso Pluma,Latin,Sweden,Europe,3749767,2699832,1049935,31.45,2439.84,2471.29,172650,160404,0.325,74,Rising
2022-05,2022,Q2,Stray Kids,K-Pop,Sweden,Europe,2100692,1512498,588194,17.42,654.07,671.49,102527,65992,0.126,72,Declining
2022-05,2022,Q2,Ariana Grande,Pop,Sweden,Europe,2988479,2151704,836775,20.98,2349.59,2370.57,117267,95910,0.094,100,Stable
2022-05,2022,Q2,Doja Cat,Pop,Sweden,Europe,2648735,1907089,741646,21.72,1224.87,1246.59,182815,69798,0.168,100,Stable
2022-05,2022,Q2,21 Savage,Hip-Hop,Sweden,Europe,3242588,2334663,907925,24.11,1717.14,1741.25,239104,48788,0.113,73,Declining
2022-05,2022,Q2,Wizkid,Afrobeats,France,Europe,3546449,2198798,1347651,24.44,2160.17,2184.61,91049,143047,0.244,98,Rising
2022-05,2022,Q2,Coldplay,Rock,France,Europe,1274595,790248,484347,8.18,685.66,693.84,64041,40526,0.157,100,Stable
2022-05,2022,Q2,Taylor Swift,Pop,France,Europe,10270251,6367555,3902696,56.1,7749.05,7805.15,304439,504583,0.123,100,Stable
2022-05,2022,Q2,Giveon,R&B,France,Europe,1145450,710179,435271,7.37,690.27,697.64,48581,42151,0.099,92,Rising
2022-05,2022,Q2,Karol G,Latin,France,Europe,3396934,2106099,1290835,22.87,1371.42,1394.29,265001,105521,0.162,76,Rising
2022-05,2022,Q2,Billie Eilish,Pop,France,Europe,1530364,948825,581539,10.82,1287.33,1298.15,41618,34937,0.314,100,Declining
2022-05,2022,Q2,Post Malone,Hip-Hop,France,Europe,2949814,1828884,1120930,19.38,1273.4,1292.78,93294,54815,0.279,100,Declining
2022-05,2022,Q2,Ariana Grande,Pop,France,Europe,5827747,3613203,2214544,36.68,3048.92,3085.6,136222,77091,0.348,100,Stable
2022-05,2022,Q2,Bts,K-Pop,France,Europe,4134311,2563272,1571039,25.87,4537.29,4563.16,180986,156088,0.212,83,Stable
2022-05,2022,Q2,Disclosure,Electronic,Ireland,Europe,7168932,4588116,2580816,45.43,6228.24,6273.67,547981,166124,0.091,100,Rising
2022-05,2022,Q2,Miley Cyrus,Pop,Ireland,Europe,6043320,3867724,2175596,33.72,5129.13,5162.85,184713,233687,0.271,100,Stable
2022-05,2022,Q2,Stray Kids,K-Pop,Ireland,Europe,2970301,1900992,1069309,19.22,2886.28,2905.5,144974,74044,0.213,77,Declining
2022-05,2022,Q2,Burna Boy,Afrobeats,Ireland,Europe,3312893,2120251,1192642,22.41,2430.99,2453.4,125503,89122,0.161,74,Rising
2022-05,2022,Q2,Newjeans,K-Pop,Ireland,Europe,2360812,1510919,849893,14.65,1850.74,1865.39,59854,64306,0.127,68,Stable
2022-05,2022,Q2,Lil Baby,Hip-Hop,Ireland,Europe,1480372,947438,532934,8.85,1486.75,1495.6,31757,35446,0.275,70,Declining
2022-05,2022,Q2,Karol G,Latin,Ireland,Europe,2633041,1685146,947895,17.02,1475.34,1492.36,62393,43445,0.322,79,Rising
2022-05,2022,Q2,Blackpink,K-Pop,Ireland,Europe,1449600,927744,521856,9.62,678.98,688.6,69787,43744,0.238,96,Rising
2022-05,2022,Q2,21 Savage,Hip-Hop,Spain,Europe,2846626,1565644,1280982,13.71,2392.31,2406.02,117701,87235,0.162,82,Declining
2022-05,2022,Q2,Bts,K-Pop,Spain,Europe,350659,192862,157797,1.74,184.91,186.65,22037,6259,0.266,80,Stable
2022-05,2022,Q2,Coldplay,Rock,Spain,Europe,3758192,2067005,1691187,20.99,3474.2,3495.19,240725,45866,0.32,100,Stable
2022-05,2022,Q2,Miley Cyrus,Pop,Spain,Europe,1226700,674685,552015,6.6,1454.63,1461.23,86576,37804,0.312,100,Stable
2022-05,2022,Q2,Bad Bunny,Latin,Spain,Europe,3615853,1988719,1627134,21.51,3093.85,3115.36,235813,174376,0.288,80,Stable
2022-05,2022,Q2,Travis Scott,Hip-Hop,Spain,Europe,2555249,1405386,1149863,14.68,1417.26,1431.94,133344,70233,0.152,100,Declining
2022-05,2022,Q2,Paramore,Rock,Spain,Europe,4354349,2394891,1959458,27.4,5724.42,5751.82,170817,217072,0.308,100,Stable
2022-05,2022,Q2,Newjeans,K-Pop,Spain,Europe,469469,258207,211262,2.48,373.31,375.79,32955,16915,0.246,58,Stable
2022-05,2022,Q2,Ed Sheeran,Pop,Spain,Europe,4713155,2592235,2120920,24.41,2205.95,2230.36,259007,178880,0.311,100,Rising
2022-05,2022,Q2,Olivia Rodrigo,Pop,Spain,Europe,2694570,1482013,1212557,14.57,2044.29,2058.86,76242,74312,0.214,100,Rising
2022-05,2022,Q2,Lil Baby,Hip-Hop,Spain,Europe,4083146,2245730,1837416,25.54,4039.66,4065.2,279485,58692,0.187,74,Declining
2022-05,2022,Q2,Davido,Afrobeats,Italy,Europe,1733386,901360,832026,9.28,1670.08,1679.36,124846,83387,0.189,94,Rising
2022-05,2022,Q2,Newjeans,K-Pop,Italy,Europe,2402092,1249087,1153005,12.69,3335.36,3348.05,107853,55434,0.244,79,Stable
2022-05,2022,Q2,Lil Baby,Hip-Hop,Italy,Europe,2340774,1217202,1123572,12.14,3284.43,3296.57,154908,69128,0.171,77,Declining
2022-05,2022,Q2,Taylor Swift,Pop,Italy,Europe,7496454,3898156,3598298,37.42,7238.4,7275.82,401966,293445,0.176,100,Stable
2022-05,2022,Q2,Burna Boy,Afrobeats,Italy,Europe,1781452,926355,855097,9.64,1298.81,1308.45,44676,26313,0.141,80,Rising
2022-05,2022,Q2,Wizkid,Afrobeats,Italy,Europe,1135189,590298,544891,5.08,758.21,763.29,79014,49075,0.159,100,Rising
2022-05,2022,Q2,Twenty One Pilots,Rock,Italy,Europe,3655509,1900864,1754645,17.09,1918.48,1935.57,244085,73488,0.304,100,Stable
2022-05,2022,Q2,Disclosure,Electronic,Italy,Europe,10059347,5230860,4828487,54.8,9317.58,9372.38,581785,281500,0.131,100,Rising
2022-05,2022,Q2,Stray Kids,K-Pop,Italy,Europe,452627,235366,217261,2.58,229.68,232.26,26184,10855,0.159,73,Declining
2022-05,2022,Q2,Miley Cyrus,Pop,Italy,Europe,2678837,1392995,1285842,12.06,3396.27,3408.33,59635,66131,0.226,100,Stable
2022-05,2022,Q2,Peso Pluma,Latin,Italy,Europe,3641466,1893562,1747904,18.42,2530.19,2548.61,276577,107511,0.25,86,Rising
2022-05,2022,Q2,Blackpink,K-Pop,United States,Americas,3898947,2261389,1637558,21.13,2031.09,2052.22,203030,144281,0.193,100,Rising
2022-05,2022,Q2,Asake,Afrobeats,United States,Americas,203500,118029,85471,1.18,229.06,230.24,12921,9318,0.112,63,Rising
2022-05,2022,Q2,Davido,Afrobeats,United States,Americas,748891,434356,314535,4.39,776.81,781.2,28663,12762,0.292,88,Rising
2022-05,2022,Q2,Coldplay,Rock,United States,Americas,3138058,1820073,1317985,22.09,3351.82,3373.91,228616,132519,0.243,84,Stable
2022-05,2022,Q2,Arctic Monkeys,Rock,United States,Americas,3788365,2197251,1591114,22.3,3018.05,3040.35,148625,150688,0.342,100,Rising
2022-05,2022,Q2,Bad Bunny,Latin,United States,Americas,8149309,4726599,3422710,45.59,8416.56,8462.15,332795,303496,0.181,100,Stable
2022-05,2022,Q2,Bts,K-Pop,United States,Americas,2975972,1726063,1249909,20.4,2471.33,2491.73,167229,68516,0.346,78,Stable
2022-05,2022,Q2,Tyla,Afrobeats,United States,Americas,3974467,2305190,1669277,22.33,2099.11,2121.44,212317,181867,0.343,75,Rising
2022-05,2022,Q2,Travis Scott,Hip-Hop,United States,Americas,566893,328797,238096,3.25,566.26,569.51,28840,10207,0.166,100,Declining
2022-05,2022,Q2,21 Savage,Hip-Hop,United States,Americas,358479,207917,150562,2.33,395.05,397.38,24547,6307,0.11,100,Declining
2022-05,2022,Q2,Imagine Dragons,Rock,United States,Americas,4259645,2470594,1789051,23.39,4012.71,4036.1,284001,127850,0.177,100,Stable
2022-05,2022,Q2,Fred Again..,Electronic,United States,Americas,2371637,1375549,996088,16.64,1823.17,1839.81,156273,40280,0.167,58,Declining
2022-05,2022,Q2,Karol G,Latin,Brazil,Americas,11327844,4304580,7023264,23.09,20573.82,20596.91,276555,137490,0.333,100,Rising
2022-05,2022,Q2,Dua Lipa,Pop,Brazil,Americas,367836,139777,228059,0.75,455.77,456.52,13366,6170,0.248,100,Rising
2022-05,2022,Q2,Tyla,Afrobeats,Brazil,Americas,778089,295673,482416,1.64,730.05,731.69,43245,36912,0.263,84,Rising
2022-05,2022,Q2,Blackpink,K-Pop,Brazil,Americas,2509403,953573,1555830,4.42,3769.05,3773.47,65242,28461,0.231,100,Rising
2022-05,2022,Q2,Bad Bunny,Latin,Brazil,Americas,6965568,2646915,4318653,13.42,10900.56,10913.98,363900,303917,0.089,100,Stable
2022-05,2022,Q2,Sza,R&B,Brazil,Americas,413244,157032,256212,0.8,284.57,285.37,11849,15624,0.118,100,Stable
2022-05,2022,Q2,Disclosure,Electronic,Brazil,Americas,1268198,481915,786283,2.72,794.69,797.41,82298,58491,0.118,65,Rising
2022-05,2022,Q2,Miley Cyrus,Pop,Brazil,Americas,1605187,609971,995216,3.01,2600.49,2603.5,49405,77664,0.184,100,Stable
2022-05,2022,Q2,Stray Kids,K-Pop,Brazil,Americas,3117964,1184826,1933138,6.65,2739.84,2746.49,186817,40994,0.243,69,Declining
2022-05,2022,Q2,Ed Sheeran,Pop,Mexico,Americas,9527306,3334557,6192749,15.26,10866.88,10882.14,444785,112968,0.084,100,Rising
2022-05,2022,Q2,Newjeans,K-Pop,Mexico,Americas,3036329,1062715,1973614,4.48,2479.6,2484.08,138217,60387,0.282,58,Stable
2022-05,2022,Q2,Twenty One Pilots,Rock,Mexico,Americas,2258195,790368,1467827,3.21,1510.49,1513.7,56131,74716,0.333,100,Stable
2022-05,2022,Q2,Davido,Afrobeats,Mexico,Americas,5021813,1757634,3264179,6.56,5732.06,5738.62,131454,194650,0.216,100,Rising
2022-05,2022,Q2,The Weeknd,R&B/Pop,Mexico,Americas,2266027,793109,1472918,3.57,2149.89,2153.46,147226,79814,0.282,92,Rising
2022-05,2022,Q2,Peso Pluma,Latin,Mexico,Americas,11063553,3872243,7191310,13.28,19836.57,19849.85,229907,528727,0.212,100,Rising
2022-05,2022,Q2,Sza,R&B,Mexico,Americas,3799539,1329838,2469701,5.44,5181.1,5186.54,125989,103178,0.256,100,Stable
2022-05,2022,Q2,Aespa,K-Pop,Mexico,Americas,2421506,847527,1573979,3.74,3717.48,3721.22,75538,50305,0.296,67,Rising
2022-05,2022,Q2,Taylor Swift,Pop,Colombia,Americas,1982857,594857,1388000,2.0,4138.22,4140.22,69116,59997,0.308,100,Stable
2022-05,2022,Q2,Giveon,R&B,Colombia,Americas,9768537,2930561,6837976,9.4,13894.03,13903.43,343946,465192,0.325,100,Rising
2022-05,2022,Q2,Miley Cyrus,Pop,Colombia,Americas,4667387,1400216,3267171,4.95,7940.97,7945.92,249256,206250,0.331,100,Stable
2022-05,2022,Q2,Karol G,Latin,Colombia,Americas,5489262,1646778,3842484,5.58,4807.13,4812.71,377754,62745,0.223,100,Rising
2022-05,2022,Q2,Disclosure,Electronic,Colombia,Americas,4374859,1312457,3062402,4.84,5408.63,5413.47,315628,143201,0.199,65,Rising
2022-05,2022,Q2,H.E.R.,R&B,Colombia,Americas,6357281,1907184,4450097,7.34,6483.54,6490.88,457632,72046,0.326,100,Rising
2022-05,2022,Q2,Olivia Rodrigo,Pop,Colombia,Americas,1645205,493561,1151644,1.87,1832.85,1834.72,81831,44165,0.191,100,Rising
2022-05,2022,Q2,Blackpink,K-Pop,Colombia,Americas,4077325,1223197,2854128,4.15,4508.84,4512.99,85097,134525,0.189,93,Rising
2022-05,2022,Q2,J. Cole,Hip-Hop,Colombia,Americas,7975254,2392576,5582678,7.96,9578.1,9586.06,163549,347468,0.089,100,Stable
2022-05,2022,Q2,Davido,Afrobeats,Colombia,Americas,3770536,1131160,2639376,4.39,2720.92,2725.31,173987,71530,0.185,94,Rising
2022-05,2022,Q2,J Balvin,Latin,Colombia,Americas,1262391,378717,883674,1.34,2452.76,2454.1,33175,54164,0.137,100,Rising
2022-05,2022,Q2,Davido,Afrobeats,Nigeria,Africa,1589570,286122,1303448,0.94,2020.96,2021.9,38963,60898,0.21,100,Rising
2022-05,2022,Q2,Sza,R&B,Nigeria,Africa,4046131,728303,3317828,2.02,9189.9,9191.92,221004,76252,0.153,100,Stable
2022-05,2022,Q2,Arctic Monkeys,Rock,Nigeria,Africa,1875732,337631,1538101,0.95,4033.17,4034.12,47370,79206,0.261,100,Rising
2022-05,2022,Q2,Bad Bunny,Latin,Nigeria,Africa,146873,26437,120436,0.07,179.4,179.47,8935,2181,0.111,64,Stable
2022-05,2022,Q2,Tyla,Afrobeats,Nigeria,Africa,2119720,381549,1738171,1.3,1868.72,1870.02,82584,47830,0.251,100,Rising
2022-05,2022,Q2,Martin Garrix,Electronic,Nigeria,Africa,1260502,226890,1033612,0.61,2732.46,2733.07,83388,42691,0.171,91,Rising
2022-05,2022,Q2,Stray Kids,K-Pop,Nigeria,Africa,964739,173653,791086,0.6,2197.39,2197.99,22092,31383,0.255,71,Declining
2022-05,2022,Q2,H.E.R.,R&B,Nigeria,Africa,461174,83011,378163,0.22,850.82,851.04,29391,21802,0.155,100,Rising
2022-05,2022,Q2,Calvin Harris,Electronic,South Africa,Africa,1222043,342172,879871,1.44,2260.78,2262.22,85038,56886,0.318,69,Rising
2022-05,2022,Q2,Olivia Rodrigo,Pop,South Africa,Africa,2334370,653623,1680747,2.9,2739.39,2742.29,64752,67086,0.242,84,Rising
2022-05,2022,Q2,21 Savage,Hip-Hop,South Africa,Africa,2481421,694797,1786624,2.86,5130.53,5133.39,84468,33190,0.15,95,Declining
2022-05,2022,Q2,Martin Garrix,Electronic,South Africa,Africa,1633566,457398,1176168,1.74,2142.53,2144.27,34471,34012,0.297,94,Rising
2022-05,2022,Q2,Sza,R&B,South Africa,Africa,996930,279140,717790,1.09,1840.42,1841.51,66831,28044,0.294,100,Stable
2022-05,2022,Q2,Burna Boy,Afrobeats,South Africa,Africa,2592131,725796,1866335,2.7,3041.53,3044.23,70008,54243,0.137,100,Rising
2022-05,2022,Q2,Post Malone,Hip-Hop,South Africa,Africa,583933,163501,420432,0.7,998.34,999.04,15033,27388,0.233,100,Declining
2022-05,2022,Q2,Billie Eilish,Pop,South Africa,Africa,2236608,626250,1610358,2.19,3781.14,3783.33,52312,82562,0.308,100,Declining
2022-05,2022,Q2,The Weeknd,R&B/Pop,Kenya,Africa,727776,109166,618610,0.29,1204.08,1204.37,41529,20561,0.321,95,Rising
2022-05,2022,Q2,Martin Garrix,Electronic,Kenya,Africa,2266359,339953,1926406,0.87,3677.21,3678.08,146653,42024,0.083,100,Rising
2022-05,2022,Q2,H.E.R.,R&B,Kenya,Africa,2690442,403566,2286876,1.05,3410.33,3411.38,71449,112394,0.107,100,Rising
2022-05,2022,Q2,Brent Faiyaz,R&B,Kenya,Africa,1226160,183924,1042236,0.52,3084.46,3084.98,44260,14271,0.27,100,Rising
2022-05,2022,Q2,Peso Pluma,Latin,Kenya,Africa,1270745,190611,1080134,0.44,2098.93,2099.37,79623,35023,0.11,65,Rising
2022-05,2022,Q2,Drake,Hip-Hop,Kenya,Africa,843954,126593,717361,0.34,1287.86,1288.2,33909,16355,0.21,100,Stable
2022-05,2022,Q2,Wizkid,Afrobeats,Kenya,Africa,4214580,632187,3582393,1.54,6424.86,6426.4,321501,67961,0.083,100,Rising
2022-05,2022,Q2,Doja Cat,Pop,Kenya,Africa,1772695,265904,1506791,0.68,2819.47,2820.15,79577,69682,0.265,100,Stable
2022-05,2022,Q2,Dua Lipa,Pop,Kenya,Africa,709044,106356,602688,0.28,1245.0,1245.28,53789,34075,0.178,100,Rising
2022-05,2022,Q2,Tyla,Afrobeats,Kenya,Africa,4891880,733782,4158098,1.93,9652.84,9654.77,376852,191698,0.094,100,Rising
2022-05,2022,Q2,Harry Styles,Pop,Kenya,Africa,2806747,421012,2385735,1.2,4925.61,4926.81,208595,37390,0.132,100,Stable
2022-05,2022,Q2,Asake,Afrobeats,Ghana,Africa,2521110,352955,2168155,0.78,2373.76,2374.54,171612,86159,0.134,100,Rising
2022-05,2022,Q2,Rema,Afrobeats,Ghana,Africa,2388487,334388,2054099,0.77,3307.98,3308.75,187316,87262,0.19,100,Rising
2022-05,2022,Q2,Rauw Alejandro,Latin,Ghana,Africa,2015564,282178,1733386,0.58,3570.2,3570.78,75380,70859,0.112,80,Stable
2022-05,2022,Q2,Miley Cyrus,Pop,Ghana,Africa,916881,128363,788518,0.26,1202.18,1202.44,64487,10354,0.22,89,Stable
2022-05,2022,Q2,21 Savage,Hip-Hop,Ghana,Africa,2400823,336115,2064708,0.84,2616.16,2617.0,92754,83138,0.267,100,Declining
2022-05,2022,Q2,Aespa,K-Pop,Ghana,Africa,1352086,189292,1162794,0.46,2662.46,2662.92,57377,64951,0.086,69,Rising
2022-05,2022,Q2,Karol G,Latin,Ghana,Africa,1620782,226909,1393873,0.5,2067.4,2067.9,97785,28963,0.322,58,Rising
2022-05,2022,Q2,Imagine Dragons,Rock,Ghana,Africa,1936853,271159,1665694,0.66,2948.14,2948.8,85488,80053,0.34,82,Stable
2022-05,2022,Q2,Kendrick Lamar,Hip-Hop,Ghana,Africa,3085584,431981,2653603,1.12,3137.89,3139.01,65322,130298,0.109,100,Rising
2022-05,2022,Q2,Drake,Hip-Hop,Ghana,Africa,2473043,346226,2126817,0.86,4195.75,4196.61,93745,87851,0.158,100,Stable
2022-05,2022,Q2,Billie Eilish,Pop,Japan,Asia,3793177,2275906,1517271,18.72,4152.15,4170.87,142937,38206,0.14,100,Declining
2022-05,2022,Q2,Calvin Harris,Electronic,Japan,Asia,1106275,663765,442510,5.81,1271.0,1276.81,56651,27206,0.316,97,Rising
2022-05,2022,Q2,Bad Bunny,Latin,Japan,Asia,1950498,1170298,780200,10.21,1327.49,1337.7,127687,64943,0.266,81,Stable
2022-05,2022,Q2,Giveon,R&B,Japan,Asia,1476909,886145,590764,9.5,721.82,731.32,65537,60319,0.198,90,Rising
2022-05,2022,Q2,Sza,R&B,Japan,Asia,3054738,1832842,1221896,19.02,3619.22,3638.24,230916,140288,0.278,72,Stable
2022-05,2022,Q2,21 Savage,Hip-Hop,Japan,Asia,1080904,648542,432362,5.81,687.55,693.36,69182,48479,0.132,58,Declining
2022-05,2022,Q2,Stray Kids,K-Pop,Japan,Asia,9283455,5570073,3713382,47.6,8033.17,8080.77,729002,375593,0.194,100,Declining
2022-05,2022,Q2,Twenty One Pilots,Rock,Japan,Asia,2071755,1243053,828702,12.85,1807.28,1820.13,53482,66132,0.27,59,Stable
2022-05,2022,Q2,Miley Cyrus,Pop,Japan,Asia,3815124,2289074,1526050,18.5,2527.35,2545.85,227469,149616,0.202,100,Stable
2022-05,2022,Q2,Bts,K-Pop,South Korea,Asia,2137545,1175649,961896,8.1,1713.62,1721.72,144179,90033,0.273,100,Stable
2022-05,2022,Q2,Martin Garrix,Electronic,South Korea,Asia,6320150,3476082,2844068,24.47,3871.7,3896.17,175710,146034,0.137,100,Rising
2022-05,2022,Q2,J. Cole,Hip-Hop,South Korea,Asia,1224516,673483,551033,4.61,1451.29,1455.9,25515,44431,0.179,88,Stable
2022-05,2022,Q2,Brent Faiyaz,R&B,South Korea,Asia,3654424,2009933,1644491,17.58,3271.73,3289.31,102417,166013,0.255,53,Rising
2022-05,2022,Q2,H.E.R.,R&B,South Korea,Asia,2843401,1563870,1279531,12.11,1347.21,1359.32,114115,139442,0.316,60,Rising
2022-05,2022,Q2,Fred Again..,Electronic,South Korea,Asia,4607087,2533897,2073190,17.98,5818.62,5836.6,277976,211470,0.201,79,Declining
2022-05,2022,Q2,Taylor Swift,Pop,South Korea,Asia,9170187,5043602,4126585,36.54,10492.45,10528.99,646373,318276,0.254,100,Stable
2022-05,2022,Q2,Frank Ocean,R&B,South Korea,Asia,1334814,734147,600667,5.83,1217.8,1223.63,45938,20006,0.238,74,Rising
2022-05,2022,Q2,Burna Boy,Afrobeats,South Korea,Asia,3785780,2082179,1703601,16.23,3436.3,3452.53,184008,78846,0.088,84,Rising
2022-05,2022,Q2,Drake,Hip-Hop,India,Asia,3769560,829303,2940257,1.83,7331.49,7333.32,269395,112330,0.115,75,Stable
2022-05,2022,Q2,Olivia Rodrigo,Pop,India,Asia,6369558,1401302,4968256,2.55,11650.78,11653.33,396540,206022,0.324,100,Rising
2022-05,2022,Q2,Peso Pluma,Latin,India,Asia,2574072,566295,2007777,1.0,4281.77,4282.77,113012,55043,0.126,76,Rising
2022-05,2022,Q2,Asake,Afrobeats,India,Asia,3172777,698010,2474767,1.52,5219.23,5220.75,97683,91091,0.341,60,Rising
2022-05,2022,Q2,Twenty One Pilots,Rock,India,Asia,3437301,756206,2681095,1.67,3206.9,3208.57,158727,166682,0.305,61,Stable
2022-05,2022,Q2,Wizkid,Afrobeats,India,Asia,3579382,787464,2791918,1.48,4366.17,4367.65,185596,43193,0.123,100,Rising
2022-05,2022,Q2,Martin Garrix,Electronic,India,Asia,7537902,1658338,5879564,3.25,11960.45,11963.7,496119,210256,0.293,100,Rising
2022-05,2022,Q2,Rauw Alejandro,Latin,India,Asia,777150,170973,606177,0.34,1441.78,1442.12,43879,24500,0.207,82,Stable
2022-05,2022,Q2,J. Cole,Hip-Hop,India,Asia,1872088,411859,1460229,0.84,2696.86,2697.7,95281,31501,0.259,88,Stable
2022-05,2022,Q2,Bts,K-Pop,India,Asia,9591332,2110093,7481239,4.41,18001.27,18005.68,359569,276372,0.338,100,Stable
2022-05,2022,Q2,Fred Again..,Electronic,India,Asia,1284684,282630,1002054,0.6,2581.61,2582.21,79966,43151,0.201,85,Declining
2022-05,2022,Q2,Travis Scott,Hip-Hop,India,Asia,279194,61422,217772,0.12,587.98,588.1,19760,6771,0.305,100,Declining
2022-05,2022,Q2,Blackpink,K-Pop,Indonesia,Asia,3398653,679730,2718923,1.7,4785.09,4786.79,159427,167301,0.175,100,Rising
2022-05,2022,Q2,The Weeknd,R&B/Pop,Indonesia,Asia,1047718,209543,838175,0.58,1371.57,1372.15,31388,41736,0.182,92,Rising
2022-05,2022,Q2,21 Savage,Hip-Hop,Indonesia,Asia,3783089,756617,3026472,1.61,3815.42,3817.03,145861,55517,0.346,60,Declining
2022-05,2022,Q2,Bad Bunny,Latin,Indonesia,Asia,2618673,523734,2094939,1.13,5708.43,5709.56,203444,52032,0.202,68,Stable
2022-05,2022,Q2,Imagine Dragons,Rock,Indonesia,Asia,4373228,874645,3498583,2.03,4945.86,4947.89,259076,116540,0.129,92,Stable
2022-05,2022,Q2,Asake,Afrobeats,Indonesia,Asia,1519535,303907,1215628,0.71,1803.9,1804.61,55778,69684,0.252,60,Rising
2022-05,2022,Q2,Sza,R&B,Indonesia,Asia,208941,41788,167153,0.11,233.29,233.4,14751,3792,0.281,84,Stable
2022-05,2022,Q2,Burna Boy,Afrobeats,Indonesia,Asia,3503018,700603,2802415,1.9,8382.61,8384.51,123165,96231,0.22,77,Rising
2022-05,2022,Q2,Martin Garrix,Electronic,Indonesia,Asia,5264222,1052844,4211378,2.25,4680.94,4683.19,121836,243799,0.275,100,Rising
2022-05,2022,Q2,Doja Cat,Pop,Indonesia,Asia,5081948,1016389,4065559,2.27,7252.48,7254.75,251049,73263,0.193,100,Stable
2022-05,2022,Q2,J Balvin,Latin,Indonesia,Asia,208839,41767,167072,0.09,338.78,338.87,7078,3602,0.299,60,Rising
2022-05,2022,Q2,Taylor Swift,Pop,Argentina,Latam,805812,257859,547953,0.94,863.08,864.02,32220,21806,0.118,100,Stable
2022-05,2022,Q2,Imagine Dragons,Rock,Argentina,Latam,2060529,659369,1401160,2.05,2187.59,2189.64,161409,33245,0.278,83,Stable
2022-05,2022,Q2,Sza,R&B,Argentina,Latam,1762899,564127,1198772,1.74,1643.58,1645.32,104188,67878,0.266,73,Stable
2022-05,2022,Q2,Harry Styles,Pop,Argentina,Latam,3117604,997633,2119971,3.05,3631.41,3634.46,92800,92173,0.294,100,Stable
2022-05,2022,Q2,Paramore,Rock,Argentina,Latam,987004,315841,671163,0.89,1267.31,1268.2,66012,36718,0.251,71,Stable
2022-05,2022,Q2,Stray Kids,K-Pop,Argentina,Latam,1661962,531827,1130135,1.7,2434.24,2435.94,48413,28362,0.157,84,Declining
2022-05,2022,Q2,Burna Boy,Afrobeats,Argentina,Latam,1192390,381564,810826,1.29,1904.13,1905.42,81387,43362,0.187,40,Rising
2022-05,2022,Q2,Post Malone,Hip-Hop,Argentina,Latam,4067146,1301486,2765660,4.73,3404.63,3409.36,317894,196789,0.177,100,Declining
2022-05,2022,Q2,H.E.R.,R&B,Argentina,Latam,2122346,679150,1443196,2.35,1636.85,1639.2,118049,86764,0.304,58,Rising
2022-05,2022,Q2,Asake,Afrobeats,Argentina,Latam,400144,128046,272098,0.47,536.19,536.66,21016,18711,0.323,29,Rising
2022-05,2022,Q2,Martin Garrix,Electronic,Chile,Latam,2912012,990084,1921928,3.4,2593.48,2596.88,92948,61817,0.35,89,Rising
2022-05,2022,Q2,Travis Scott,Hip-Hop,Chile,Latam,1277622,434391,843231,1.45,947.02,948.47,46247,52046,0.319,100,Declining
2022-05,2022,Q2,Calvin Harris,Electronic,Chile,Latam,2014018,684766,1329252,2.13,3392.19,3394.32,136656,63475,0.164,59,Rising
2022-05,2022,Q2,J. Cole,Hip-Hop,Chile,Latam,243920,82932,160988,0.3,163.78,164.08,18452,3085,0.179,100,Stable
2022-05,2022,Q2,Sza,R&B,Chile,Latam,129289,43958,85331,0.16,232.31,232.47,3785,3628,0.19,70,Stable
2022-05,2022,Q2,Fred Again..,Electronic,Chile,Latam,1704378,579488,1124890,1.81,1956.51,1958.32,67763,45918,0.234,58,Declining
2022-05,2022,Q2,Ed Sheeran,Pop,Chile,Latam,4063369,1381545,2681824,5.48,3205.89,3211.37,84924,66818,0.349,100,Rising
2022-05,2022,Q2,Brent Faiyaz,R&B,Chile,Latam,424822,144439,280383,0.52,435.73,436.25,30476,9065,0.265,59,Rising
2022-05,2022,Q2,The Weeknd,R&B/Pop,Chile,Latam,3031115,1030579,2000536,3.64,5915.36,5919.0,207937,97687,0.336,93,Rising
2022-06,2022,Q2,Wizkid,Afrobeats,Netherlands,Europe,246354,167520,78834,1.61,144.76,146.37,13006,7917,0.214,100,Rising
2022-06,2022,Q2,Peso Pluma,Latin,Netherlands,Europe,3733947,2539083,1194864,23.19,1665.53,1688.72,167152,71359,0.238,82,Rising
2022-06,2022,Q2,Dua Lipa,Pop,Netherlands,Europe,1163177,790960,372217,8.84,666.12,674.96,89796,34203,0.343,100,Rising
2022-06,2022,Q2,Twenty One Pilots,Rock,Netherlands,Europe,4938370,3358091,1580279,34.09,3346.53,3380.62,308262,84442,0.148,100,Stable
2022-06,2022,Q2,Rema,Afrobeats,Netherlands,Europe,1397801,950504,447297,9.53,935.66,945.19,30829,23503,0.215,82,Rising
2022-06,2022,Q2,Ed Sheeran,Pop,Netherlands,Europe,6819645,4637358,2182287,41.38,2222.62,2264.0,467073,116259,0.244,100,Rising
2022-06,2022,Q2,Billie Eilish,Pop,Netherlands,Europe,3459437,2352417,1107020,24.55,1792.12,1816.67,195015,107070,0.087,100,Declining
2022-06,2022,Q2,Burna Boy,Afrobeats,Netherlands,Europe,1331591,905481,426110,9.1,942.35,951.45,103560,44713,0.207,79,Rising
2022-06,2022,Q2,Brent Faiyaz,R&B,United Kingdom,Europe,1624823,1056134,568689,10.95,1460.86,1471.81,95683,64876,0.325,77,Rising
2022-06,2022,Q2,Karol G,Latin,United Kingdom,Europe,173564,112816,60748,1.23,95.92,97.15,10387,4697,0.32,85,Rising
2022-06,2022,Q2,Kendrick Lamar,Hip-Hop,United Kingdom,Europe,1191017,774161,416856,7.17,1167.75,1174.92,82679,44435,0.269,100,Rising
2022-06,2022,Q2,Travis Scott,Hip-Hop,United Kingdom,Europe,1810587,1176881,633706,12.55,1145.5,1158.05,59540,43886,0.157,100,Declining
2022-06,2022,Q2,Ed Sheeran,Pop,United Kingdom,Europe,2287141,1486641,800500,14.9,2365.36,2380.26,84397,66845,0.201,100,Rising
2022-06,2022,Q2,Arctic Monkeys,Rock,United Kingdom,Europe,7769314,5050054,2719260,51.95,4996.69,5048.64,356694,94453,0.219,100,Rising
2022-06,2022,Q2,Rema,Afrobeats,United Kingdom,Europe,2153158,1399552,753606,13.9,2157.67,2171.57,134513,85947,0.133,80,Rising
2022-06,2022,Q2,Aespa,K-Pop,United Kingdom,Europe,877137,570139,306998,5.21,543.42,548.63,56466,23424,0.279,67,Rising
2022-06,2022,Q2,Newjeans,K-Pop,United Kingdom,Europe,1737769,1129549,608220,12.63,808.19,820.82,118596,72427,0.114,69,Stable
2022-06,2022,Q2,Lil Baby,Hip-Hop,United Kingdom,Europe,3690952,2399118,1291834,23.9,1387.56,1411.46,192354,140964,0.172,71,Declining
2022-06,2022,Q2,J. Cole,Hip-Hop,Germany,Europe,1058609,741026,317583,7.05,408.46,415.51,75662,23664,0.258,100,Stable
2022-06,2022,Q2,Blackpink,K-Pop,Germany,Europe,3089415,2162590,926825,18.93,2165.4,2184.33,227840,38035,0.118,100,Rising
2022-06,2022,Q2,Burna Boy,Afrobeats,Germany,Europe,1651489,1156042,495447,9.9,991.22,1001.12,80950,26941,0.286,80,Rising
2022-06,2022,Q2,Davido,Afrobeats,Germany,Europe,3469360,2428552,1040808,27.84,2470.15,2497.99,244525,92263,0.287,85,Rising
2022-06,2022,Q2,Ariana Grande,Pop,Germany,Europe,8034831,5624381,2410450,49.23,2586.51,2635.74,459731,174932,0.103,100,Stable
2022-06,2022,Q2,Bts,K-Pop,Germany,Europe,3900909,2730636,1170273,25.99,1366.58,1392.57,310388,58854,0.1,79,Stable
2022-06,2022,Q2,Olivia Rodrigo,Pop,Germany,Europe,8865786,6206050,2659736,58.82,4742.07,4800.89,316745,210312,0.191,100,Rising
2022-06,2022,Q2,Miley Cyrus,Pop,Germany,Europe,2885366,2019756,865610,21.19,1400.19,1421.38,108335,120986,0.292,100,Stable
2022-06,2022,Q2,Post Malone,Hip-Hop,Germany,Europe,2454566,1718196,736370,15.84,2026.92,2042.76,51895,96459,0.332,100,Declining
2022-06,2022,Q2,Coldplay,Rock,Sweden,Europe,1871299,1347335,523964,14.24,1044.41,1058.65,53612,87597,0.199,100,Stable
2022-06,2022,Q2,Rema,Afrobeats,Sweden,Europe,3560806,2563780,997026,27.49,2237.39,2264.88,179267,151989,0.312,79,Rising
2022-06,2022,Q2,Billie Eilish,Pop,Sweden,Europe,9753623,7022608,2731015,71.85,5820.11,5891.96,574925,234179,0.328,100,Declining
2022-06,2022,Q2,J Balvin,Latin,Sweden,Europe,2718734,1957488,761246,23.1,1614.1,1637.2,79467,113473,0.327,64,Rising
2022-06,2022,Q2,Taylor Swift,Pop,Sweden,Europe,12225353,8802254,3423099,90.75,3657.07,3747.82,478978,518566,0.266,100,Stable
2022-06,2022,Q2,J. Cole,Hip-Hop,Sweden,Europe,4160127,2995291,1164836,30.47,1595.16,1625.63,181917,70663,0.309,100,Stable
2022-06,2022,Q2,Arctic Monkeys,Rock,Sweden,Europe,2431012,1750328,680684,18.79,782.91,801.7,186219,59811,0.326,100,Rising
2022-06,2022,Q2,Ariana Grande,Pop,Sweden,Europe,4434037,3192506,1241531,33.81,3406.43,3440.24,271551,64130,0.12,100,Stable
2022-06,2022,Q2,Bts,K-Pop,Sweden,Europe,3149744,2267815,881929,26.45,1262.29,1288.74,78832,92337,0.219,77,Stable
2022-06,2022,Q2,Giveon,R&B,Sweden,Europe,4604826,3315474,1289352,30.72,3512.46,3543.18,323956,166324,0.216,100,Rising
2022-06,2022,Q2,Fred Again..,Electronic,Sweden,Europe,8347919,6010501,2337418,56.7,2914.59,2971.29,657842,214948,0.141,100,Declining
2022-06,2022,Q2,Bad Bunny,Latin,France,Europe,631063,391259,239804,3.5,622.03,625.53,15002,23641,0.179,90,Stable
2022-06,2022,Q2,Martin Garrix,Electronic,France,Europe,7110961,4408795,2702166,48.85,7724.2,7773.05,271689,316846,0.291,100,Rising
2022-06,2022,Q2,Rema,Afrobeats,France,Europe,945034,585921,359113,5.68,481.31,486.99,62101,38688,0.316,68,Rising
2022-06,2022,Q2,The Weeknd,R&B/Pop,France,Europe,3275459,2030784,1244675,20.95,3368.52,3389.47,117509,100818,0.202,86,Rising
2022-06,2022,Q2,Sza,R&B,France,Europe,3103366,1924086,1179280,20.97,2433.09,2454.06,96846,83860,0.228,94,Stable
2022-06,2022,Q2,Post Malone,Hip-Hop,France,Europe,3928548,2435699,1492849,21.26,2775.51,2796.77,209231,90945,0.275,100,Declining
2022-06,2022,Q2,Blackpink,K-Pop,France,Europe,2254991,1398094,856897,15.11,1637.73,1652.84,127890,56241,0.27,100,Rising
2022-06,2022,Q2,Doja Cat,Pop,France,Europe,11364043,7045706,4318337,65.15,6077.78,6142.93,459369,330269,0.16,100,Stable
2022-06,2022,Q2,Calvin Harris,Electronic,France,Europe,2849001,1766380,1082621,16.98,2301.25,2318.23,65069,33188,0.148,100,Rising
2022-06,2022,Q2,Coldplay,Rock,France,Europe,5881894,3646774,2235120,34.69,3581.37,3616.06,321703,176016,0.236,100,Stable
2022-06,2022,Q2,Tyla,Afrobeats,France,Europe,2038733,1264014,774719,10.93,1167.44,1178.37,49856,28850,0.299,77,Rising
2022-06,2022,Q2,Fred Again..,Electronic,France,Europe,1422343,881852,540491,9.59,662.49,672.08,73977,19984,0.316,100,Declining
2022-06,2022,Q2,Martin Garrix,Electronic,Ireland,Europe,2223952,1423329,800623,13.9,1358.23,1372.13,139247,54611,0.305,100,Rising
2022-06,2022,Q2,Bts,K-Pop,Ireland,Europe,333441,213402,120039,2.18,288.67,290.85,19354,16467,0.117,79,Stable
2022-06,2022,Q2,Frank Ocean,R&B,Ireland,Europe,556691,356282,200409,3.51,212.44,215.95,24401,18288,0.337,84,Rising
2022-06,2022,Q2,Wizkid,Afrobeats,Ireland,Europe,2346187,1501559,844628,13.25,2263.21,2276.46,187296,50922,0.177,100,Rising
2022-06,2022,Q2,Disclosure,Electronic,Ireland,Europe,348019,222732,125287,2.28,361.89,364.17,23911,13807,0.279,100,Rising
2022-06,2022,Q2,Karol G,Latin,Ireland,Europe,1099476,703664,395812,7.94,684.47,692.41,78568,22703,0.219,74,Rising
2022-06,2022,Q2,Ariana Grande,Pop,Ireland,Europe,2384229,1525906,858323,16.34,2204.49,2220.83,156875,92757,0.135,100,Stable
2022-06,2022,Q2,Ed Sheeran,Pop,Ireland,Europe,11445815,7325321,4120494,78.78,6834.69,6913.47,323847,297151,0.345,100,Rising
2022-06,2022,Q2,Dua Lipa,Pop,Spain,Europe,5613267,3087296,2525971,26.54,3041.65,3068.19,314818,252332,0.112,100,Rising
2022-06,2022,Q2,Wizkid,Afrobeats,Spain,Europe,529459,291202,238257,2.93,605.92,608.85,27193,8642,0.114,97,Rising
2022-06,2022,Q2,Stray Kids,K-Pop,Spain,Europe,1245066,684786,560280,7.46,1045.26,1052.72,61736,25678,0.27,80,Declining
2022-06,2022,Q2,Ariana Grande,Pop,Spain,Europe,1197436,658589,538847,6.7,972.22,978.92,70210,38347,0.148,100,Stable
2022-06,2022,Q2,The Weeknd,R&B/Pop,Spain,Europe,3058292,1682060,1376232,18.8,2457.81,2476.61,237646,81446,0.242,100,Rising
2022-06,2022,Q2,21 Savage,Hip-Hop,Spain,Europe,3173935,1745664,1428271,17.62,3398.17,3415.79,192831,63768,0.238,82,Declining
2022-06,2022,Q2,Arctic Monkeys,Rock,Spain,Europe,5864446,3225445,2639001,32.04,5897.4,5929.44,259763,105178,0.34,100,Rising
2022-06,2022,Q2,Ed Sheeran,Pop,Spain,Europe,11111085,6111096,4999989,61.2,5629.7,5690.9,778310,459779,0.13,100,Rising
2022-06,2022,Q2,Bts,K-Pop,Italy,Europe,1684657,876021,808636,7.88,1012.63,1020.51,127964,57611,0.258,80,Stable
2022-06,2022,Q2,Rema,Afrobeats,Italy,Europe,1691150,879398,811752,9.93,1353.21,1363.14,56041,50501,0.155,80,Rising
2022-06,2022,Q2,Fred Again..,Electronic,Italy,Europe,3107305,1615798,1491507,15.1,2299.63,2314.73,221626,35036,0.101,100,Declining
2022-06,2022,Q2,Frank Ocean,R&B,Italy,Europe,2973847,1546400,1427447,15.87,4095.78,4111.65,61005,35424,0.132,76,Rising
2022-06,2022,Q2,Arctic Monkeys,Rock,Italy,Europe,1441793,749732,692061,7.94,1689.87,1697.81,91854,14420,0.338,100,Rising
2022-06,2022,Q2,Karol G,Latin,Italy,Europe,249185,129576,119609,1.32,321.31,322.63,12174,4545,0.304,81,Rising
2022-06,2022,Q2,Twenty One Pilots,Rock,Italy,Europe,2397084,1246483,1150601,12.13,3168.39,3180.52,66071,107888,0.218,100,Stable
2022-06,2022,Q2,Miley Cyrus,Pop,Italy,Europe,7667998,3987358,3680640,42.07,9510.09,9552.16,421595,355463,0.334,100,Stable
2022-06,2022,Q2,H.E.R.,R&B,Italy,Europe,259564,134973,124591,1.39,203.87,205.26,12221,5159,0.293,80,Rising
2022-06,2022,Q2,The Weeknd,R&B/Pop,Italy,Europe,3111643,1618054,1493589,15.03,4180.42,4195.45,235370,81227,0.32,94,Rising
2022-06,2022,Q2,Stray Kids,K-Pop,Italy,Europe,2326169,1209607,1116562,10.63,2808.07,2818.7,77721,28441,0.295,69,Declining
2022-06,2022,Q2,Karol G,Latin,United States,Americas,2453834,1423223,1030611,13.89,1884.95,1898.84,51256,107089,0.219,100,Rising
2022-06,2022,Q2,Lil Baby,Hip-Hop,United States,Americas,6841571,3968111,2873460,42.96,4019.29,4062.25,263122,80001,0.251,100,Declining
2022-06,2022,Q2,Dua Lipa,Pop,United States,Americas,6123462,3551607,2571855,42.63,6467.71,6510.34,253610,303606,0.151,100,Rising
2022-06,2022,Q2,Frank Ocean,R&B,United States,Americas,1786842,1036368,750474,12.03,1701.0,1713.03,122654,21066,0.16,100,Rising
2022-06,2022,Q2,Rema,Afrobeats,United States,Americas,1086241,630019,456222,6.34,1074.37,1080.71,71153,20634,0.101,80,Rising
2022-06,2022,Q2,Nicki Minaj,Hip-Hop,United States,Americas,5003979,2902307,2101672,32.29,2201.36,2233.65,124035,133700,0.335,100,Stable
2022-06,2022,Q2,Peso Pluma,Latin,United States,Americas,10738868,6228543,4510325,75.45,10316.73,10392.18,607371,308144,0.249,100,Rising
2022-06,2022,Q2,Disclosure,Electronic,United States,Americas,4205772,2439347,1766425,27.12,3762.75,3789.87,323517,193843,0.316,82,Rising
2022-06,2022,Q2,21 Savage,Hip-Hop,United States,Americas,578978,335807,243171,3.43,483.94,487.37,40987,17488,0.282,100,Declining
2022-06,2022,Q2,Sza,R&B,United States,Americas,5856724,3396899,2459825,41.6,4414.12,4455.72,211556,139999,0.272,100,Stable
2022-06,2022,Q2,The Weeknd,R&B/Pop,United States,Americas,6636098,3848936,2787162,37.22,7274.59,7311.81,279998,238510,0.276,93,Rising
2022-06,2022,Q2,Paramore,Rock,United States,Americas,392571,227691,164880,2.87,317.35,320.22,9602,19273,0.308,100,Stable
2022-06,2022,Q2,Disclosure,Electronic,Brazil,Americas,3155430,1199063,1956367,5.76,5502.84,5508.6,163473,48942,0.18,80,Rising
2022-06,2022,Q2,Asake,Afrobeats,Brazil,Americas,2456266,933381,1522885,4.39,2926.89,2931.28,148456,77765,0.308,59,Rising
2022-06,2022,Q2,Harry Styles,Pop,Brazil,Americas,8815562,3349913,5465649,17.24,15083.57,15100.81,348035,227877,0.19,100,Stable
2022-06,2022,Q2,J Balvin,Latin,Brazil,Americas,7187315,2731179,4456136,12.79,10742.52,10755.31,365064,240314,0.128,100,Rising
2022-06,2022,Q2,Lil Baby,Hip-Hop,Brazil,Americas,3514451,1335491,2178960,7.32,4006.01,4013.33,111195,75188,0.216,100,Declining
2022-06,2022,Q2,Travis Scott,Hip-Hop,Brazil,Americas,9321576,3542198,5779378,18.29,10901.99,10920.28,540294,414951,0.102,100,Declining
2022-06,2022,Q2,Ariana Grande,Pop,Brazil,Americas,12371377,4701123,7670254,24.83,13951.39,13976.22,897900,271170,0.083,100,Stable
2022-06,2022,Q2,Bts,K-Pop,Brazil,Americas,3355032,1274912,2080120,6.43,5726.98,5733.41,250785,69244,0.205,78,Stable
2022-06,2022,Q2,Billie Eilish,Pop,Brazil,Americas,10665848,4053022,6612826,21.56,7859.22,7880.78,618897,228831,0.286,100,Declining
2022-06,2022,Q2,Nicki Minaj,Hip-Hop,Brazil,Americas,4527122,1720306,2806816,7.35,6662.97,6670.32,170401,146659,0.161,100,Stable
2022-06,2022,Q2,Doja Cat,Pop,Brazil,Americas,4956128,1883328,3072800,9.5,4294.72,4304.22,250306,80760,0.261,100,Stable
2022-06,2022,Q2,H.E.R.,R&B,Brazil,Americas,709066,269445,439621,1.5,1003.56,1005.06,46945,11105,0.305,100,Rising
2022-06,2022,Q2,21 Savage,Hip-Hop,Mexico,Americas,4489425,1571298,2918127,6.08,8457.2,8463.28,299135,96146,0.308,100,Declining
2022-06,2022,Q2,Ed Sheeran,Pop,Mexico,Americas,14012556,4904394,9108162,22.06,15561.22,15583.28,836538,700345,0.151,100,Rising
2022-06,2022,Q2,Imagine Dragons,Rock,Mexico,Americas,8397520,2939132,5458388,9.97,13266.47,13276.44,254202,119070,0.144,100,Stable
2022-06,2022,Q2,Nicki Minaj,Hip-Hop,Mexico,Americas,18320301,6412105,11908196,26.36,25308.07,25334.43,514487,293796,0.294,100,Stable
2022-06,2022,Q2,Olivia Rodrigo,Pop,Mexico,Americas,8148548,2851991,5296557,10.32,14400.65,14410.97,288257,205406,0.315,100,Rising
2022-06,2022,Q2,Coldplay,Rock,Mexico,Americas,1045236,365832,679404,1.53,1288.46,1289.99,48912,29586,0.15,82,Stable
2022-06,2022,Q2,Frank Ocean,R&B,Mexico,Americas,3187811,1115733,2072078,4.47,3564.56,3569.03,152702,119848,0.319,100,Rising
2022-06,2022,Q2,Twenty One Pilots,Rock,Mexico,Americas,224288,78500,145788,0.36,402.45,402.81,8252,3193,0.11,90,Stable
2022-06,2022,Q2,Disclosure,Electronic,Mexico,Americas,5052326,1768314,3284012,7.59,3982.64,3990.23,126009,51069,0.197,75,Rising
2022-06,2022,Q2,Post Malone,Hip-Hop,Mexico,Americas,4203927,1471374,2732553,5.07,4637.02,4642.09,129274,150848,0.205,100,Declining
2022-06,2022,Q2,Miley Cyrus,Pop,Colombia,Americas,6438345,1931503,4506842,6.77,11141.07,11147.84,343876,303637,0.182,100,Stable
2022-06,2022,Q2,Paramore,Rock,Colombia,Americas,6487699,1946309,4541390,5.85,9877.64,9883.49,153748,313627,0.118,94,Stable
2022-06,2022,Q2,Taylor Swift,Pop,Colombia,Americas,14046988,4214096,9832892,13.57,22464.4,22477.97,513630,262649,0.149,100,Stable
2022-06,2022,Q2,Lil Baby,Hip-Hop,Colombia,Americas,3653263,1095978,2557285,4.02,2939.58,2943.6,174045,166709,0.106,100,Declining
2022-06,2022,Q2,Brent Faiyaz,R&B,Colombia,Americas,2372747,711824,1660923,2.83,2178.05,2180.88,79825,45148,0.086,100,Rising
2022-06,2022,Q2,Ed Sheeran,Pop,Colombia,Americas,13061152,3918345,9142807,11.92,10408.72,10420.64,426096,282274,0.292,100,Rising
2022-06,2022,Q2,Arctic Monkeys,Rock,Colombia,Americas,7095152,2128545,4966607,6.64,5298.75,5305.39,342092,341829,0.111,100,Rising
2022-06,2022,Q2,J. Cole,Hip-Hop,Colombia,Americas,10660976,3198292,7462684,12.26,9058.5,9070.76,536089,403876,0.238,100,Stable
2022-06,2022,Q2,Kendrick Lamar,Hip-Hop,Colombia,Americas,7271000,2181300,5089700,7.04,11820.66,11827.7,455123,75819,0.199,100,Rising
2022-06,2022,Q2,Ariana Grande,Pop,Colombia,Americas,11566128,3469838,8096290,10.52,8927.53,8938.05,495134,271682,0.274,100,Stable
2022-06,2022,Q2,Ed Sheeran,Pop,Nigeria,Africa,2108180,379472,1728708,1.29,3130.36,3131.65,84818,22279,0.121,100,Rising
2022-06,2022,Q2,Taylor Swift,Pop,Nigeria,Africa,1692145,304586,1387559,0.9,3516.54,3517.44,100831,47105,0.141,100,Stable
2022-06,2022,Q2,Asake,Afrobeats,Nigeria,Africa,4436457,798562,3637895,2.68,4106.49,4109.17,103379,77611,0.326,100,Rising
2022-06,2022,Q2,21 Savage,Hip-Hop,Nigeria,Africa,1389569,250122,1139447,0.65,2629.16,2629.81,92317,59130,0.213,97,Declining
2022-06,2022,Q2,Twenty One Pilots,Rock,Nigeria,Africa,1293292,232792,1060500,0.69,1917.85,1918.54,60744,63212,0.31,63,Stable
2022-06,2022,Q2,Tyla,Afrobeats,Nigeria,Africa,1901271,342228,1559043,1.09,2152.9,2153.99,88464,24450,0.185,100,Rising
2022-06,2022,Q2,Doja Cat,Pop,Nigeria,Africa,1126703,202806,923897,0.66,1713.15,1713.81,38321,56088,0.338,100,Stable
2022-06,2022,Q2,Kendrick Lamar,Hip-Hop,Nigeria,Africa,2356031,424085,1931946,1.19,2700.54,2701.73,179485,25306,0.198,100,Rising
2022-06,2022,Q2,Harry Styles,Pop,South Africa,Africa,511831,143312,368519,0.6,437.41,438.01,25832,8439,0.192,100,Stable
2022-06,2022,Q2,Ed Sheeran,Pop,South Africa,Africa,3073820,860669,2213151,3.13,3484.96,3488.09,91334,61389,0.141,100,Rising
2022-06,2022,Q2,Karol G,Latin,South Africa,Africa,1658201,464296,1193905,2.08,3384.62,3386.7,125757,34520,0.188,68,Rising
2022-06,2022,Q2,Aespa,K-Pop,South Africa,Africa,1947370,545263,1402107,2.05,3490.14,3492.19,44499,36555,0.271,75,Rising
2022-06,2022,Q2,Ariana Grande,Pop,South Africa,Africa,766447,214605,551842,0.83,728.34,729.17,33638,25445,0.336,93,Stable
2022-06,2022,Q2,Olivia Rodrigo,Pop,South Africa,Africa,2127087,595584,1531503,2.38,1604.94,1607.32,82491,91028,0.23,95,Rising
2022-06,2022,Q2,Blackpink,K-Pop,South Africa,Africa,852541,238711,613830,0.88,626.19,627.07,31107,12256,0.258,94,Rising
2022-06,2022,Q2,Peso Pluma,Latin,South Africa,Africa,775007,217001,558006,0.97,1141.66,1142.63,20824,20176,0.136,62,Rising
2022-06,2022,Q2,Rema,Afrobeats,South Africa,Africa,403221,112901,290320,0.49,491.28,491.77,12240,4074,0.202,100,Rising
2022-06,2022,Q2,Newjeans,K-Pop,South Africa,Africa,1563041,437651,1125390,1.6,2583.15,2584.75,70814,24808,0.209,60,Stable
2022-06,2022,Q2,The Weeknd,R&B/Pop,Kenya,Africa,1458732,218809,1239923,0.49,3021.59,3022.08,96575,41563,0.273,100,Rising
2022-06,2022,Q2,Peso Pluma,Latin,Kenya,Africa,996291,149443,846848,0.35,1786.34,1786.69,54314,15178,0.204,60,Rising
2022-06,2022,Q2,Newjeans,K-Pop,Kenya,Africa,345866,51879,293987,0.14,732.77,732.91,19464,12954,0.085,68,Stable
2022-06,2022,Q2,Post Malone,Hip-Hop,Kenya,Africa,3402449,510367,2892082,1.24,5538.12,5539.36,173731,147234,0.258,100,Declining
2022-06,2022,Q2,Calvin Harris,Electronic,Kenya,Africa,1027726,154158,873568,0.43,1476.64,1477.07,27120,30497,0.287,62,Rising
2022-06,2022,Q2,Dua Lipa,Pop,Kenya,Africa,2392002,358800,2033202,0.78,2317.41,2318.19,139697,113788,0.081,100,Rising
2022-06,2022,Q2,Aespa,K-Pop,Kenya,Africa,609317,91397,517920,0.24,1306.08,1306.32,48234,10490,0.287,69,Rising
2022-06,2022,Q2,Wizkid,Afrobeats,Kenya,Africa,7163466,1074519,6088947,2.82,12584.57,12587.39,364364,145209,0.089,100,Rising
2022-06,2022,Q2,Bts,K-Pop,Kenya,Africa,665956,99893,566063,0.21,1054.75,1054.96,15406,9204,0.258,73,Stable
2022-06,2022,Q2,Doja Cat,Pop,Kenya,Africa,772937,115940,656997,0.25,989.25,989.5,39453,8191,0.151,100,Stable
2022-06,2022,Q2,Harry Styles,Pop,Kenya,Africa,2687669,403150,2284519,1.05,4179.46,4180.51,203781,111256,0.134,100,Stable
2022-06,2022,Q2,Blackpink,K-Pop,Kenya,Africa,1389190,208378,1180812,0.51,1900.67,1901.18,49162,46885,0.084,95,Rising
2022-06,2022,Q2,Rauw Alejandro,Latin,Ghana,Africa,679043,95066,583977,0.24,1701.83,1702.07,41970,22979,0.204,74,Stable
2022-06,2022,Q2,Sza,R&B,Ghana,Africa,3535413,494957,3040456,1.21,8287.45,8288.66,171555,175985,0.345,100,Stable
2022-06,2022,Q2,The Weeknd,R&B/Pop,Ghana,Africa,2272906,318206,1954700,0.79,4539.85,4540.64,101282,104136,0.124,100,Rising
2022-06,2022,Q2,Stray Kids,K-Pop,Ghana,Africa,1014584,142041,872543,0.29,2249.84,2250.13,42115,14948,0.349,80,Declining
2022-06,2022,Q2,Peso Pluma,Latin,Ghana,Africa,334999,46899,288100,0.11,354.59,354.7,14876,14712,0.179,66,Rising
2022-06,2022,Q2,Olivia Rodrigo,Pop,Ghana,Africa,1852748,259384,1593364,0.67,3274.57,3275.24,118861,80668,0.336,100,Rising
2022-06,2022,Q2,Billie Eilish,Pop,Ghana,Africa,220863,30920,189943,0.07,248.8,248.87,15668,6816,0.332,100,Declining
2022-06,2022,Q2,Tyla,Afrobeats,Ghana,Africa,2073091,290232,1782859,0.69,2977.7,2978.39,45753,44623,0.287,100,Rising
2022-06,2022,Q2,Paramore,Rock,Ghana,Africa,2150021,301002,1849019,0.63,4064.51,4065.14,54472,26502,0.181,77,Stable
2022-06,2022,Q2,Miley Cyrus,Pop,Ghana,Africa,169311,23703,145608,0.06,309.47,309.53,13183,3164,0.273,91,Stable
2022-06,2022,Q2,Fred Again..,Electronic,Ghana,Africa,1038640,145409,893231,0.34,1278.16,1278.5,33258,51538,0.296,56,Declining
2022-06,2022,Q2,Lil Baby,Hip-Hop,Japan,Asia,1110611,666366,444245,6.74,1048.26,1055.0,77582,12953,0.086,59,Declining
2022-06,2022,Q2,Calvin Harris,Electronic,Japan,Asia,2474659,1484795,989864,15.85,1764.89,1780.74,174951,24770,0.125,85,Rising
2022-06,2022,Q2,Martin Garrix,Electronic,Japan,Asia,9335390,5601234,3734156,46.73,8263.01,8309.74,439601,443792,0.113,100,Rising
2022-06,2022,Q2,Twenty One Pilots,Rock,Japan,Asia,1794939,1076963,717976,9.62,1498.01,1507.63,38104,55418,0.252,49,Stable
2022-06,2022,Q2,Coldplay,Rock,Japan,Asia,2613087,1567852,1045235,15.71,2668.28,2683.99,101075,85476,0.345,59,Stable
2022-06,2022,Q2,Tyla,Afrobeats,Japan,Asia,3532527,2119516,1413011,17.75,2749.14,2766.89,214168,158893,0.282,98,Rising
2022-06,2022,Q2,Bad Bunny,Latin,Japan,Asia,3428399,2057039,1371360,21.5,1587.77,1609.27,87359,92897,0.116,81,Stable
2022-06,2022,Q2,Paramore,Rock,Japan,Asia,2624808,1574884,1049924,15.72,1862.84,1878.56,92074,43697,0.174,74,Stable
2022-06,2022,Q2,Aespa,K-Pop,Japan,Asia,20210450,12126270,8084180,131.57,20803.29,20934.86,1337851,895311,0.08,100,Rising
2022-06,2022,Q2,Bts,K-Pop,South Korea,Asia,4417227,2429474,1987753,17.14,4967.89,4985.03,124358,55944,0.344,100,Stable
2022-06,2022,Q2,Newjeans,K-Pop,South Korea,Asia,5068140,2787477,2280663,20.18,4494.48,4514.66,353810,243394,0.251,100,Stable
2022-06,2022,Q2,Paramore,Rock,South Korea,Asia,3428003,1885401,1542602,14.79,4483.32,4498.11,193657,64446,0.209,75,Stable
2022-06,2022,Q2,Rauw Alejandro,Latin,South Korea,Asia,4763905,2620147,2143758,20.62,3537.77,3558.39,229937,203654,0.114,96,Stable
2022-06,2022,Q2,The Weeknd,R&B/Pop,South Korea,Asia,4127550,2270152,1857398,17.79,2787.01,2804.8,252673,163890,0.129,100,Rising
2022-06,2022,Q2,Ariana Grande,Pop,South Korea,Asia,6710892,3690990,3019902,27.87,8693.3,8721.17,282602,81596,0.286,100,Stable
2022-06,2022,Q2,Disclosure,Electronic,South Korea,Asia,7012543,3856898,3155645,29.27,6331.55,6360.82,146174,72077,0.145,100,Rising
2022-06,2022,Q2,Coldplay,Rock,South Korea,Asia,1488466,818656,669810,7.03,1924.16,1931.19,82603,15602,0.089,53,Stable
2022-06,2022,Q2,Nicki Minaj,Hip-Hop,South Korea,Asia,2886096,1587352,1298744,13.27,3044.86,3058.13,58646,142558,0.317,100,Stable
2022-06,2022,Q2,Frank Ocean,R&B,South Korea,Asia,535350,294442,240908,2.15,390.85,393.0,35439,23914,0.22,78,Rising
2022-06,2022,Q2,Post Malone,Hip-Hop,India,Asia,4444516,977793,3466723,2.02,6720.52,6722.54,119984,109830,0.087,90,Declining
2022-06,2022,Q2,Karol G,Latin,India,Asia,979808,215557,764251,0.42,2145.66,2146.08,43690,30371,0.209,80,Rising
2022-06,2022,Q2,Davido,Afrobeats,India,Asia,3887640,855280,3032360,1.91,6288.65,6290.56,247509,57764,0.244,100,Rising
2022-06,2022,Q2,Bts,K-Pop,India,Asia,4156853,914507,3242346,1.92,8119.84,8121.76,208734,190226,0.333,100,Stable
2022-06,2022,Q2,J Balvin,Latin,India,Asia,188063,41373,146690,0.08,184.54,184.62,9664,6642,0.236,65,Rising
2022-06,2022,Q2,Giveon,R&B,India,Asia,5549306,1220847,4328459,2.47,10005.63,10008.1,276474,62610,0.245,89,Rising
2022-06,2022,Q2,The Weeknd,R&B/Pop,India,Asia,4351624,957357,3394267,1.68,7808.52,7810.2,168622,104096,0.211,100,Rising
2022-06,2022,Q2,Tyla,Afrobeats,India,Asia,2261104,497442,1763662,1.02,4306.21,4307.23,77945,37818,0.342,92,Rising
2022-06,2022,Q2,Rauw Alejandro,Latin,India,Asia,3548178,780599,2767579,1.65,3999.73,4001.38,126570,108134,0.166,94,Stable
2022-06,2022,Q2,Martin Garrix,Electronic,India,Asia,8237400,1812228,6425172,3.37,6736.67,6740.04,473660,165594,0.261,100,Rising
2022-06,2022,Q2,J. Cole,Hip-Hop,India,Asia,1190449,261898,928551,0.56,966.64,967.2,41621,54316,0.274,85,Stable
2022-06,2022,Q2,Miley Cyrus,Pop,Indonesia,Asia,5424472,1084894,4339578,2.98,9553.49,9556.47,330404,269813,0.143,100,Stable
2022-06,2022,Q2,Sza,R&B,Indonesia,Asia,2884613,576922,2307691,1.43,5193.31,5194.74,200893,107151,0.098,71,Stable
2022-06,2022,Q2,Blackpink,K-Pop,Indonesia,Asia,25659401,5131880,20527521,12.39,46183.74,46196.13,1713768,1061196,0.22,100,Rising
2022-06,2022,Q2,Olivia Rodrigo,Pop,Indonesia,Asia,483945,96789,387156,0.22,756.88,757.1,24040,14323,0.225,100,Rising
2022-06,2022,Q2,Billie Eilish,Pop,Indonesia,Asia,8033693,1606738,6426955,4.48,17146.04,17150.52,427487,278322,0.208,100,Declining
2022-06,2022,Q2,Giveon,R&B,Indonesia,Asia,5130704,1026140,4104564,2.69,7426.03,7428.72,239750,230609,0.205,76,Rising
2022-06,2022,Q2,Fred Again..,Electronic,Indonesia,Asia,408130,81626,326504,0.19,446.87,447.06,9750,16531,0.195,82,Declining
2022-06,2022,Q2,Rauw Alejandro,Latin,Indonesia,Asia,5769908,1153981,4615927,2.8,9588.05,9590.85,202100,263351,0.17,90,Stable
2022-06,2022,Q2,The Weeknd,R&B/Pop,Indonesia,Asia,5832034,1166406,4665628,2.84,6416.27,6419.11,124215,179631,0.264,85,Rising
2022-06,2022,Q2,Rema,Afrobeats,Indonesia,Asia,3557929,711585,2846344,1.89,7187.89,7189.78,114165,68909,0.221,72,Rising
2022-06,2022,Q2,Coldplay,Rock,Argentina,Latam,533743,170797,362946,0.55,1061.24,1061.79,33825,19098,0.277,51,Stable
2022-06,2022,Q2,Harry Styles,Pop,Argentina,Latam,4729875,1513560,3216315,4.73,3979.58,3984.31,256469,218776,0.292,100,Stable
2022-06,2022,Q2,Twenty One Pilots,Rock,Argentina,Latam,956882,306202,650680,0.88,1534.23,1535.11,60767,46505,0.15,50,Stable
2022-06,2022,Q2,Brent Faiyaz,R&B,Argentina,Latam,803250,257040,546210,0.92,757.85,758.77,28680,24502,0.169,62,Rising
2022-06,2022,Q2,Frank Ocean,R&B,Argentina,Latam,2105826,673864,1431962,1.94,2425.88,2427.82,95066,22483,0.179,67,Rising
2022-06,2022,Q2,Davido,Afrobeats,Argentina,Latam,1253217,401029,852188,1.25,1306.75,1308.0,97774,20556,0.293,52,Rising
2022-06,2022,Q2,Ariana Grande,Pop,Argentina,Latam,995830,318665,677165,0.97,732.0,732.97,43989,47211,0.083,95,Stable
2022-06,2022,Q2,Karol G,Latin,Argentina,Latam,5993214,1917828,4075386,5.77,6284.76,6290.53,229269,183267,0.273,100,Rising
2022-06,2022,Q2,Asake,Afrobeats,Argentina,Latam,430227,137672,292555,0.45,525.4,525.85,16610,12069,0.184,27,Rising
2022-06,2022,Q2,Giveon,R&B,Chile,Latam,3191991,1085276,2106715,4.27,4130.16,4134.43,183298,137917,0.177,84,Rising
2022-06,2022,Q2,Harry Styles,Pop,Chile,Latam,1737664,590805,1146859,1.82,1394.86,1396.68,79362,24233,0.247,100,Stable
2022-06,2022,Q2,Burna Boy,Afrobeats,Chile,Latam,871172,296198,574974,1.15,1238.54,1239.69,35928,37317,0.291,40,Rising
2022-06,2022,Q2,Paramore,Rock,Chile,Latam,101105,34375,66730,0.13,188.34,188.47,7000,1528,0.349,62,Stable
2022-06,2022,Q2,Wizkid,Afrobeats,Chile,Latam,1826531,621020,1205511,2.0,3395.34,3397.34,70447,89603,0.156,56,Rising
2022-06,2022,Q2,Asake,Afrobeats,Chile,Latam,458757,155977,302780,0.62,561.42,562.04,24443,6061,0.293,27,Rising
2022-06,2022,Q2,The Weeknd,R&B/Pop,Chile,Latam,2960528,1006579,1953949,3.43,5027.7,5031.13,232202,36666,0.299,94,Rising
2022-06,2022,Q2,Imagine Dragons,Rock,Chile,Latam,334980,113893,221087,0.42,477.53,477.95,8488,12648,0.125,92,Stable
2022-06,2022,Q2,Newjeans,K-Pop,Chile,Latam,253589,86220,167369,0.33,263.38,263.71,11195,10037,0.341,62,Stable
2022-06,2022,Q2,Nicki Minaj,Hip-Hop,Chile,Latam,4375289,1487598,2887691,5.09,5706.61,5711.7,330970,134932,0.212,100,Stable
2022-06,2022,Q2,Miley Cyrus,Pop,Chile,Latam,2344553,797148,1547405,3.0,3003.04,3006.04,91534,81836,0.256,100,Stable
2022-07,2022,Q3,Post Malone,Hip-Hop,Netherlands,Europe,2923719,1988128,935591,22.13,2596.74,2618.87,226470,130714,0.081,100,Declining
2022-07,2022,Q3,The Weeknd,R&B/Pop,Netherlands,Europe,506915,344702,162213,3.28,424.37,427.65,13925,24749,0.23,93,Rising
2022-07,2022,Q3,Asake,Afrobeats,Netherlands,Europe,1680118,1142480,537638,11.87,594.66,606.53,58098,70259,0.093,61,Rising
2022-07,2022,Q3,Coldplay,Rock,Netherlands,Europe,355129,241487,113642,2.15,335.38,337.53,25604,16239,0.319,100,Stable
2022-07,2022,Q3,Rema,Afrobeats,Netherlands,Europe,3050010,2074006,976004,23.51,2630.33,2653.84,121946,79295,0.194,82,Rising
2022-07,2022,Q3,Ariana Grande,Pop,Netherlands,Europe,7139324,4854740,2284584,45.28,3010.41,3055.69,226601,349249,0.121,100,Stable
2022-07,2022,Q3,Lil Baby,Hip-Hop,Netherlands,Europe,4268734,2902739,1365995,32.17,2903.83,2936.0,328780,55053,0.16,71,Declining
2022-07,2022,Q3,Imagine Dragons,Rock,Netherlands,Europe,3202733,2177858,1024875,19.52,2342.36,2361.88,167111,67223,0.21,100,Stable
2022-07,2022,Q3,Brent Faiyaz,R&B,Netherlands,Europe,3571038,2428305,1142733,23.14,2849.35,2872.49,252884,89474,0.16,74,Rising
2022-07,2022,Q3,Rauw Alejandro,Latin,Netherlands,Europe,3831291,2605277,1226014,25.81,3452.19,3478.0,160114,82319,0.215,100,Stable
2022-07,2022,Q3,Frank Ocean,R&B,Netherlands,Europe,2816315,1915094,901221,21.61,2024.93,2046.54,114395,45513,0.152,80,Rising
2022-07,2022,Q3,Calvin Harris,Electronic,United Kingdom,Europe,6449412,4192117,2257295,36.2,2261.91,2298.11,361237,137775,0.318,100,Rising
2022-07,2022,Q3,Sza,R&B,United Kingdom,Europe,2438254,1584865,853389,15.22,887.93,903.15,125422,73640,0.222,94,Stable
2022-07,2022,Q3,Disclosure,Electronic,United Kingdom,Europe,10923251,7100113,3823138,75.1,11027.02,11102.12,335858,154349,0.094,100,Rising
2022-07,2022,Q3,Coldplay,Rock,United Kingdom,Europe,2606224,1694045,912179,17.85,1292.3,1310.15,124333,120964,0.168,100,Stable
2022-07,2022,Q3,Doja Cat,Pop,United Kingdom,Europe,6286469,4086204,2200265,37.78,5257.19,5294.97,415970,124419,0.093,100,Stable
2022-07,2022,Q3,Paramore,Rock,United Kingdom,Europe,6488663,4217630,2271033,46.11,4694.7,4740.81,184731,71525,0.295,100,Stable
2022-07,2022,Q3,Lil Baby,Hip-Hop,United Kingdom,Europe,725326,471461,253865,4.24,522.27,526.51,40188,15900,0.089,68,Declining
2022-07,2022,Q3,Giveon,R&B,United Kingdom,Europe,4759406,3093613,1665793,29.22,4318.74,4347.96,218475,133834,0.218,100,Rising
2022-07,2022,Q3,Kendrick Lamar,Hip-Hop,United Kingdom,Europe,5131368,3335389,1795979,36.4,2396.31,2432.71,317676,211465,0.169,100,Rising
2022-07,2022,Q3,H.E.R.,R&B,United Kingdom,Europe,3698603,2404091,1294512,22.03,3731.45,3753.48,206926,183765,0.104,73,Rising
2022-07,2022,Q3,Wizkid,Afrobeats,United Kingdom,Europe,4550575,2957873,1592702,30.28,1818.89,1849.17,334588,51108,0.282,100,Rising
2022-07,2022,Q3,Davido,Afrobeats,United Kingdom,Europe,3694615,2401499,1293116,22.57,3351.0,3373.57,148328,37415,0.339,100,Rising
2022-07,2022,Q3,Taylor Swift,Pop,Germany,Europe,2437729,1706410,731319,17.62,1810.68,1828.3,160979,112659,0.191,100,Stable
2022-07,2022,Q3,Kendrick Lamar,Hip-Hop,Germany,Europe,6559093,4591365,1967728,41.89,3471.01,3512.9,345110,188373,0.114,100,Rising
2022-07,2022,Q3,Miley Cyrus,Pop,Germany,Europe,3326774,2328741,998033,20.51,2711.24,2731.75,128366,162519,0.112,100,Stable
2022-07,2022,Q3,Imagine Dragons,Rock,Germany,Europe,7728643,5410050,2318593,54.39,6942.92,6997.31,397940,245442,0.186,100,Stable
2022-07,2022,Q3,Fred Again..,Electronic,Germany,Europe,8283956,5798769,2485187,63.93,3960.4,4024.33,341762,383034,0.323,100,Declining
2022-07,2022,Q3,J Balvin,Latin,Germany,Europe,2611782,1828247,783535,17.1,1071.45,1088.55,111603,119555,0.083,74,Rising
2022-07,2022,Q3,Olivia Rodrigo,Pop,Germany,Europe,2189803,1532862,656941,14.05,1810.31,1824.36,107108,71220,0.24,100,Rising
2022-07,2022,Q3,H.E.R.,R&B,Germany,Europe,2073176,1451223,621953,15.37,1303.29,1318.66,117288,28283,0.208,74,Rising
2022-07,2022,Q3,Doja Cat,Pop,Germany,Europe,2926568,2048597,877971,19.46,1449.04,1468.5,220672,78121,0.34,100,Stable
2022-07,2022,Q3,Billie Eilish,Pop,Germany,Europe,2808830,1966180,842650,19.86,2109.79,2129.65,79781,67218,0.185,100,Declining
2022-07,2022,Q3,Nicki Minaj,Hip-Hop,Sweden,Europe,3525030,2538021,987009,29.91,2829.04,2858.95,175738,36166,0.11,100,Stable
2022-07,2022,Q3,Bad Bunny,Latin,Sweden,Europe,2771659,1995594,776065,21.9,2077.0,2098.9,142774,50813,0.222,75,Stable
2022-07,2022,Q3,Karol G,Latin,Sweden,Europe,1186986,854629,332357,8.44,786.02,794.46,84102,44802,0.332,85,Rising
2022-07,2022,Q3,Bts,K-Pop,Sweden,Europe,4033456,2904088,1129368,29.73,2224.98,2254.71,142693,125608,0.159,84,Stable
2022-07,2022,Q3,Davido,Afrobeats,Sweden,Europe,3374793,2429850,944943,29.19,1686.62,1715.81,140856,76756,0.322,96,Rising
2022-07,2022,Q3,Drake,Hip-Hop,Sweden,Europe,1358172,977883,380289,10.05,790.1,800.15,63517,44266,0.207,85,Stable
2022-07,2022,Q3,Rema,Afrobeats,Sweden,Europe,518066,373007,145059,4.16,267.69,271.85,30612,10548,0.099,80,Rising
2022-07,2022,Q3,Wizkid,Afrobeats,Sweden,Europe,4832919,3479701,1353218,33.38,1906.94,1940.32,149291,51032,0.288,100,Rising
2022-07,2022,Q3,Tyla,Afrobeats,Sweden,Europe,3973209,2860710,1112499,28.08,2171.43,2199.51,306973,79043,0.278,88,Rising
2022-07,2022,Q3,Imagine Dragons,Rock,Sweden,Europe,7330805,5278179,2052626,48.25,5331.44,5379.69,253632,286022,0.098,100,Stable
2022-07,2022,Q3,Billie Eilish,Pop,Sweden,Europe,8727725,6283962,2443763,72.04,7174.2,7246.24,424808,341218,0.18,100,Declining
2022-07,2022,Q3,Harry Styles,Pop,Sweden,Europe,420151,302508,117643,3.63,140.29,143.92,23256,14729,0.225,100,Stable
2022-07,2022,Q3,Drake,Hip-Hop,France,Europe,2483934,1540039,943895,14.54,2359.27,2373.81,69985,114050,0.145,82,Stable
2022-07,2022,Q3,Calvin Harris,Electronic,France,Europe,6023168,3734364,2288804,31.84,3398.08,3429.92,365766,115907,0.217,100,Rising
2022-07,2022,Q3,Harry Styles,Pop,France,Europe,2314903,1435239,879664,12.9,2166.36,2179.26,119141,113977,0.229,100,Stable
2022-07,2022,Q3,Sza,R&B,France,Europe,1376383,853357,523026,9.29,1419.04,1428.33,67340,56884,0.119,91,Stable
2022-07,2022,Q3,Billie Eilish,Pop,France,Europe,7862848,4874965,2987883,44.74,6134.97,6179.71,370283,260924,0.317,100,Declining
2022-07,2022,Q3,Lil Baby,Hip-Hop,France,Europe,4348724,2696208,1652516,28.73,2714.59,2743.32,276042,93040,0.283,69,Declining
2022-07,2022,Q3,Peso Pluma,Latin,France,Europe,4097668,2540554,1557114,24.15,3767.89,3792.04,93721,107827,0.27,76,Rising
2022-07,2022,Q3,Rauw Alejandro,Latin,France,Europe,2466868,1529458,937410,15.68,1600.25,1615.93,120746,83611,0.208,100,Stable
2022-07,2022,Q3,Stray Kids,K-Pop,France,Europe,894100,554342,339758,6.18,523.23,529.41,53714,37779,0.124,74,Declining
2022-07,2022,Q3,Peso Pluma,Latin,Ireland,Europe,4239682,2713396,1526286,27.13,4325.43,4352.56,264581,164912,0.103,78,Rising
2022-07,2022,Q3,Karol G,Latin,Ireland,Europe,2070757,1325284,745473,14.68,1504.49,1519.17,95244,51922,0.271,79,Rising
2022-07,2022,Q3,Lil Baby,Hip-Hop,Ireland,Europe,3729424,2386831,1342593,23.19,2278.92,2302.11,245466,51757,0.175,83,Declining
2022-07,2022,Q3,Nicki Minaj,Hip-Hop,Ireland,Europe,5002943,3201883,1801060,36.65,2120.09,2156.74,187492,124553,0.29,100,Stable
2022-07,2022,Q3,Newjeans,K-Pop,Ireland,Europe,3936191,2519162,1417029,24.08,2142.98,2167.06,138855,188758,0.252,63,Stable
2022-07,2022,Q3,Ariana Grande,Pop,Ireland,Europe,5416818,3466763,1950055,33.9,3876.88,3910.78,126282,261012,0.115,100,Stable
2022-07,2022,Q3,Asake,Afrobeats,Ireland,Europe,1273880,815283,458597,7.76,627.59,635.35,33613,62126,0.134,53,Rising
2022-07,2022,Q3,Rauw Alejandro,Latin,Ireland,Europe,1201709,769093,432616,7.7,1268.78,1276.48,65489,54794,0.256,100,Stable
2022-07,2022,Q3,Fred Again..,Electronic,Ireland,Europe,8299959,5311973,2987986,57.83,6111.61,6169.44,439917,115258,0.116,100,Declining
2022-07,2022,Q3,Burna Boy,Afrobeats,Ireland,Europe,4195579,2685170,1510409,23.23,3023.75,3046.98,178303,146989,0.294,79,Rising
2022-07,2022,Q3,Twenty One Pilots,Rock,Ireland,Europe,6433158,4117221,2315937,41.26,4894.82,4936.08,287403,182788,0.111,100,Stable
2022-07,2022,Q3,Stray Kids,K-Pop,Ireland,Europe,2369658,1516581,853077,17.28,919.08,936.36,154525,73469,0.18,68,Declining
2022-07,2022,Q3,Fred Again..,Electronic,Spain,Europe,3407708,1874239,1533469,21.48,3816.3,3837.78,219371,67829,0.305,100,Declining
2022-07,2022,Q3,Wizkid,Afrobeats,Spain,Europe,3488884,1918886,1569998,18.45,1823.64,1842.09,150850,118650,0.219,100,Rising
2022-07,2022,Q3,Dua Lipa,Pop,Spain,Europe,5496340,3022987,2473353,27.79,6092.4,6120.19,194646,93482,0.266,100,Rising
2022-07,2022,Q3,Post Malone,Hip-Hop,Spain,Europe,1424728,783600,641128,7.01,725.97,732.98,46953,21533,0.164,100,Declining
2022-07,2022,Q3,J Balvin,Latin,Spain,Europe,1136428,625035,511393,6.54,1134.02,1140.56,50806,32902,0.192,74,Rising
2022-07,2022,Q3,Paramore,Rock,Spain,Europe,346128,190370,155758,1.99,218.83,220.82,25408,15354,0.101,100,Stable
2022-07,2022,Q3,Harry Styles,Pop,Spain,Europe,8670408,4768724,3901684,44.42,9495.12,9539.54,482898,199358,0.087,100,Stable
2022-07,2022,Q3,Taylor Swift,Pop,Spain,Europe,8789274,4834100,3955174,54.42,10323.09,10377.51,297122,177888,0.089,100,Stable
2022-07,2022,Q3,Nicki Minaj,Hip-Hop,Spain,Europe,5450292,2997660,2452632,34.16,2727.72,2761.88,302413,241624,0.21,100,Stable
2022-07,2022,Q3,Giveon,R&B,Spain,Europe,4470824,2458953,2011871,23.17,3299.51,3322.68,180485,166343,0.096,100,Rising
2022-07,2022,Q3,Calvin Harris,Electronic,Spain,Europe,10049139,5527026,4522113,52.73,6878.64,6931.37,530745,175720,0.089,100,Rising
2022-07,2022,Q3,Ed Sheeran,Pop,Spain,Europe,9823655,5403010,4420645,57.25,9345.83,9403.08,699221,222036,0.221,100,Rising
2022-07,2022,Q3,Burna Boy,Afrobeats,Italy,Europe,761473,395965,365508,4.45,433.17,437.62,48202,11894,0.185,79,Rising
2022-07,2022,Q3,Tyla,Afrobeats,Italy,Europe,1939604,1008594,931010,11.4,2302.68,2314.08,92083,63567,0.267,87,Rising
2022-07,2022,Q3,Ariana Grande,Pop,Italy,Europe,7157809,3722060,3435749,36.07,8176.32,8212.39,532296,109006,0.234,100,Stable
2022-07,2022,Q3,Taylor Swift,Pop,Italy,Europe,7852645,4083375,3769270,43.11,5088.11,5131.22,438045,341022,0.284,100,Stable
2022-07,2022,Q3,Stray Kids,K-Pop,Italy,Europe,865263,449936,415327,4.58,858.09,862.67,24464,29115,0.165,67,Declining
2022-07,2022,Q3,Rauw Alejandro,Latin,Italy,Europe,4788890,2490222,2298668,27.69,5406.72,5434.41,198351,146097,0.262,100,Stable
2022-07,2022,Q3,Kendrick Lamar,Hip-Hop,Italy,Europe,3189489,1658534,1530955,18.68,3583.71,3602.39,242005,82656,0.337,100,Rising
2022-07,2022,Q3,Ed Sheeran,Pop,Italy,Europe,10353426,5383781,4969645,46.87,11988.9,12035.77,228171,452427,0.206,100,Rising
2022-07,2022,Q3,Bad Bunny,Latin,Italy,Europe,364452,189515,174937,1.76,175.8,177.56,16379,14261,0.296,94,Stable
2022-07,2022,Q3,Arctic Monkeys,Rock,Italy,Europe,10930743,5683986,5246757,64.01,13382.54,13446.55,595350,413462,0.33,100,Rising
2022-07,2022,Q3,Newjeans,K-Pop,United States,Americas,1080273,626558,453715,6.5,898.68,905.18,71691,18078,0.287,68,Stable
2022-07,2022,Q3,Coldplay,Rock,United States,Americas,5478322,3177426,2300896,38.09,6848.4,6886.49,223415,186126,0.333,76,Stable
2022-07,2022,Q3,Fred Again..,Electronic,United States,Americas,642236,372496,269740,3.79,416.46,420.25,40615,7669,0.256,49,Declining
2022-07,2022,Q3,Asake,Afrobeats,United States,Americas,263798,153002,110796,1.69,228.76,230.45,9512,12257,0.179,51,Rising
2022-07,2022,Q3,Olivia Rodrigo,Pop,United States,Americas,10123124,5871411,4251713,62.75,6580.31,6643.06,282226,432931,0.349,100,Rising
2022-07,2022,Q3,J Balvin,Latin,United States,Americas,651015,377588,273427,4.42,487.81,492.23,48367,21092,0.202,100,Rising
2022-07,2022,Q3,Dua Lipa,Pop,United States,Americas,12603283,7309904,5293379,85.99,10275.42,10361.41,411925,396564,0.339,100,Rising
2022-07,2022,Q3,Rauw Alejandro,Latin,United States,Americas,2856806,1656947,1199859,20.88,1853.9,1874.78,207116,116171,0.178,100,Stable
2022-07,2022,Q3,Doja Cat,Pop,United States,Americas,5614713,3256533,2358180,37.23,2471.9,2509.13,414735,172808,0.206,100,Stable
2022-07,2022,Q3,Olivia Rodrigo,Pop,Brazil,Americas,10721944,4074338,6647606,20.75,18302.26,18323.01,811576,334012,0.284,100,Rising
2022-07,2022,Q3,Tyla,Afrobeats,Brazil,Americas,1203782,457437,746345,2.19,1693.05,1695.24,25387,46825,0.306,88,Rising
2022-07,2022,Q3,Imagine Dragons,Rock,Brazil,Americas,5194823,1974032,3220791,10.67,5076.93,5087.6,204876,193014,0.232,100,Stable
2022-07,2022,Q3,Rauw Alejandro,Latin,Brazil,Americas,11246509,4273673,6972836,22.35,12056.62,12078.97,755383,167145,0.111,100,Stable
2022-07,2022,Q3,H.E.R.,R&B,Brazil,Americas,8263099,3139977,5123122,14.07,5268.91,5282.98,553011,351114,0.124,100,Rising
2022-07,2022,Q3,J Balvin,Latin,Brazil,Americas,5242842,1992279,3250563,10.93,5264.87,5275.8,401512,90100,0.259,100,Rising
2022-07,2022,Q3,Martin Garrix,Electronic,Brazil,Americas,5625057,2137521,3487536,11.95,3570.57,3582.52,280751,135002,0.237,90,Rising
2022-07,2022,Q3,Karol G,Latin,Brazil,Americas,900909,342345,558564,1.67,1253.96,1255.63,29398,21216,0.232,100,Rising
2022-07,2022,Q3,Burna Boy,Afrobeats,Brazil,Americas,3700574,1406218,2294356,6.54,3096.0,3102.54,146262,66527,0.251,82,Rising
2022-07,2022,Q3,Ariana Grande,Pop,Brazil,Americas,11814314,4489439,7324875,25.7,8653.05,8678.75,709268,252069,0.253,100,Stable
2022-07,2022,Q3,Fred Again..,Electronic,Brazil,Americas,2262156,859619,1402537,4.45,1762.23,1766.68,81235,98199,0.168,53,Declining
2022-07,2022,Q3,Tyla,Afrobeats,Mexico,Americas,5931376,2075981,3855395,8.58,10174.24,10182.82,389592,293715,0.082,90,Rising
2022-07,2022,Q3,Drake,Hip-Hop,Mexico,Americas,7789893,2726462,5063431,12.22,15169.66,15181.88,240207,89874,0.154,100,Stable
2022-07,2022,Q3,Calvin Harris,Electronic,Mexico,Americas,1941863,679652,1262211,2.66,2948.36,2951.02,88869,53695,0.098,63,Rising
2022-07,2022,Q3,Bts,K-Pop,Mexico,Americas,1349182,472213,876969,2.0,1352.55,1354.55,51002,58930,0.083,83,Stable
2022-07,2022,Q3,Rema,Afrobeats,Mexico,Americas,4569818,1599436,2970382,6.59,3627.35,3633.94,263513,79834,0.218,78,Rising
2022-07,2022,Q3,Billie Eilish,Pop,Mexico,Americas,10783342,3774169,7009173,15.83,7279.99,7295.82,540469,361590,0.173,100,Declining
2022-07,2022,Q3,Rauw Alejandro,Latin,Mexico,Americas,10839808,3793932,7045876,14.45,11928.68,11943.13,604219,529405,0.345,100,Stable
2022-07,2022,Q3,The Weeknd,R&B/Pop,Mexico,Americas,2842119,994741,1847378,4.51,1939.29,1943.8,121103,130259,0.154,89,Rising
2022-07,2022,Q3,Rauw Alejandro,Latin,Colombia,Americas,521960,156588,365372,0.52,548.71,549.23,29035,9563,0.167,100,Stable
2022-07,2022,Q3,Twenty One Pilots,Rock,Colombia,Americas,6819052,2045715,4773337,6.39,5632.23,5638.62,366885,99220,0.117,89,Stable
2022-07,2022,Q3,J Balvin,Latin,Colombia,Americas,7135312,2140593,4994719,8.18,12600.17,12608.35,255080,141367,0.341,100,Rising
2022-07,2022,Q3,Aespa,K-Pop,Colombia,Americas,4231729,1269518,2962211,3.84,6606.48,6610.32,96669,146032,0.141,81,Rising
2022-07,2022,Q3,Billie Eilish,Pop,Colombia,Americas,5934980,1780494,4154486,6.64,4506.25,4512.89,122687,168094,0.116,100,Declining
2022-07,2022,Q3,H.E.R.,R&B,Colombia,Americas,3832781,1149834,2682947,3.55,2891.66,2895.21,243275,137234,0.156,100,Rising
2022-07,2022,Q3,Wizkid,Afrobeats,Colombia,Americas,4404240,1321272,3082968,4.9,3501.8,3506.7,116666,133690,0.206,100,Rising
2022-07,2022,Q3,Davido,Afrobeats,Colombia,Americas,3547481,1064244,2483237,3.97,5782.64,5786.61,98758,126280,0.288,100,Rising
2022-07,2022,Q3,Post Malone,Hip-Hop,Colombia,Americas,13068046,3920413,9147633,15.51,14887.5,14903.01,608387,190605,0.306,100,Declining
2022-07,2022,Q3,Drake,Hip-Hop,Nigeria,Africa,3585576,645403,2940173,2.04,8371.79,8373.83,144820,107982,0.205,100,Stable
2022-07,2022,Q3,Olivia Rodrigo,Pop,Nigeria,Africa,905203,162936,742267,0.55,2005.31,2005.86,45804,35086,0.296,98,Rising
2022-07,2022,Q3,Newjeans,K-Pop,Nigeria,Africa,1145835,206250,939585,0.55,1272.78,1273.33,82225,29459,0.081,58,Stable
2022-07,2022,Q3,Martin Garrix,Electronic,Nigeria,Africa,1870187,336633,1533554,0.86,1924.06,1924.92,125156,91113,0.166,89,Rising
2022-07,2022,Q3,Ariana Grande,Pop,Nigeria,Africa,2780298,500453,2279845,1.36,5710.88,5712.24,211929,37528,0.231,95,Stable
2022-07,2022,Q3,Aespa,K-Pop,Nigeria,Africa,726241,130723,595518,0.44,883.57,884.01,49306,19843,0.328,69,Rising
2022-07,2022,Q3,H.E.R.,R&B,Nigeria,Africa,957083,172274,784809,0.55,2147.96,2148.51,41162,21569,0.183,100,Rising
2022-07,2022,Q3,Travis Scott,Hip-Hop,Nigeria,Africa,1229144,221245,1007899,0.66,1097.39,1098.05,84874,60960,0.19,100,Declining
2022-07,2022,Q3,Asake,Afrobeats,Nigeria,Africa,1677178,301892,1375286,1.04,2599.6,2600.64,97356,25273,0.278,100,Rising
2022-07,2022,Q3,Calvin Harris,Electronic,Nigeria,Africa,929182,167252,761930,0.45,1451.57,1452.02,67711,24946,0.307,67,Rising
2022-07,2022,Q3,21 Savage,Hip-Hop,South Africa,Africa,307222,86022,221200,0.38,595.18,595.56,11618,12798,0.107,100,Declining
2022-07,2022,Q3,The Weeknd,R&B/Pop,South Africa,Africa,1986572,556240,1430332,2.5,2505.1,2507.6,130063,62000,0.27,94,Rising
2022-07,2022,Q3,Miley Cyrus,Pop,South Africa,Africa,1975115,553032,1422083,2.43,2460.33,2462.76,51378,72977,0.082,100,Stable
2022-07,2022,Q3,J. Cole,Hip-Hop,South Africa,Africa,2482594,695126,1787468,3.03,2254.39,2257.42,193089,87867,0.319,100,Stable
2022-07,2022,Q3,Travis Scott,Hip-Hop,South Africa,Africa,2431708,680878,1750830,2.95,2788.22,2791.17,128152,46095,0.2,100,Declining
2022-07,2022,Q3,Kendrick Lamar,Hip-Hop,South Africa,Africa,3781027,1058687,2722340,4.12,6849.81,6853.93,164829,162790,0.152,100,Rising
2022-07,2022,Q3,Paramore,Rock,South Africa,Africa,344004,96321,247683,0.44,297.56,298.0,15625,7666,0.324,77,Stable
2022-07,2022,Q3,H.E.R.,R&B,South Africa,Africa,734251,205590,528661,0.78,943.61,944.39,26990,34698,0.265,100,Rising
2022-07,2022,Q3,Olivia Rodrigo,Pop,South Africa,Africa,758733,212445,546288,0.82,1453.08,1453.9,22204,32558,0.226,93,Rising
2022-07,2022,Q3,Martin Garrix,Electronic,Kenya,Africa,2170696,325604,1845092,0.88,3967.27,3968.15,58413,57984,0.151,88,Rising
2022-07,2022,Q3,Stray Kids,K-Pop,Kenya,Africa,1653028,247954,1405074,0.6,2370.16,2370.76,72822,66855,0.21,81,Declining
2022-07,2022,Q3,Bts,K-Pop,Kenya,Africa,2093393,314008,1779385,0.85,2265.6,2266.45,85532,101750,0.212,67,Stable
2022-07,2022,Q3,Imagine Dragons,Rock,Kenya,Africa,1768218,265232,1502986,0.74,3535.73,3536.47,71533,56125,0.307,92,Stable
2022-07,2022,Q3,Twenty One Pilots,Rock,Kenya,Africa,630142,94521,535621,0.24,539.41,539.65,47807,15412,0.187,50,Stable
2022-07,2022,Q3,Peso Pluma,Latin,Kenya,Africa,686090,102913,583177,0.23,1410.5,1410.73,48900,25683,0.085,61,Rising
2022-07,2022,Q3,Frank Ocean,R&B,Kenya,Africa,474422,71163,403259,0.17,674.79,674.96,16674,15684,0.34,100,Rising
2022-07,2022,Q3,Brent Faiyaz,R&B,Kenya,Africa,1183216,177482,1005734,0.5,1259.39,1259.89,51561,52129,0.325,100,Rising
2022-07,2022,Q3,Calvin Harris,Electronic,Kenya,Africa,438804,65820,372984,0.16,710.18,710.34,11460,5670,0.205,64,Rising
2022-07,2022,Q3,Martin Garrix,Electronic,Ghana,Africa,213476,29886,183590,0.08,384.88,384.96,16478,3674,0.276,100,Rising
2022-07,2022,Q3,Tyla,Afrobeats,Ghana,Africa,6464532,905034,5559498,2.09,8036.24,8038.33,260257,191440,0.166,100,Rising
2022-07,2022,Q3,Miley Cyrus,Pop,Ghana,Africa,2406699,336937,2069762,0.68,2262.23,2262.91,64156,57154,0.24,83,Stable
2022-07,2022,Q3,Peso Pluma,Latin,Ghana,Africa,108278,15158,93120,0.03,109.33,109.36,4027,4467,0.121,70,Rising
2022-07,2022,Q3,Olivia Rodrigo,Pop,Ghana,Africa,707007,98980,608027,0.21,1210.61,1210.82,35419,7728,0.176,100,Rising
2022-07,2022,Q3,Blackpink,K-Pop,Ghana,Africa,453788,63530,390258,0.14,425.04,425.18,30433,16857,0.208,100,Rising
2022-07,2022,Q3,Frank Ocean,R&B,Ghana,Africa,2081747,291444,1790303,0.73,4507.67,4508.4,74834,33398,0.269,100,Rising
2022-07,2022,Q3,Brent Faiyaz,R&B,Ghana,Africa,1644212,230189,1414023,0.58,4100.54,4101.12,112362,41272,0.293,100,Rising
2022-07,2022,Q3,Wizkid,Afrobeats,Ghana,Africa,3035463,424964,2610499,0.85,6987.85,6988.7,216521,131258,0.296,100,Rising
2022-07,2022,Q3,Lil Baby,Hip-Hop,Ghana,Africa,479920,67188,412732,0.15,443.68,443.83,36026,7479,0.229,98,Declining
2022-07,2022,Q3,Harry Styles,Pop,Japan,Asia,2179569,1307741,871828,12.79,1870.93,1883.72,103535,45949,0.205,100,Stable
2022-07,2022,Q3,Asake,Afrobeats,Japan,Asia,1931312,1158787,772525,12.35,1878.28,1890.63,141142,44006,0.183,60,Rising
2022-07,2022,Q3,Newjeans,K-Pop,Japan,Asia,7952359,4771415,3180944,49.84,3961.61,4011.45,551472,240047,0.319,100,Stable
2022-07,2022,Q3,Olivia Rodrigo,Pop,Japan,Asia,846299,507779,338520,4.61,611.35,615.96,17765,36045,0.177,100,Rising
2022-07,2022,Q3,Wizkid,Afrobeats,Japan,Asia,1985004,1191002,794002,12.19,1475.77,1487.96,46175,33230,0.203,100,Rising
2022-07,2022,Q3,Bts,K-Pop,Japan,Asia,13778088,8266852,5511236,90.19,12451.44,12541.63,932892,568619,0.176,100,Stable
2022-07,2022,Q3,Peso Pluma,Latin,Japan,Asia,5134743,3080845,2053898,25.53,2170.9,2196.43,375086,205008,0.348,83,Rising
2022-07,2022,Q3,Dua Lipa,Pop,Japan,Asia,6229114,3737468,2491646,33.44,5565.76,5599.2,324201,116676,0.124,100,Rising
2022-07,2022,Q3,Brent Faiyaz,R&B,Japan,Asia,3850860,2310516,1540344,20.49,4044.65,4065.14,104372,154969,0.106,58,Rising
2022-07,2022,Q3,Rema,Afrobeats,Japan,Asia,2945509,1767305,1178204,17.13,2997.71,3014.84,222917,60221,0.17,79,Rising
2022-07,2022,Q3,Burna Boy,Afrobeats,Japan,Asia,309378,185626,123752,2.01,260.29,262.3,14876,15276,0.23,87,Rising
2022-07,2022,Q3,Frank Ocean,R&B,Japan,Asia,1990428,1194256,796172,12.86,2383.32,2396.18,84621,67595,0.311,64,Rising
2022-07,2022,Q3,Calvin Harris,Electronic,South Korea,Asia,6322681,3477474,2845207,26.82,4374.38,4401.2,373819,97283,0.22,100,Rising
2022-07,2022,Q3,Paramore,Rock,South Korea,Asia,2199027,1209464,989563,10.72,1966.15,1976.87,119470,72078,0.191,62,Stable
2022-07,2022,Q3,Newjeans,K-Pop,South Korea,Asia,3629155,1996035,1633120,14.82,2057.63,2072.45,180734,95425,0.269,100,Stable
2022-07,2022,Q3,Bad Bunny,Latin,South Korea,Asia,471351,259243,212108,2.15,485.47,487.62,29621,10230,0.167,86,Stable
2022-07,2022,Q3,Bts,K-Pop,South Korea,Asia,18380886,10109487,8271399,92.76,8905.11,8997.87,546580,840037,0.096,100,Stable
2022-07,2022,Q3,Twenty One Pilots,Rock,South Korea,Asia,3269986,1798492,1471494,15.91,3639.74,3655.65,107702,84927,0.217,64,Stable
2022-07,2022,Q3,Coldplay,Rock,South Korea,Asia,3059144,1682529,1376615,15.24,2800.82,2816.06,74838,130512,0.314,59,Stable
2022-07,2022,Q3,Dua Lipa,Pop,South Korea,Asia,1128179,620498,507681,4.6,560.67,565.27,23256,12281,0.082,100,Rising
2022-07,2022,Q3,Imagine Dragons,Rock,India,Asia,4178031,919166,3258865,1.56,8922.54,8924.1,132512,48879,0.123,79,Stable
2022-07,2022,Q3,Disclosure,Electronic,India,Asia,6149779,1352951,4796828,2.74,11654.91,11657.65,391656,225460,0.315,100,Rising
2022-07,2022,Q3,Travis Scott,Hip-Hop,India,Asia,1749810,384958,1364852,0.7,2519.62,2520.32,123845,64407,0.278,100,Declining
2022-07,2022,Q3,Tyla,Afrobeats,India,Asia,2351029,517226,1833803,0.94,3582.5,3583.44,65722,60663,0.128,85,Rising
2022-07,2022,Q3,Paramore,Rock,India,Asia,167156,36774,130382,0.08,281.09,281.17,8632,2743,0.273,72,Stable
2022-07,2022,Q3,Blackpink,K-Pop,India,Asia,18234771,4011649,14223122,9.04,19739.64,19748.68,541578,357791,0.219,100,Rising
2022-07,2022,Q3,Newjeans,K-Pop,India,Asia,4401146,968252,3432894,1.82,9764.05,9765.87,261442,120829,0.293,100,Stable
2022-07,2022,Q3,Miley Cyrus,Pop,India,Asia,750215,165047,585168,0.37,777.97,778.34,16901,21127,0.296,100,Stable
2022-07,2022,Q3,Harry Styles,Pop,India,Asia,8799294,1935844,6863450,3.39,14944.32,14947.71,586945,120841,0.127,100,Stable
2022-07,2022,Q3,Peso Pluma,Latin,India,Asia,272494,59948,212546,0.12,436.46,436.58,11358,9548,0.088,92,Rising
2022-07,2022,Q3,The Weeknd,R&B/Pop,India,Asia,6274667,1380426,4894241,2.77,14233.73,14236.5,465208,261087,0.19,100,Rising
2022-07,2022,Q3,H.E.R.,R&B,Indonesia,Asia,3675464,735092,2940372,1.97,8295.45,8297.42,76779,155707,0.333,72,Rising
2022-07,2022,Q3,Billie Eilish,Pop,Indonesia,Asia,3207522,641504,2566018,1.73,6294.98,6296.71,199153,123986,0.203,100,Declining
2022-07,2022,Q3,Newjeans,K-Pop,Indonesia,Asia,1978967,395793,1583174,1.08,4549.33,4550.41,134940,53564,0.251,100,Stable
2022-07,2022,Q3,Disclosure,Electronic,Indonesia,Asia,2613321,522664,2090657,1.17,2091.32,2092.49,164885,37746,0.146,100,Rising
2022-07,2022,Q3,Kendrick Lamar,Hip-Hop,Indonesia,Asia,4837857,967571,3870286,2.48,6579.79,6582.27,225656,60826,0.295,93,Rising
2022-07,2022,Q3,Dua Lipa,Pop,Indonesia,Asia,2342422,468484,1873938,1.31,4466.79,4468.1,63941,29518,0.343,100,Rising
2022-07,2022,Q3,21 Savage,Hip-Hop,Indonesia,Asia,3437354,687470,2749884,1.95,8225.17,8227.12,219405,65655,0.108,61,Declining
2022-07,2022,Q3,Peso Pluma,Latin,Indonesia,Asia,1652740,330548,1322192,0.75,3753.98,3754.73,123783,81921,0.316,94,Rising
2022-07,2022,Q3,Martin Garrix,Electronic,Indonesia,Asia,6417355,1283471,5133884,3.42,12180.14,12183.56,250832,109557,0.108,100,Rising
2022-07,2022,Q3,Aespa,K-Pop,Indonesia,Asia,9455804,1891160,7564644,4.03,14612.95,14616.98,324550,355478,0.233,100,Rising
2022-07,2022,Q3,Calvin Harris,Electronic,Argentina,Latam,1279185,409339,869846,1.3,2212.31,2213.61,65333,48833,0.32,69,Rising
2022-07,2022,Q3,Drake,Hip-Hop,Argentina,Latam,2317480,741593,1575887,2.25,4284.92,4287.17,174915,99768,0.17,100,Stable
2022-07,2022,Q3,Rema,Afrobeats,Argentina,Latam,406315,130020,276295,0.38,654.2,654.58,8607,5973,0.308,42,Rising
2022-07,2022,Q3,H.E.R.,R&B,Argentina,Latam,282303,90336,191967,0.34,388.16,388.5,21124,13751,0.309,62,Rising
2022-07,2022,Q3,Burna Boy,Afrobeats,Argentina,Latam,612105,195873,416232,0.7,871.19,871.89,27746,21268,0.2,37,Rising
2022-07,2022,Q3,Bad Bunny,Latin,Argentina,Latam,3944810,1262339,2682471,4.01,6022.65,6026.66,116324,175244,0.201,100,Stable
2022-07,2022,Q3,Karol G,Latin,Argentina,Latam,10977720,3512870,7464850,12.12,9724.62,9736.74,287590,361324,0.188,100,Rising
2022-07,2022,Q3,Davido,Afrobeats,Argentina,Latam,829669,265494,564175,0.79,1438.33,1439.12,63724,11629,0.122,55,Rising
2022-07,2022,Q3,Paramore,Rock,Argentina,Latam,386439,123660,262779,0.35,771.2,771.55,30598,12356,0.099,65,Stable
2022-07,2022,Q3,Harry Styles,Pop,Argentina,Latam,2520757,806642,1714115,2.45,4366.47,4368.92,130376,118774,0.196,100,Stable
2022-07,2022,Q3,Martin Garrix,Electronic,Argentina,Latam,392596,125630,266966,0.47,442.7,443.17,28720,17236,0.137,99,Rising
2022-07,2022,Q3,Olivia Rodrigo,Pop,Argentina,Latam,2873100,919392,1953708,2.64,3517.53,3520.17,156915,126981,0.343,92,Rising
2022-07,2022,Q3,The Weeknd,R&B/Pop,Chile,Latam,556224,189116,367108,0.57,643.72,644.29,34348,11182,0.339,84,Rising
2022-07,2022,Q3,Coldplay,Rock,Chile,Latam,1874483,637324,1237159,2.09,3182.67,3184.76,122116,34403,0.133,60,Stable
2022-07,2022,Q3,Sza,R&B,Chile,Latam,1257468,427539,829929,1.47,2035.72,2037.19,32357,32494,0.345,79,Stable
2022-07,2022,Q3,Bad Bunny,Latin,Chile,Latam,7222392,2455613,4766779,8.93,9754.58,9763.51,534086,282137,0.218,100,Stable
2022-07,2022,Q3,Burna Boy,Afrobeats,Chile,Latam,372640,126697,245943,0.4,348.42,348.82,10256,6552,0.089,42,Rising
2022-07,2022,Q3,J. Cole,Hip-Hop,Chile,Latam,134620,45770,88850,0.18,146.25,146.43,6438,3581,0.12,100,Stable
2022-07,2022,Q3,Paramore,Rock,Chile,Latam,1297727,441227,856500,1.64,1990.42,1992.06,60311,47814,0.089,71,Stable
2022-07,2022,Q3,Miley Cyrus,Pop,Chile,Latam,597271,203072,394199,0.65,1030.87,1031.52,13875,7637,0.199,88,Stable
2022-07,2022,Q3,Davido,Afrobeats,Chile,Latam,1107453,376534,730919,1.21,931.28,932.49,78567,38383,0.13,46,Rising
2022-07,2022,Q3,Billie Eilish,Pop,Chile,Latam,3036348,1032358,2003990,3.12,3407.54,3410.66,82346,33883,0.11,99,Declining
2022-08,2022,Q3,Fred Again..,Electronic,Netherlands,Europe,2758151,1875542,882609,20.19,1407.02,1427.21,125752,48097,0.11,100,Declining
2022-08,2022,Q3,Miley Cyrus,Pop,Netherlands,Europe,1094731,744417,350314,8.54,404.0,412.54,52965,46069,0.293,100,Stable
2022-08,2022,Q3,Asake,Afrobeats,Netherlands,Europe,1057356,719002,338354,7.39,997.43,1004.82,41927,49617,0.153,64,Rising
2022-08,2022,Q3,Wizkid,Afrobeats,Netherlands,Europe,5375153,3655104,1720049,39.75,3892.97,3932.72,209983,103672,0.317,100,Rising
2022-08,2022,Q3,Disclosure,Electronic,Netherlands,Europe,7738695,5262312,2476383,54.27,2984.46,3038.73,550485,263538,0.339,100,Rising
2022-08,2022,Q3,Brent Faiyaz,R&B,Netherlands,Europe,928068,631086,296982,6.22,389.79,396.01,71880,38189,0.279,72,Rising
2022-08,2022,Q3,J Balvin,Latin,Netherlands,Europe,2483259,1688616,794643,15.04,1864.85,1879.89,138487,54081,0.084,63,Rising
2022-08,2022,Q3,Ed Sheeran,Pop,Netherlands,Europe,10804979,7347385,3457594,75.24,6244.66,6319.9,829715,214596,0.297,100,Rising
2022-08,2022,Q3,Paramore,Rock,Netherlands,Europe,4509172,3066236,1442936,32.96,3039.98,3072.94,188201,110934,0.317,100,Stable
2022-08,2022,Q3,Billie Eilish,Pop,Netherlands,Europe,4363376,2967095,1396281,26.83,2582.13,2608.96,189882,133239,0.299,100,Declining
2022-08,2022,Q3,Frank Ocean,R&B,Netherlands,Europe,1440574,979590,460984,10.09,864.24,874.33,99955,67639,0.253,96,Rising
2022-08,2022,Q3,Coldplay,Rock,Netherlands,Europe,4033569,2742826,1290743,24.84,1952.95,1977.79,93578,196096,0.31,100,Stable
2022-08,2022,Q3,Disclosure,Electronic,United Kingdom,Europe,1002416,651570,350846,6.1,827.65,833.75,39023,41800,0.115,100,Rising
2022-08,2022,Q3,Davido,Afrobeats,United Kingdom,Europe,3756367,2441638,1314729,27.31,2843.34,2870.65,154422,72512,0.247,94,Rising
2022-08,2022,Q3,Ed Sheeran,Pop,United Kingdom,Europe,10805462,7023550,3781912,73.01,7131.71,7204.72,534529,403034,0.107,100,Rising
2022-08,2022,Q3,Fred Again..,Electronic,United Kingdom,Europe,1631892,1060729,571163,10.49,685.72,696.21,65547,41072,0.206,100,Declining
2022-08,2022,Q3,Sza,R&B,United Kingdom,Europe,4204625,2733006,1471619,25.43,3281.52,3306.95,330614,60767,0.137,85,Stable
2022-08,2022,Q3,Aespa,K-Pop,United Kingdom,Europe,2095144,1361843,733301,14.09,1510.0,1524.09,137728,24232,0.333,70,Rising
2022-08,2022,Q3,Billie Eilish,Pop,United Kingdom,Europe,8050794,5233016,2817778,45.86,3457.0,3502.86,177040,114162,0.137,100,Declining
2022-08,2022,Q3,Rauw Alejandro,Latin,United Kingdom,Europe,1913474,1243758,669716,11.35,1171.67,1183.02,39165,72228,0.167,97,Stable
2022-08,2022,Q3,Newjeans,K-Pop,United Kingdom,Europe,3773676,2452889,1320787,26.88,3914.09,3940.97,168542,152968,0.107,76,Stable
2022-08,2022,Q3,Rema,Afrobeats,United Kingdom,Europe,2162773,1405802,756971,12.65,1954.95,1967.6,127392,70923,0.125,84,Rising
2022-08,2022,Q3,Doja Cat,Pop,United Kingdom,Europe,10718021,6966713,3751308,60.79,10389.06,10449.85,738826,372101,0.335,100,Stable
2022-08,2022,Q3,Wizkid,Afrobeats,Germany,Europe,1167489,817242,350247,7.46,642.95,650.41,43791,47405,0.286,97,Rising
2022-08,2022,Q3,Kendrick Lamar,Hip-Hop,Germany,Europe,2129886,1490920,638966,14.57,1163.35,1177.92,168907,61323,0.149,100,Rising
2022-08,2022,Q3,Nicki Minaj,Hip-Hop,Germany,Europe,5939522,4157665,1781857,40.67,5182.94,5223.61,192104,133445,0.163,100,Stable
2022-08,2022,Q3,Davido,Afrobeats,Germany,Europe,4422760,3095932,1326828,34.54,2197.09,2231.63,200670,162665,0.085,100,Rising
2022-08,2022,Q3,Stray Kids,K-Pop,Germany,Europe,2438172,1706720,731452,16.41,1407.31,1423.72,50575,63333,0.204,79,Declining
2022-08,2022,Q3,Travis Scott,Hip-Hop,Germany,Europe,2811417,1967991,843426,22.43,1080.13,1102.56,155308,50715,0.293,100,Declining
2022-08,2022,Q3,Post Malone,Hip-Hop,Germany,Europe,3026438,2118506,907932,19.23,2021.02,2040.25,239506,137085,0.338,100,Declining
2022-08,2022,Q3,Ed Sheeran,Pop,Germany,Europe,9820406,6874284,2946122,68.68,7620.02,7688.7,284882,357357,0.167,100,Rising
2022-08,2022,Q3,Miley Cyrus,Pop,Germany,Europe,2788890,1952222,836668,16.97,1924.85,1941.82,75872,28520,0.094,100,Stable
2022-08,2022,Q3,Olivia Rodrigo,Pop,Germany,Europe,3496978,2447884,1049094,22.64,1735.6,1758.24,182637,64564,0.299,100,Rising
2022-08,2022,Q3,The Weeknd,R&B/Pop,Sweden,Europe,705291,507809,197482,5.77,330.72,336.49,40897,8469,0.244,88,Rising
2022-08,2022,Q3,Newjeans,K-Pop,Sweden,Europe,3855343,2775846,1079497,27.21,2894.97,2922.18,88706,99715,0.18,67,Stable
2022-08,2022,Q3,Arctic Monkeys,Rock,Sweden,Europe,6176359,4446978,1729381,40.55,4201.31,4241.86,318934,284326,0.164,100,Rising
2022-08,2022,Q3,Aespa,K-Pop,Sweden,Europe,1872546,1348233,524313,14.36,998.01,1012.37,39223,80443,0.317,76,Rising
2022-08,2022,Q3,Dua Lipa,Pop,Sweden,Europe,4470725,3218922,1251803,29.92,3099.24,3129.16,123846,112992,0.238,100,Rising
2022-08,2022,Q3,Fred Again..,Electronic,Sweden,Europe,1588027,1143379,444648,12.87,914.25,927.12,70942,32954,0.35,100,Declining
2022-08,2022,Q3,Davido,Afrobeats,Sweden,Europe,3550177,2556127,994050,28.31,1233.42,1261.73,97159,115778,0.153,91,Rising
2022-08,2022,Q3,Calvin Harris,Electronic,Sweden,Europe,8219176,5917806,2301370,52.79,6228.21,6281.0,516987,309218,0.228,100,Rising
2022-08,2022,Q3,Ed Sheeran,Pop,Sweden,Europe,11065297,7967013,3098284,82.72,7305.98,7388.7,773835,313709,0.24,100,Rising
2022-08,2022,Q3,Paramore,Rock,Sweden,Europe,7414652,5338549,2076103,50.77,2337.76,2388.53,337083,78776,0.166,100,Stable
2022-08,2022,Q3,Miley Cyrus,Pop,France,Europe,2484059,1540116,943943,14.21,2516.27,2530.48,141255,115582,0.143,100,Stable
2022-08,2022,Q3,Drake,Hip-Hop,France,Europe,450140,279086,171054,3.06,185.6,188.66,20339,12802,0.294,82,Stable
2022-08,2022,Q3,Kendrick Lamar,Hip-Hop,France,Europe,2059044,1276607,782437,11.99,1016.66,1028.65,69142,59183,0.195,100,Rising
2022-08,2022,Q3,Frank Ocean,R&B,France,Europe,3533913,2191026,1342887,23.84,3071.11,3094.95,236374,96416,0.241,81,Rising
2022-08,2022,Q3,Calvin Harris,Electronic,France,Europe,6480758,4018069,2462689,36.67,3457.31,3493.98,463700,240503,0.227,100,Rising
2022-08,2022,Q3,Giveon,R&B,France,Europe,4973263,3083423,1889840,30.39,4896.41,4926.8,215238,126038,0.084,100,Rising
2022-08,2022,Q3,Peso Pluma,Latin,France,Europe,352815,218745,134070,2.12,151.27,153.39,11846,14718,0.297,75,Rising
2022-08,2022,Q3,Dua Lipa,Pop,France,Europe,6698578,4153118,2545460,43.0,7211.93,7254.93,254196,234885,0.302,100,Rising
2022-08,2022,Q3,Karol G,Latin,France,Europe,3157168,1957444,1199724,16.72,1647.96,1664.68,187202,79025,0.345,85,Rising
2022-08,2022,Q3,Rema,Afrobeats,France,Europe,1938897,1202116,736781,10.5,1330.97,1341.47,82296,40362,0.16,81,Rising
2022-08,2022,Q3,21 Savage,Hip-Hop,France,Europe,1975885,1225048,750837,10.66,2060.92,2071.58,114597,90147,0.172,75,Declining
2022-08,2022,Q3,Calvin Harris,Electronic,Ireland,Europe,2022923,1294670,728253,11.06,1590.02,1601.08,41994,20326,0.246,100,Rising
2022-08,2022,Q3,Burna Boy,Afrobeats,Ireland,Europe,536508,343365,193143,2.97,314.21,317.18,15540,17815,0.259,84,Rising
2022-08,2022,Q3,Peso Pluma,Latin,Ireland,Europe,2608540,1669465,939075,18.63,2188.93,2207.56,148697,91392,0.16,80,Rising
2022-08,2022,Q3,Post Malone,Hip-Hop,Ireland,Europe,1690390,1081849,608541,10.71,632.44,643.15,108207,45147,0.222,96,Declining
2022-08,2022,Q3,Arctic Monkeys,Rock,Ireland,Europe,4207033,2692501,1514532,28.37,3445.23,3473.6,306606,140685,0.29,100,Rising
2022-08,2022,Q3,21 Savage,Hip-Hop,Ireland,Europe,759453,486049,273404,4.69,699.42,704.11,48215,9402,0.237,70,Declining
2022-08,2022,Q3,Wizkid,Afrobeats,Ireland,Europe,4444889,2844728,1600161,25.09,1989.81,2014.9,247439,105768,0.089,100,Rising
2022-08,2022,Q3,Blackpink,K-Pop,Ireland,Europe,4077311,2609479,1467832,23.41,1718.73,1742.14,174829,178090,0.325,92,Rising
2022-08,2022,Q3,Travis Scott,Hip-Hop,Ireland,Europe,4178036,2673943,1504093,26.98,3510.51,3537.49,142142,123610,0.186,100,Declining
2022-08,2022,Q3,Rema,Afrobeats,Ireland,Europe,747022,478094,268928,4.1,642.99,647.09,34591,23970,0.231,77,Rising
2022-08,2022,Q3,Imagine Dragons,Rock,Ireland,Europe,1030834,659733,371101,6.36,465.03,471.39,44467,32175,0.242,100,Stable
2022-08,2022,Q3,Bts,K-Pop,Spain,Europe,4138246,2276035,1862211,21.17,1992.5,2013.67,147586,87516,0.326,83,Stable
2022-08,2022,Q3,Burna Boy,Afrobeats,Spain,Europe,3983293,2190811,1792482,22.39,4926.05,4948.44,251988,142264,0.233,83,Rising
2022-08,2022,Q3,Bad Bunny,Latin,Spain,Europe,689319,379125,310194,3.26,607.37,610.63,38572,9067,0.157,78,Stable
2022-08,2022,Q3,Newjeans,K-Pop,Spain,Europe,963038,529670,433368,5.35,1056.37,1061.72,31703,37439,0.299,66,Stable
2022-08,2022,Q3,Aespa,K-Pop,Spain,Europe,2950474,1622760,1327714,17.08,3356.45,3373.53,234608,70268,0.191,70,Rising
2022-08,2022,Q3,Karol G,Latin,Spain,Europe,337609,185684,151925,2.05,329.06,331.11,8160,4020,0.097,85,Rising
2022-08,2022,Q3,Drake,Hip-Hop,Spain,Europe,1819938,1000965,818973,10.71,831.82,842.53,95280,75983,0.152,100,Stable
2022-08,2022,Q3,Travis Scott,Hip-Hop,Spain,Europe,2340774,1287425,1053349,12.65,1783.48,1796.13,164218,94421,0.167,100,Declining
2022-08,2022,Q3,Paramore,Rock,Spain,Europe,5614235,3087829,2526406,31.39,4446.51,4477.9,403092,204316,0.275,100,Stable
2022-08,2022,Q3,Ed Sheeran,Pop,Spain,Europe,1122504,617377,505127,5.7,1241.42,1247.12,72813,29070,0.137,100,Rising
2022-08,2022,Q3,J. Cole,Hip-Hop,Spain,Europe,6005549,3303051,2702498,29.76,6392.8,6422.56,274046,202153,0.278,100,Stable
2022-08,2022,Q3,Disclosure,Electronic,Italy,Europe,8670509,4508664,4161845,39.89,6248.23,6288.12,246107,222024,0.157,100,Rising
2022-08,2022,Q3,Blackpink,K-Pop,Italy,Europe,971926,505401,466525,5.43,1139.84,1145.27,27654,43815,0.129,100,Rising
2022-08,2022,Q3,Rema,Afrobeats,Italy,Europe,1045160,543483,501677,5.28,819.27,824.55,61063,28704,0.105,86,Rising
2022-08,2022,Q3,Coldplay,Rock,Italy,Europe,5625628,2925326,2700302,29.44,3150.59,3180.03,395129,194199,0.127,100,Stable
2022-08,2022,Q3,The Weeknd,R&B/Pop,Italy,Europe,4100569,2132295,1968274,24.03,5162.6,5186.63,285860,134450,0.163,88,Rising
2022-08,2022,Q3,Aespa,K-Pop,Italy,Europe,3342874,1738294,1604580,18.33,4697.49,4715.82,253559,109663,0.278,79,Rising
2022-08,2022,Q3,Ariana Grande,Pop,Italy,Europe,5402199,2809143,2593056,24.1,5514.65,5538.75,355302,133342,0.227,100,Stable
2022-08,2022,Q3,Burna Boy,Afrobeats,Italy,Europe,2007151,1043718,963433,9.41,1680.03,1689.44,43549,31076,0.127,72,Rising
2022-08,2022,Q3,Drake,Hip-Hop,United States,Americas,2183640,1266511,917129,14.63,2145.78,2160.41,131109,66735,0.178,100,Stable
2022-08,2022,Q3,Lil Baby,Hip-Hop,United States,Americas,324522,188222,136300,2.03,211.71,213.74,25468,6604,0.164,100,Declining
2022-08,2022,Q3,Peso Pluma,Latin,United States,Americas,11856721,6876898,4979823,78.1,6757.95,6836.05,504726,340448,0.193,100,Rising
2022-08,2022,Q3,Newjeans,K-Pop,United States,Americas,4540082,2633247,1906835,26.39,2460.07,2486.46,123677,159411,0.08,64,Stable
2022-08,2022,Q3,Miley Cyrus,Pop,United States,Americas,2160801,1253264,907537,14.58,1688.23,1702.81,132812,66647,0.344,100,Stable
2022-08,2022,Q3,Rauw Alejandro,Latin,United States,Americas,897769,520706,377063,5.57,1095.31,1100.88,62330,26252,0.262,100,Stable
2022-08,2022,Q3,Billie Eilish,Pop,United States,Americas,7731623,4484341,3247282,48.89,8080.68,8129.57,509545,126352,0.24,100,Declining
2022-08,2022,Q3,Post Malone,Hip-Hop,United States,Americas,6081617,3527337,2554280,39.89,4022.24,4062.13,337828,133257,0.095,100,Declining
2022-08,2022,Q3,Asake,Afrobeats,Brazil,Americas,1616586,614302,1002284,3.51,1756.3,1759.81,51761,42943,0.246,53,Rising
2022-08,2022,Q3,Doja Cat,Pop,Brazil,Americas,1401522,532578,868944,3.0,1209.05,1212.05,92323,15332,0.181,100,Stable
2022-08,2022,Q3,Karol G,Latin,Brazil,Americas,4495203,1708177,2787026,8.84,5150.07,5158.91,240032,83289,0.266,100,Rising
2022-08,2022,Q3,Harry Styles,Pop,Brazil,Americas,11990845,4556521,7434324,25.15,15933.83,15958.98,567174,191679,0.201,100,Stable
2022-08,2022,Q3,J Balvin,Latin,Brazil,Americas,4478106,1701680,2776426,8.44,5761.67,5770.11,221733,188513,0.261,100,Rising
2022-08,2022,Q3,Newjeans,K-Pop,Brazil,Americas,1496839,568798,928041,2.59,2413.51,2416.1,86024,42993,0.139,62,Stable
2022-08,2022,Q3,Rema,Afrobeats,Brazil,Americas,4909416,1865578,3043838,10.09,3894.3,3904.39,349485,127636,0.277,84,Rising
2022-08,2022,Q3,21 Savage,Hip-Hop,Brazil,Americas,4493678,1707597,2786081,9.5,4854.32,4863.82,110190,217197,0.197,100,Declining
2022-08,2022,Q3,Bad Bunny,Latin,Brazil,Americas,11013402,4185092,6828310,19.65,10871.96,10891.61,551713,491906,0.295,100,Stable
2022-08,2022,Q3,Billie Eilish,Pop,Brazil,Americas,2617197,994534,1622663,4.68,4717.59,4722.27,175397,95258,0.22,100,Declining
2022-08,2022,Q3,Disclosure,Electronic,Brazil,Americas,485191,184372,300819,0.9,556.82,557.72,35085,12522,0.17,77,Rising
2022-08,2022,Q3,Doja Cat,Pop,Mexico,Americas,6703832,2346341,4357491,8.07,11745.97,11754.04,481549,226919,0.235,100,Stable
2022-08,2022,Q3,Tyla,Afrobeats,Mexico,Americas,4455962,1559586,2896376,5.9,6222.74,6228.64,167295,116260,0.286,87,Rising
2022-08,2022,Q3,The Weeknd,R&B/Pop,Mexico,Americas,3336889,1167911,2168978,5.28,5124.23,5129.51,195996,128351,0.328,97,Rising
2022-08,2022,Q3,Disclosure,Electronic,Mexico,Americas,172567,60398,112169,0.24,228.7,228.94,9994,7252,0.202,82,Rising
2022-08,2022,Q3,Davido,Afrobeats,Mexico,Americas,6091553,2132043,3959510,7.42,6223.61,6231.03,255860,212404,0.098,99,Rising
2022-08,2022,Q3,Miley Cyrus,Pop,Mexico,Americas,6331057,2215869,4115188,9.3,4266.2,4275.5,413677,130506,0.164,100,Stable
2022-08,2022,Q3,Ed Sheeran,Pop,Mexico,Americas,8652670,3028434,5624236,12.46,5976.56,5989.02,234749,194474,0.2,100,Rising
2022-08,2022,Q3,Dua Lipa,Pop,Mexico,Americas,5875321,2056362,3818959,9.17,6434.43,6443.6,469390,59576,0.087,100,Rising
2022-08,2022,Q3,Burna Boy,Afrobeats,Mexico,Americas,1978122,692342,1285780,2.46,2801.41,2803.87,106948,96611,0.319,88,Rising
2022-08,2022,Q3,Frank Ocean,R&B,Colombia,Americas,8944971,2683491,6261480,8.32,14187.66,14195.98,565364,147002,0.251,100,Rising
2022-08,2022,Q3,Ed Sheeran,Pop,Colombia,Americas,5698877,1709663,3989214,5.4,8070.07,8075.47,145866,266909,0.173,100,Rising
2022-08,2022,Q3,H.E.R.,R&B,Colombia,Americas,4518054,1355416,3162638,4.19,5127.7,5131.89,301377,143350,0.305,100,Rising
2022-08,2022,Q3,Blackpink,K-Pop,Colombia,Americas,3905121,1171536,2733585,4.63,6521.84,6526.47,281391,96293,0.092,100,Rising
2022-08,2022,Q3,Peso Pluma,Latin,Colombia,Americas,6602175,1980652,4621523,7.56,6413.98,6421.54,225782,297581,0.301,100,Rising
2022-08,2022,Q3,Calvin Harris,Electronic,Colombia,Americas,916320,274896,641424,0.88,1727.54,1728.42,41128,10488,0.167,74,Rising
2022-08,2022,Q3,Taylor Swift,Pop,Colombia,Americas,5716385,1714915,4001470,5.53,8512.06,8517.59,392721,227860,0.231,100,Stable
2022-08,2022,Q3,Billie Eilish,Pop,Colombia,Americas,8786170,2635851,6150319,8.37,8438.34,8446.71,310024,195030,0.177,100,Declining
2022-08,2022,Q3,Doja Cat,Pop,Colombia,Americas,7162977,2148893,5014084,6.96,12563.22,12570.18,300436,279744,0.203,100,Stable
2022-08,2022,Q3,J. Cole,Hip-Hop,Colombia,Americas,6328555,1898566,4429989,7.53,11869.04,11876.57,288329,226490,0.128,100,Stable
2022-08,2022,Q3,Nicki Minaj,Hip-Hop,Colombia,Americas,5043265,1512979,3530286,5.96,6406.3,6412.26,403111,167279,0.091,100,Stable
2022-08,2022,Q3,Coldplay,Rock,Nigeria,Africa,559220,100659,458561,0.28,988.12,988.4,25203,9301,0.122,53,Stable
2022-08,2022,Q3,Giveon,R&B,Nigeria,Africa,4392596,790667,3601929,2.44,7996.15,7998.59,235567,204641,0.262,100,Rising
2022-08,2022,Q3,Paramore,Rock,Nigeria,Africa,1261923,227146,1034777,0.77,1242.89,1243.66,45821,62042,0.153,79,Stable
2022-08,2022,Q3,Aespa,K-Pop,Nigeria,Africa,1361059,244990,1116069,0.66,3027.45,3028.11,99301,29775,0.302,69,Rising
2022-08,2022,Q3,Rauw Alejandro,Latin,Nigeria,Africa,765659,137818,627841,0.44,1131.78,1132.22,24160,18562,0.126,62,Stable
2022-08,2022,Q3,Ariana Grande,Pop,Nigeria,Africa,2663926,479506,2184420,1.54,3121.71,3123.25,209500,32189,0.175,100,Stable
2022-08,2022,Q3,Burna Boy,Afrobeats,Nigeria,Africa,7325277,1318549,6006728,4.27,14567.25,14571.52,425577,186711,0.325,100,Rising
2022-08,2022,Q3,21 Savage,Hip-Hop,Nigeria,Africa,1558558,280540,1278018,0.72,2158.61,2159.33,39378,45464,0.277,100,Declining
2022-08,2022,Q3,Wizkid,Afrobeats,Nigeria,Africa,7479154,1346247,6132907,4.58,8659.88,8664.46,443438,87774,0.098,100,Rising
2022-08,2022,Q3,Harry Styles,Pop,South Africa,Africa,3188708,892838,2295870,3.95,4106.15,4110.1,240724,140017,0.182,100,Stable
2022-08,2022,Q3,21 Savage,Hip-Hop,South Africa,Africa,2278997,638119,1640878,2.66,4906.4,4909.06,173816,23180,0.319,96,Declining
2022-08,2022,Q3,Karol G,Latin,South Africa,Africa,1592262,445833,1146429,1.69,3335.34,3337.03,98403,50264,0.218,62,Rising
2022-08,2022,Q3,Martin Garrix,Electronic,South Africa,Africa,1044112,292351,751761,1.32,1979.33,1980.65,39700,28565,0.102,89,Rising
2022-08,2022,Q3,Calvin Harris,Electronic,South Africa,Africa,1308916,366496,942420,1.36,2153.96,2155.32,81418,28749,0.285,62,Rising
2022-08,2022,Q3,Bts,K-Pop,South Africa,Africa,1808171,506287,1301884,1.75,2332.12,2333.87,56624,58702,0.267,78,Stable
2022-08,2022,Q3,Olivia Rodrigo,Pop,South Africa,Africa,2467740,690967,1776773,2.94,4585.08,4588.02,92118,62927,0.249,99,Rising
2022-08,2022,Q3,Ariana Grande,Pop,South Africa,Africa,1481834,414913,1066921,1.45,1164.93,1166.38,39559,25911,0.216,100,Stable
2022-08,2022,Q3,Paramore,Rock,Kenya,Africa,1629285,244392,1384893,0.59,4117.25,4117.84,74724,36217,0.179,66,Stable
2022-08,2022,Q3,Arctic Monkeys,Rock,Kenya,Africa,1641983,246297,1395686,0.58,4093.04,4093.62,47923,65193,0.176,100,Rising
2022-08,2022,Q3,Doja Cat,Pop,Kenya,Africa,2967025,445053,2521972,1.02,5255.13,5256.15,98462,106824,0.324,99,Stable
2022-08,2022,Q3,Martin Garrix,Electronic,Kenya,Africa,2636690,395503,2241187,0.89,6394.11,6395.0,57830,75149,0.165,99,Rising
2022-08,2022,Q3,Newjeans,K-Pop,Kenya,Africa,126938,19040,107898,0.05,159.46,159.51,3441,5691,0.082,69,Stable
2022-08,2022,Q3,Imagine Dragons,Rock,Kenya,Africa,269024,40353,228671,0.11,278.72,278.83,9746,3192,0.197,88,Stable
2022-08,2022,Q3,21 Savage,Hip-Hop,Kenya,Africa,2248928,337339,1911589,0.82,4383.68,4384.5,81671,57042,0.278,100,Declining
2022-08,2022,Q3,Miley Cyrus,Pop,Kenya,Africa,825476,123821,701655,0.28,1686.83,1687.11,52455,30517,0.171,86,Stable
2022-08,2022,Q3,Burna Boy,Afrobeats,Kenya,Africa,3489078,523361,2965717,1.31,4837.52,4838.83,277260,95102,0.315,100,Rising
2022-08,2022,Q3,Rauw Alejandro,Latin,Kenya,Africa,131653,19747,111906,0.05,120.09,120.14,4105,5249,0.168,82,Stable
2022-08,2022,Q3,Taylor Swift,Pop,Kenya,Africa,816591,122488,694103,0.28,1644.74,1645.02,25483,25906,0.346,100,Stable
2022-08,2022,Q3,Asake,Afrobeats,Ghana,Africa,5367242,751413,4615829,1.55,10166.9,10168.45,336693,121744,0.226,100,Rising
2022-08,2022,Q3,21 Savage,Hip-Hop,Ghana,Africa,2130563,298278,1832285,0.62,3125.43,3126.05,90613,59424,0.293,100,Declining
2022-08,2022,Q3,Imagine Dragons,Rock,Ghana,Africa,2366714,331339,2035375,0.74,3222.06,3222.8,80620,74079,0.111,91,Stable
2022-08,2022,Q3,Karol G,Latin,Ghana,Africa,1526103,213654,1312449,0.51,3705.25,3705.76,65266,66424,0.165,62,Rising
2022-08,2022,Q3,Kendrick Lamar,Hip-Hop,Ghana,Africa,1864474,261026,1603448,0.6,4282.37,4282.97,106177,65912,0.226,100,Rising
2022-08,2022,Q3,Fred Again..,Electronic,Ghana,Africa,94935,13290,81645,0.03,192.49,192.52,6156,1387,0.141,47,Declining
2022-08,2022,Q3,Billie Eilish,Pop,Ghana,Africa,640828,89715,551113,0.2,1529.44,1529.64,34594,23878,0.172,100,Declining
2022-08,2022,Q3,Aespa,K-Pop,Ghana,Africa,104849,14678,90171,0.03,179.13,179.16,3959,2416,0.339,68,Rising
2022-08,2022,Q3,Rema,Afrobeats,Ghana,Africa,1581540,221415,1360125,0.44,1859.06,1859.5,116420,75211,0.291,100,Rising
2022-08,2022,Q3,Olivia Rodrigo,Pop,Ghana,Africa,2536196,355067,2181129,0.89,2374.58,2375.47,97656,94286,0.233,95,Rising
2022-08,2022,Q3,Martin Garrix,Electronic,Ghana,Africa,1329344,186108,1143236,0.39,1975.66,1976.05,79784,37065,0.332,100,Rising
2022-08,2022,Q3,Arctic Monkeys,Rock,Ghana,Africa,2717609,380465,2337144,0.93,2503.32,2504.25,216981,122035,0.16,95,Rising
2022-08,2022,Q3,Newjeans,K-Pop,Japan,Asia,3463540,2078124,1385416,18.97,2267.31,2286.28,198350,57392,0.308,100,Stable
2022-08,2022,Q3,Coldplay,Rock,Japan,Asia,1021097,612658,408439,5.88,1050.4,1056.28,54477,45218,0.143,57,Stable
2022-08,2022,Q3,Doja Cat,Pop,Japan,Asia,8492788,5095672,3397116,50.31,8588.29,8638.6,212561,139524,0.278,100,Stable
2022-08,2022,Q3,Bad Bunny,Latin,Japan,Asia,240681,144408,96273,1.52,265.07,266.59,14933,8719,0.278,79,Stable
2022-08,2022,Q3,Blackpink,K-Pop,Japan,Asia,13958407,8375044,5583363,89.92,13668.07,13757.99,740624,569733,0.18,100,Rising
2022-08,2022,Q3,Dua Lipa,Pop,Japan,Asia,5052084,3031250,2020834,30.14,3497.68,3527.82,243641,104386,0.173,100,Rising
2022-08,2022,Q3,Martin Garrix,Electronic,Japan,Asia,7744861,4646916,3097945,42.17,8993.19,9035.36,451035,321474,0.269,100,Rising
2022-08,2022,Q3,Frank Ocean,R&B,Japan,Asia,3364758,2018854,1345904,19.22,3236.13,3255.35,163562,75671,0.157,72,Rising
2022-08,2022,Q3,Rema,Afrobeats,Japan,Asia,4505434,2703260,1802174,24.76,4580.76,4605.52,128713,81995,0.265,79,Rising
2022-08,2022,Q3,J. Cole,Hip-Hop,Japan,Asia,3698951,2219370,1479581,19.74,3020.19,3039.93,160830,179018,0.17,86,Stable
2022-08,2022,Q3,H.E.R.,R&B,Japan,Asia,491928,295156,196772,2.71,483.87,486.58,15950,12338,0.082,73,Rising
2022-08,2022,Q3,Asake,Afrobeats,Japan,Asia,2509458,1505674,1003784,14.62,2672.95,2687.57,78555,103842,0.241,65,Rising
2022-08,2022,Q3,Asake,Afrobeats,South Korea,Asia,939097,516503,422594,4.54,438.85,443.39,25104,46600,0.156,63,Rising
2022-08,2022,Q3,21 Savage,Hip-Hop,South Korea,Asia,2793228,1536275,1256953,13.21,2910.55,2923.76,153257,87137,0.308,59,Declining
2022-08,2022,Q3,Fred Again..,Electronic,South Korea,Asia,1414002,777701,636301,6.15,1908.48,1914.63,61262,36028,0.216,74,Declining
2022-08,2022,Q3,Martin Garrix,Electronic,South Korea,Asia,290005,159502,130503,1.25,356.22,357.47,17887,2994,0.247,100,Rising
2022-08,2022,Q3,The Weeknd,R&B/Pop,South Korea,Asia,2906018,1598309,1307709,11.68,2038.55,2050.23,100146,86892,0.335,100,Rising
2022-08,2022,Q3,Twenty One Pilots,Rock,South Korea,Asia,677599,372679,304920,2.93,739.28,742.21,28833,31921,0.106,58,Stable
2022-08,2022,Q3,Davido,Afrobeats,South Korea,Asia,3796934,2088313,1708621,15.41,3436.6,3452.01,83307,136223,0.23,100,Rising
2022-08,2022,Q3,Ed Sheeran,Pop,South Korea,Asia,9934728,5464100,4470628,41.31,6247.58,6288.89,708129,176572,0.124,100,Rising
2022-08,2022,Q3,Asake,Afrobeats,India,Asia,986779,217091,769688,0.43,2197.99,2198.42,34971,20518,0.191,56,Rising
2022-08,2022,Q3,Arctic Monkeys,Rock,India,Asia,537759,118306,419453,0.24,1142.06,1142.3,37572,11444,0.228,91,Rising
2022-08,2022,Q3,Davido,Afrobeats,India,Asia,2912889,640835,2272054,1.23,3647.81,3649.04,138769,58462,0.181,100,Rising
2022-08,2022,Q3,Disclosure,Electronic,India,Asia,5272049,1159850,4112199,1.99,6316.41,6318.4,122451,247653,0.259,100,Rising
2022-08,2022,Q3,Kendrick Lamar,Hip-Hop,India,Asia,4111898,904617,3207281,1.83,8719.7,8721.53,107297,98196,0.225,100,Rising
2022-08,2022,Q3,Bts,K-Pop,India,Asia,6323202,1391104,4932098,2.4,6329.89,6332.29,353434,219827,0.089,100,Stable
2022-08,2022,Q3,Blackpink,K-Pop,India,Asia,26255749,5776264,20479485,11.84,43257.4,43269.24,1162586,713156,0.141,100,Rising
2022-08,2022,Q3,Martin Garrix,Electronic,India,Asia,5929057,1304392,4624665,2.32,4900.12,4902.44,450676,184215,0.225,100,Rising
2022-08,2022,Q3,Ed Sheeran,Pop,Indonesia,Asia,7007774,1401554,5606220,4.01,10095.87,10099.88,408518,318366,0.194,100,Rising
2022-08,2022,Q3,Olivia Rodrigo,Pop,Indonesia,Asia,6943401,1388680,5554721,2.96,16043.97,16046.93,209571,72088,0.144,100,Rising
2022-08,2022,Q3,H.E.R.,R&B,Indonesia,Asia,2932277,586455,2345822,1.27,3078.55,3079.82,77173,109481,0.244,64,Rising
2022-08,2022,Q3,Bts,K-Pop,Indonesia,Asia,918327,183665,734662,0.41,1026.18,1026.59,44398,27241,0.085,100,Stable
2022-08,2022,Q3,Dua Lipa,Pop,Indonesia,Asia,2044553,408910,1635643,0.94,2647.28,2648.22,149548,44837,0.281,100,Rising
2022-08,2022,Q3,Burna Boy,Afrobeats,Indonesia,Asia,2329867,465973,1863894,1.25,2273.43,2274.68,105964,24956,0.089,86,Rising
2022-08,2022,Q3,Travis Scott,Hip-Hop,Indonesia,Asia,3573532,714706,2858826,1.83,7854.39,7856.22,240739,132041,0.245,89,Declining
2022-08,2022,Q3,Sza,R&B,Indonesia,Asia,1714710,342942,1371768,0.76,1765.68,1766.44,102302,62514,0.309,84,Stable
2022-08,2022,Q3,Disclosure,Electronic,Indonesia,Asia,5897507,1179501,4718006,2.69,11078.09,11080.78,154900,166088,0.213,100,Rising
2022-08,2022,Q3,Tyla,Afrobeats,Argentina,Latam,1026401,328448,697953,1.03,1394.88,1395.91,62077,50015,0.119,46,Rising
2022-08,2022,Q3,Wizkid,Afrobeats,Argentina,Latam,1484929,475177,1009752,1.61,2972.81,2974.42,61904,38259,0.134,46,Rising
2022-08,2022,Q3,Newjeans,K-Pop,Argentina,Latam,2412087,771867,1640220,2.3,1691.42,1693.72,78717,74150,0.225,66,Stable
2022-08,2022,Q3,J Balvin,Latin,Argentina,Latam,7112068,2275861,4836207,8.3,6422.87,6431.17,153319,96720,0.157,100,Rising
2022-08,2022,Q3,Arctic Monkeys,Rock,Argentina,Latam,1247913,399332,848581,1.36,943.55,944.91,91244,36529,0.268,95,Rising
2022-08,2022,Q3,Blackpink,K-Pop,Argentina,Latam,2615604,836993,1778611,2.99,2416.61,2419.6,142271,129090,0.159,100,Rising
2022-08,2022,Q3,J. Cole,Hip-Hop,Argentina,Latam,1937438,619980,1317458,2.2,1761.62,1763.82,112155,26013,0.336,100,Stable
2022-08,2022,Q3,Dua Lipa,Pop,Argentina,Latam,1358375,434680,923695,1.54,1058.52,1060.06,97680,36958,0.237,100,Rising
2022-08,2022,Q3,Burna Boy,Afrobeats,Chile,Latam,1413796,480690,933106,1.55,2756.67,2758.22,95848,37493,0.121,43,Rising
2022-08,2022,Q3,Asake,Afrobeats,Chile,Latam,830740,282451,548289,0.9,1158.96,1159.86,55845,18751,0.103,28,Rising
2022-08,2022,Q3,Harry Styles,Pop,Chile,Latam,3829047,1301875,2527172,4.16,7314.78,7318.94,295790,189992,0.298,100,Stable
2022-08,2022,Q3,Disclosure,Electronic,Chile,Latam,1517558,515969,1001589,2.03,2120.3,2122.33,53133,27697,0.117,73,Rising
2022-08,2022,Q3,Davido,Afrobeats,Chile,Latam,1381353,469660,911693,1.47,2109.31,2110.78,92708,44176,0.264,51,Rising
2022-08,2022,Q3,Lil Baby,Hip-Hop,Chile,Latam,2985254,1014986,1970268,3.49,5361.2,5364.69,83119,68748,0.236,94,Declining
2022-08,2022,Q3,Ariana Grande,Pop,Chile,Latam,2172951,738803,1434148,2.3,4172.91,4175.21,53418,30056,0.214,100,Stable
2022-08,2022,Q3,Rema,Afrobeats,Chile,Latam,455113,154738,300375,0.47,887.74,888.21,30690,13473,0.103,41,Rising
2022-08,2022,Q3,Rauw Alejandro,Latin,Chile,Latam,6099633,2073875,4025758,7.0,8302.29,8309.29,449099,123636,0.145,100,Stable
2022-09,2022,Q3,Brent Faiyaz,R&B,Netherlands,Europe,2417283,1643752,773531,17.39,1094.39,1111.78,182671,45027,0.149,68,Rising
2022-09,2022,Q3,Peso Pluma,Latin,Netherlands,Europe,1099298,747522,351776,8.11,1005.72,1013.83,71889,13275,0.306,95,Rising
2022-09,2022,Q3,Bad Bunny,Latin,Netherlands,Europe,2056411,1398359,658052,15.55,1779.56,1795.11,160179,68386,0.325,96,Stable
2022-09,2022,Q3,Davido,Afrobeats,Netherlands,Europe,930359,632644,297715,7.2,579.67,586.87,63162,14037,0.187,98,Rising
2022-09,2022,Q3,Kendrick Lamar,Hip-Hop,Netherlands,Europe,2222350,1511198,711152,14.07,2003.31,2017.38,106388,59928,0.309,100,Rising
2022-09,2022,Q3,Stray Kids,K-Pop,Netherlands,Europe,1273302,865845,407457,8.62,939.34,947.96,34733,21672,0.147,80,Declining
2022-09,2022,Q3,Fred Again..,Electronic,Netherlands,Europe,4382657,2980206,1402451,25.83,2910.0,2935.83,125150,76664,0.321,100,Declining
2022-09,2022,Q3,Rema,Afrobeats,Netherlands,Europe,2440803,1659746,781057,17.51,2332.09,2349.6,106757,85385,0.34,89,Rising
2022-09,2022,Q3,Aespa,K-Pop,Netherlands,Europe,1195275,812787,382488,6.97,1131.87,1138.84,94215,30032,0.087,77,Rising
2022-09,2022,Q3,Lil Baby,Hip-Hop,Netherlands,Europe,190444,129501,60943,1.28,125.68,126.96,5481,2969,0.238,82,Declining
2022-09,2022,Q3,Billie Eilish,Pop,Netherlands,Europe,8118994,5520915,2598079,49.53,3692.4,3741.93,300184,246659,0.218,100,Declining
2022-09,2022,Q3,Billie Eilish,Pop,United Kingdom,Europe,8829102,5738916,3090186,53.99,8558.6,8612.59,560009,324813,0.296,100,Declining
2022-09,2022,Q3,Rauw Alejandro,Latin,United Kingdom,Europe,934415,607369,327046,5.74,699.34,705.08,47721,33805,0.222,89,Stable
2022-09,2022,Q3,Paramore,Rock,United Kingdom,Europe,414817,269631,145186,2.57,340.38,342.95,31966,12205,0.206,100,Stable
2022-09,2022,Q3,Kendrick Lamar,Hip-Hop,United Kingdom,Europe,5693701,3700905,1992796,39.32,2581.21,2620.53,269676,65724,0.085,100,Rising
2022-09,2022,Q3,Arctic Monkeys,Rock,United Kingdom,Europe,3313355,2153680,1159675,22.96,3236.43,3259.39,217491,39527,0.18,100,Rising
2022-09,2022,Q3,Burna Boy,Afrobeats,United Kingdom,Europe,437794,284566,153228,3.11,342.8,345.91,30772,13409,0.182,90,Rising
2022-09,2022,Q3,Tyla,Afrobeats,United Kingdom,Europe,4635366,3012987,1622379,26.02,3925.82,3951.84,254630,83085,0.093,79,Rising
2022-09,2022,Q3,The Weeknd,R&B/Pop,United Kingdom,Europe,4900474,3185308,1715166,34.73,4241.59,4276.32,370082,136592,0.127,91,Rising
2022-09,2022,Q3,Brent Faiyaz,R&B,United Kingdom,Europe,3563448,2316241,1247207,24.01,2284.37,2308.38,277539,140399,0.097,74,Rising
2022-09,2022,Q3,Disclosure,Electronic,United Kingdom,Europe,11303292,7347139,3956153,67.02,9466.62,9533.64,436157,507746,0.171,100,Rising
2022-09,2022,Q3,Fred Again..,Electronic,United Kingdom,Europe,2908008,1890205,1017803,20.93,1324.63,1345.56,106811,39955,0.137,100,Declining
2022-09,2022,Q3,Peso Pluma,Latin,Germany,Europe,4774938,3342456,1432482,31.83,1976.19,2008.02,339223,182001,0.103,82,Rising
2022-09,2022,Q3,Paramore,Rock,Germany,Europe,6857312,4800118,2057194,50.93,2385.37,2436.3,302511,245929,0.175,100,Stable
2022-09,2022,Q3,H.E.R.,R&B,Germany,Europe,953015,667110,285905,5.73,725.76,731.49,60386,46276,0.331,86,Rising
2022-09,2022,Q3,Rauw Alejandro,Latin,Germany,Europe,1365413,955789,409624,10.69,686.62,697.31,88273,55152,0.256,91,Stable
2022-09,2022,Q3,Drake,Hip-Hop,Germany,Europe,1334670,934268,400402,7.96,560.74,568.7,35760,58336,0.15,90,Stable
2022-09,2022,Q3,Brent Faiyaz,R&B,Germany,Europe,1201720,841204,360516,8.86,967.34,976.2,33593,43729,0.235,68,Rising
2022-09,2022,Q3,Asake,Afrobeats,Germany,Europe,1432630,1002840,429790,11.11,794.54,805.65,107363,42860,0.188,61,Rising
2022-09,2022,Q3,Fred Again..,Electronic,Germany,Europe,7467519,5227263,2240256,48.6,4921.67,4970.27,239709,96897,0.086,100,Declining
2022-09,2022,Q3,Dua Lipa,Pop,Germany,Europe,2449423,1714596,734827,19.6,1956.23,1975.83,182982,49413,0.289,100,Rising
2022-09,2022,Q3,Disclosure,Electronic,Germany,Europe,1669259,1168481,500778,9.99,1467.67,1477.66,48334,71406,0.154,100,Rising
2022-09,2022,Q3,Rauw Alejandro,Latin,Sweden,Europe,3972753,2860382,1112371,29.95,2254.6,2284.55,118544,113378,0.244,87,Stable
2022-09,2022,Q3,Lil Baby,Hip-Hop,Sweden,Europe,2327957,1676129,651828,19.63,970.98,990.61,126785,94828,0.158,74,Declining
2022-09,2022,Q3,Martin Garrix,Electronic,Sweden,Europe,2853764,2054710,799054,21.23,1489.6,1510.83,151575,123650,0.297,100,Rising
2022-09,2022,Q3,Harry Styles,Pop,Sweden,Europe,1613595,1161788,451807,11.06,1275.24,1286.3,34140,58310,0.184,100,Stable
2022-09,2022,Q3,Olivia Rodrigo,Pop,Sweden,Europe,7338531,5283742,2054789,56.46,3966.89,4023.35,435937,116447,0.307,100,Rising
2022-09,2022,Q3,Fred Again..,Electronic,Sweden,Europe,3646206,2625268,1020938,27.32,2563.48,2590.8,265507,177081,0.168,100,Declining
2022-09,2022,Q3,H.E.R.,R&B,Sweden,Europe,4199748,3023818,1175930,29.58,3209.09,3238.67,237031,42037,0.297,76,Rising
2022-09,2022,Q3,J Balvin,Latin,Sweden,Europe,1487589,1071064,416525,10.65,885.52,896.17,46458,62515,0.342,65,Rising
2022-09,2022,Q3,Rema,Afrobeats,Sweden,Europe,3440801,2477376,963425,27.92,1506.03,1533.95,72920,108897,0.338,76,Rising
2022-09,2022,Q3,Newjeans,K-Pop,Sweden,Europe,881932,634991,246941,5.91,486.0,491.91,45433,33582,0.342,64,Stable
2022-09,2022,Q3,Drake,Hip-Hop,Sweden,Europe,2807812,2021624,786188,19.02,1326.79,1345.81,178291,29840,0.158,93,Stable
2022-09,2022,Q3,Doja Cat,Pop,Sweden,Europe,5316119,3827605,1488514,39.98,2744.89,2784.87,140141,252672,0.092,100,Stable
2022-09,2022,Q3,Paramore,Rock,France,Europe,5334852,3307608,2027244,37.86,2155.1,2192.96,318756,132566,0.254,100,Stable
2022-09,2022,Q3,Sza,R&B,France,Europe,1043876,647203,396673,6.39,568.25,574.64,51813,42006,0.221,88,Stable
2022-09,2022,Q3,Peso Pluma,Latin,France,Europe,1076839,667640,409199,7.08,661.96,669.04,41907,13376,0.265,84,Rising
2022-09,2022,Q3,Dua Lipa,Pop,France,Europe,1877998,1164358,713640,11.84,1033.96,1045.8,95052,57904,0.239,100,Rising
2022-09,2022,Q3,Ed Sheeran,Pop,France,Europe,10627849,6589266,4038583,59.05,9203.05,9262.1,769162,280361,0.126,100,Rising
2022-09,2022,Q3,Olivia Rodrigo,Pop,France,Europe,5120035,3174421,1945614,32.73,5294.91,5327.64,107136,73162,0.105,100,Rising
2022-09,2022,Q3,21 Savage,Hip-Hop,France,Europe,1805883,1119647,686236,10.62,1983.07,1993.69,37589,43274,0.116,72,Declining
2022-09,2022,Q3,Rema,Afrobeats,France,Europe,2774509,1720195,1054314,18.08,2775.79,2793.87,210685,124996,0.166,85,Rising
2022-09,2022,Q3,Martin Garrix,Electronic,France,Europe,1616138,1002005,614133,11.5,1353.85,1365.35,127249,39762,0.204,100,Rising
2022-09,2022,Q3,Imagine Dragons,Rock,Ireland,Europe,9119715,5836617,3283098,66.52,5227.71,5294.23,525655,244431,0.097,100,Stable
2022-09,2022,Q3,Dua Lipa,Pop,Ireland,Europe,2117265,1355049,762216,11.87,1745.25,1757.12,120646,40958,0.226,100,Rising
2022-09,2022,Q3,Paramore,Rock,Ireland,Europe,1203805,770435,433370,8.8,638.73,647.53,49741,24392,0.152,100,Stable
2022-09,2022,Q3,Miley Cyrus,Pop,Ireland,Europe,1417695,907324,510371,10.31,793.28,803.59,102644,36224,0.112,100,Stable
2022-09,2022,Q3,Sza,R&B,Ireland,Europe,2360424,1510671,849753,15.04,2041.95,2056.99,186907,65289,0.22,84,Stable
2022-09,2022,Q3,Peso Pluma,Latin,Ireland,Europe,1228858,786469,442389,8.3,1051.26,1059.56,76542,28067,0.235,87,Rising
2022-09,2022,Q3,Rema,Afrobeats,Ireland,Europe,1643463,1051816,591647,11.86,1746.42,1758.28,125469,34308,0.218,73,Rising
2022-09,2022,Q3,Disclosure,Electronic,Ireland,Europe,6404771,4099053,2305718,45.27,4304.16,4349.43,419643,89046,0.091,100,Rising
2022-09,2022,Q3,Fred Again..,Electronic,Ireland,Europe,5246912,3358023,1888889,32.8,5253.19,5285.99,240172,164496,0.338,100,Declining
2022-09,2022,Q3,Olivia Rodrigo,Pop,Ireland,Europe,7756907,4964420,2792487,46.28,7438.44,7484.72,199601,112090,0.323,100,Rising
2022-09,2022,Q3,Brent Faiyaz,R&B,Ireland,Europe,4107561,2628839,1478722,23.97,4284.99,4308.96,97130,188665,0.162,74,Rising
2022-09,2022,Q3,Aespa,K-Pop,Spain,Europe,3107108,1708909,1398199,15.5,1968.35,1983.85,97014,91848,0.295,75,Rising
2022-09,2022,Q3,Rema,Afrobeats,Spain,Europe,2439993,1341996,1097997,14.17,2564.06,2578.23,114600,91679,0.099,90,Rising
2022-09,2022,Q3,J Balvin,Latin,Spain,Europe,764059,420232,343827,4.62,371.5,376.12,26096,19076,0.129,66,Rising
2022-09,2022,Q3,Tyla,Afrobeats,Spain,Europe,3142032,1728117,1413915,14.7,2831.32,2846.02,195717,50951,0.255,80,Rising
2022-09,2022,Q3,Disclosure,Electronic,Spain,Europe,3817225,2099473,1717752,20.96,4785.08,4806.04,260738,135392,0.319,100,Rising
2022-09,2022,Q3,Lil Baby,Hip-Hop,Spain,Europe,1889259,1039092,850167,10.86,1594.97,1605.83,125746,73247,0.114,67,Declining
2022-09,2022,Q3,21 Savage,Hip-Hop,Spain,Europe,177236,97479,79757,0.83,179.99,180.82,9737,8768,0.319,74,Declining
2022-09,2022,Q3,Ariana Grande,Pop,Spain,Europe,6454035,3549719,2904316,31.76,3706.39,3738.15,180306,94000,0.145,100,Stable
2022-09,2022,Q3,Doja Cat,Pop,Spain,Europe,6250104,3437557,2812547,33.91,3023.9,3057.81,309601,287116,0.131,100,Stable
2022-09,2022,Q3,Stray Kids,K-Pop,Italy,Europe,2886934,1501205,1385729,15.79,3012.65,3028.44,182570,77589,0.308,75,Declining
2022-09,2022,Q3,Aespa,K-Pop,Italy,Europe,3121774,1623322,1498452,15.11,2553.08,2568.19,80100,84678,0.345,74,Rising
2022-09,2022,Q3,Bad Bunny,Latin,Italy,Europe,3124299,1624635,1499664,13.99,3980.48,3994.47,176399,96708,0.335,82,Stable
2022-09,2022,Q3,Coldplay,Rock,Italy,Europe,713631,371088,342543,4.01,619.93,623.94,54991,33919,0.083,95,Stable
2022-09,2022,Q3,Ariana Grande,Pop,Italy,Europe,4004630,2082407,1922223,22.83,5166.49,5189.32,241801,88835,0.09,100,Stable
2022-09,2022,Q3,J. Cole,Hip-Hop,Italy,Europe,2702278,1405184,1297094,12.8,2179.98,2192.78,150821,126993,0.329,100,Stable
2022-09,2022,Q3,Fred Again..,Electronic,Italy,Europe,1684427,875902,808525,7.46,2156.51,2163.97,42524,59342,0.216,100,Declining
2022-09,2022,Q3,Peso Pluma,Latin,Italy,Europe,2712653,1410579,1302074,16.14,1933.68,1949.82,159364,60074,0.323,91,Rising
2022-09,2022,Q3,Nicki Minaj,Hip-Hop,Italy,Europe,4299728,2235858,2063870,19.18,2231.05,2250.23,244053,181639,0.198,100,Stable
2022-09,2022,Q3,Burna Boy,Afrobeats,United States,Americas,1534298,889892,644406,10.1,1215.75,1225.85,36025,48778,0.102,93,Rising
2022-09,2022,Q3,Frank Ocean,R&B,United States,Americas,5764517,3343419,2421098,41.72,5027.84,5069.56,347700,80579,0.183,100,Rising
2022-09,2022,Q3,Stray Kids,K-Pop,United States,Americas,885724,513719,372005,5.62,509.23,514.85,43869,20849,0.203,70,Declining
2022-09,2022,Q3,Travis Scott,Hip-Hop,United States,Americas,1261187,731488,529699,7.25,988.15,995.4,52185,32368,0.297,100,Declining
2022-09,2022,Q3,Ariana Grande,Pop,United States,Americas,7909005,4587222,3321783,55.42,5638.38,5693.8,348067,361933,0.214,100,Stable
2022-09,2022,Q3,Ed Sheeran,Pop,United States,Americas,583616,338497,245119,3.72,558.21,561.93,17662,25922,0.224,100,Rising
2022-09,2022,Q3,Olivia Rodrigo,Pop,United States,Americas,3561536,2065690,1495846,24.34,3799.54,3823.88,278301,145797,0.146,100,Rising
2022-09,2022,Q3,Peso Pluma,Latin,United States,Americas,11444518,6637820,4806698,80.65,10824.06,10904.71,862224,130805,0.287,100,Rising
2022-09,2022,Q3,Kendrick Lamar,Hip-Hop,United States,Americas,1146488,664963,481525,8.1,857.61,865.71,58980,53417,0.343,100,Rising
2022-09,2022,Q3,Martin Garrix,Electronic,United States,Americas,4525097,2624556,1900541,29.37,3343.4,3372.77,103589,166935,0.346,100,Rising
2022-09,2022,Q3,Billie Eilish,Pop,United States,Americas,3418726,1982861,1435865,20.67,3934.41,3955.08,221451,64140,0.099,100,Declining
2022-09,2022,Q3,Tyla,Afrobeats,United States,Americas,4320751,2506035,1814716,31.24,4132.03,4163.27,281278,173103,0.169,80,Rising
2022-09,2022,Q3,H.E.R.,R&B,Brazil,Americas,9092730,3455237,5637493,18.22,15860.33,15878.55,704940,100328,0.347,100,Rising
2022-09,2022,Q3,Olivia Rodrigo,Pop,Brazil,Americas,11078317,4209760,6868557,18.51,10043.91,10062.42,483571,186163,0.214,100,Rising
2022-09,2022,Q3,Coldplay,Rock,Brazil,Americas,1377379,523404,853975,2.23,2096.4,2098.63,53101,34418,0.207,87,Stable
2022-09,2022,Q3,Arctic Monkeys,Rock,Brazil,Americas,5650183,2147069,3503114,10.27,9292.78,9303.05,266283,174860,0.345,100,Rising
2022-09,2022,Q3,Burna Boy,Afrobeats,Brazil,Americas,5504381,2091664,3412717,10.87,7426.45,7437.32,185853,197087,0.17,91,Rising
2022-09,2022,Q3,Wizkid,Afrobeats,Brazil,Americas,3169048,1204238,1964810,5.62,3602.01,3607.63,130622,98224,0.242,100,Rising
2022-09,2022,Q3,Drake,Hip-Hop,Brazil,Americas,2932224,1114245,1817979,6.25,5338.89,5345.14,174082,144694,0.234,100,Stable
2022-09,2022,Q3,Martin Garrix,Electronic,Brazil,Americas,5105974,1940270,3165704,10.15,3429.11,3439.26,323150,63716,0.206,100,Rising
2022-09,2022,Q3,Kendrick Lamar,Hip-Hop,Brazil,Americas,17163876,6522272,10641604,31.06,25110.02,25141.08,614162,464719,0.184,100,Rising
2022-09,2022,Q3,Rema,Afrobeats,Brazil,Americas,1467804,557765,910039,3.08,1532.68,1535.76,58884,72541,0.221,78,Rising
2022-09,2022,Q3,Post Malone,Hip-Hop,Mexico,Americas,11283201,3949120,7334081,14.35,8974.66,8989.01,659115,559827,0.317,100,Declining
2022-09,2022,Q3,Ariana Grande,Pop,Mexico,Americas,3212568,1124398,2088170,3.99,5628.22,5632.21,178496,151800,0.317,100,Stable
2022-09,2022,Q3,Travis Scott,Hip-Hop,Mexico,Americas,7182727,2513954,4668773,11.34,13905.53,13916.87,314548,356526,0.122,100,Declining
2022-09,2022,Q3,Ed Sheeran,Pop,Mexico,Americas,5511308,1928957,3582351,7.22,6620.56,6627.78,279060,95142,0.34,100,Rising
2022-09,2022,Q3,21 Savage,Hip-Hop,Mexico,Americas,817711,286198,531513,1.26,1251.38,1252.64,50590,25706,0.319,100,Declining
2022-09,2022,Q3,Stray Kids,K-Pop,Mexico,Americas,2404646,841626,1563020,3.76,2541.43,2545.19,132864,89386,0.118,73,Declining
2022-09,2022,Q3,Doja Cat,Pop,Mexico,Americas,3956902,1384915,2571987,5.16,5946.17,5951.33,107589,178736,0.29,100,Stable
2022-09,2022,Q3,Rema,Afrobeats,Mexico,Americas,947145,331500,615645,1.33,918.83,920.16,68025,21360,0.146,87,Rising
2022-09,2022,Q3,Coldplay,Rock,Mexico,Americas,3376055,1181619,2194436,5.08,4906.14,4911.22,226936,78900,0.318,75,Stable
2022-09,2022,Q3,Imagine Dragons,Rock,Mexico,Americas,5606698,1962344,3644354,7.36,10573.64,10581.0,150951,133751,0.323,100,Stable
2022-09,2022,Q3,Martin Garrix,Electronic,Mexico,Americas,6372413,2230344,4142069,9.39,5941.01,5950.4,503771,278264,0.293,91,Rising
2022-09,2022,Q3,Bts,K-Pop,Mexico,Americas,3177488,1112120,2065368,4.31,2768.62,2772.93,102178,148490,0.312,72,Stable
2022-09,2022,Q3,Ed Sheeran,Pop,Colombia,Americas,4856000,1456800,3399200,4.49,8781.72,8786.21,146871,55690,0.13,100,Rising
2022-09,2022,Q3,Calvin Harris,Electronic,Colombia,Americas,3212901,963870,2249031,3.27,2437.73,2441.0,195875,71641,0.231,73,Rising
2022-09,2022,Q3,Billie Eilish,Pop,Colombia,Americas,9527078,2858123,6668955,10.5,17163.77,17174.27,738082,155406,0.186,100,Declining
2022-09,2022,Q3,Olivia Rodrigo,Pop,Colombia,Americas,3049451,914835,2134616,2.83,6070.22,6073.05,92629,100374,0.238,100,Rising
2022-09,2022,Q3,Wizkid,Afrobeats,Colombia,Americas,6764607,2029382,4735225,7.1,9884.32,9891.42,326724,140407,0.095,100,Rising
2022-09,2022,Q3,J Balvin,Latin,Colombia,Americas,8511470,2553441,5958029,8.4,12316.47,12324.87,238813,402636,0.322,100,Rising
2022-09,2022,Q3,Blackpink,K-Pop,Colombia,Americas,2386907,716072,1670835,2.86,2825.5,2828.36,101031,82083,0.154,100,Rising
2022-09,2022,Q3,Aespa,K-Pop,Colombia,Americas,4538261,1361478,3176783,5.37,9101.02,9106.39,354709,68142,0.123,74,Rising
2022-09,2022,Q3,Karol G,Latin,Colombia,Americas,7522063,2256618,5265445,6.84,14617.72,14624.56,542583,182717,0.321,100,Rising
2022-09,2022,Q3,Giveon,R&B,Colombia,Americas,13835658,4150697,9684961,13.39,26250.78,26264.17,1040824,637548,0.337,100,Rising
2022-09,2022,Q3,Imagine Dragons,Rock,Colombia,Americas,9205234,2761570,6443664,8.77,13232.75,13241.52,480812,253998,0.288,100,Stable
2022-09,2022,Q3,Frank Ocean,R&B,Colombia,Americas,2200213,660063,1540150,2.3,2386.84,2389.14,133457,25384,0.233,100,Rising
2022-09,2022,Q3,Tyla,Afrobeats,Nigeria,Africa,6991812,1258526,5733286,4.31,8018.85,8023.16,167211,310274,0.314,100,Rising
2022-09,2022,Q3,Disclosure,Electronic,Nigeria,Africa,1583739,285073,1298666,0.91,1987.35,1988.26,33280,46226,0.312,84,Rising
2022-09,2022,Q3,Olivia Rodrigo,Pop,Nigeria,Africa,2820617,507711,2312906,1.47,2928.85,2930.32,121661,134594,0.32,100,Rising
2022-09,2022,Q3,Peso Pluma,Latin,Nigeria,Africa,936494,168568,767926,0.5,1325.95,1326.45,54105,34606,0.137,73,Rising
2022-09,2022,Q3,Bts,K-Pop,Nigeria,Africa,522324,94018,428306,0.27,1207.54,1207.81,17515,9176,0.247,78,Stable
2022-09,2022,Q3,Aespa,K-Pop,Nigeria,Africa,957118,172281,784837,0.52,1240.51,1241.03,66695,35298,0.342,71,Rising
2022-09,2022,Q3,Asake,Afrobeats,Nigeria,Africa,2363655,425457,1938198,1.1,5799.4,5800.5,102168,109276,0.159,100,Rising
2022-09,2022,Q3,Ed Sheeran,Pop,Nigeria,Africa,1418559,255340,1163219,0.73,1166.29,1167.02,54581,29995,0.186,100,Rising
2022-09,2022,Q3,Coldplay,Rock,Nigeria,Africa,163406,29413,133993,0.1,213.56,213.66,12400,4580,0.261,51,Stable
2022-09,2022,Q3,Kendrick Lamar,Hip-Hop,South Africa,Africa,334677,93709,240968,0.38,689.51,689.89,21495,10902,0.319,100,Rising
2022-09,2022,Q3,Ed Sheeran,Pop,South Africa,Africa,1486177,416129,1070048,1.7,2778.21,2779.91,99866,36530,0.347,100,Rising
2022-09,2022,Q3,Rauw Alejandro,Latin,South Africa,Africa,1723478,482573,1240905,2.05,2985.96,2988.01,71176,78775,0.216,75,Stable
2022-09,2022,Q3,Newjeans,K-Pop,South Africa,Africa,908810,254466,654344,1.04,1756.73,1757.77,33692,30008,0.113,65,Stable
2022-09,2022,Q3,Harry Styles,Pop,South Africa,Africa,162144,45400,116744,0.19,190.55,190.74,10669,1765,0.222,100,Stable
2022-09,2022,Q3,Ariana Grande,Pop,South Africa,Africa,533225,149303,383922,0.61,401.34,401.95,40451,19968,0.089,100,Stable
2022-09,2022,Q3,Aespa,K-Pop,South Africa,Africa,394366,110422,283944,0.38,818.57,818.95,19575,5292,0.315,68,Rising
2022-09,2022,Q3,Miley Cyrus,Pop,South Africa,Africa,2352979,658834,1694145,2.77,3279.5,3282.27,60169,97954,0.1,79,Stable
2022-09,2022,Q3,Wizkid,Afrobeats,South Africa,Africa,4443976,1244313,3199663,4.23,5907.3,5911.53,125466,72972,0.101,100,Rising
2022-09,2022,Q3,Drake,Hip-Hop,South Africa,Africa,1794744,502528,1292216,1.88,2701.18,2703.06,65759,57503,0.111,100,Stable
2022-09,2022,Q3,Paramore,Rock,South Africa,Africa,453455,126967,326488,0.52,582.54,583.06,12288,18696,0.178,71,Stable
2022-09,2022,Q3,Tyla,Afrobeats,South Africa,Africa,5027213,1407619,3619594,5.77,7791.4,7797.17,120355,100358,0.234,100,Rising
2022-09,2022,Q3,Asake,Afrobeats,Kenya,Africa,5608581,841287,4767294,1.86,8892.96,8894.82,154926,168825,0.232,100,Rising
2022-09,2022,Q3,Aespa,K-Pop,Kenya,Africa,457560,68634,388926,0.19,1037.24,1037.43,28027,11093,0.145,66,Rising
2022-09,2022,Q3,Burna Boy,Afrobeats,Kenya,Africa,7162171,1074325,6087846,2.55,7762.64,7765.19,572229,85713,0.199,100,Rising
2022-09,2022,Q3,Billie Eilish,Pop,Kenya,Africa,329275,49391,279884,0.11,522.72,522.83,19891,8850,0.316,98,Declining
2022-09,2022,Q3,J. Cole,Hip-Hop,Kenya,Africa,285149,42772,242377,0.11,430.65,430.76,14312,11619,0.317,100,Stable
2022-09,2022,Q3,Travis Scott,Hip-Hop,Kenya,Africa,1383261,207489,1175772,0.51,1957.02,1957.53,61803,47188,0.35,100,Declining
2022-09,2022,Q3,Martin Garrix,Electronic,Kenya,Africa,1447653,217147,1230506,0.6,2800.58,2801.18,102943,35378,0.119,93,Rising
2022-09,2022,Q3,Coldplay,Rock,Kenya,Africa,473150,70972,402178,0.2,703.22,703.42,31061,13299,0.294,56,Stable
2022-09,2022,Q3,Lil Baby,Hip-Hop,Kenya,Africa,1207941,181191,1026750,0.46,2008.45,2008.91,63946,21650,0.228,100,Declining
2022-09,2022,Q3,Martin Garrix,Electronic,Ghana,Africa,1905242,266733,1638509,0.53,3876.59,3877.12,66806,57132,0.282,100,Rising
2022-09,2022,Q3,Wizkid,Afrobeats,Ghana,Africa,727336,101827,625509,0.25,1309.81,1310.06,25745,26797,0.339,100,Rising
2022-09,2022,Q3,Calvin Harris,Electronic,Ghana,Africa,1123220,157250,965970,0.41,1871.17,1871.58,80917,49365,0.218,71,Rising
2022-09,2022,Q3,Arctic Monkeys,Rock,Ghana,Africa,200283,28039,172244,0.06,490.77,490.83,5250,6352,0.165,97,Rising
2022-09,2022,Q3,Billie Eilish,Pop,Ghana,Africa,441727,61841,379886,0.16,688.39,688.55,26787,17276,0.264,100,Declining
2022-09,2022,Q3,Newjeans,K-Pop,Ghana,Africa,337713,47279,290434,0.11,795.12,795.23,15160,10599,0.085,58,Stable
2022-09,2022,Q3,Disclosure,Electronic,Ghana,Africa,620947,86932,534015,0.21,604.38,604.59,29874,22666,0.287,78,Rising
2022-09,2022,Q3,Drake,Hip-Hop,Ghana,Africa,2665629,373188,2292441,0.75,6374.4,6375.15,128765,105970,0.118,100,Stable
2022-09,2022,Q3,Twenty One Pilots,Rock,Ghana,Africa,392732,54982,337750,0.11,440.16,440.27,10024,7693,0.107,57,Stable
2022-09,2022,Q3,Miley Cyrus,Pop,Japan,Asia,5782038,3469222,2312816,32.8,4002.18,4034.98,245940,174171,0.101,100,Stable
2022-09,2022,Q3,Drake,Hip-Hop,Japan,Asia,1092375,655425,436950,6.26,474.72,480.98,44295,14281,0.186,74,Stable
2022-09,2022,Q3,Fred Again..,Electronic,Japan,Asia,3200118,1920070,1280048,16.14,1907.12,1923.26,83230,135364,0.117,80,Declining
2022-09,2022,Q3,Calvin Harris,Electronic,Japan,Asia,3730136,2238081,1492055,20.38,1719.85,1740.23,221270,110178,0.117,100,Rising
2022-09,2022,Q3,Paramore,Rock,Japan,Asia,1262439,757463,504976,7.55,531.93,539.48,60536,15537,0.13,78,Stable
2022-09,2022,Q3,Davido,Afrobeats,Japan,Asia,5860321,3516192,2344129,29.64,4569.39,4599.03,313459,163133,0.099,100,Rising
2022-09,2022,Q3,Imagine Dragons,Rock,Japan,Asia,442065,265239,176826,2.46,482.42,484.88,11750,10059,0.128,84,Stable
2022-09,2022,Q3,Dua Lipa,Pop,Japan,Asia,8051680,4831008,3220672,47.35,4452.86,4500.21,293079,286751,0.206,100,Rising
2022-09,2022,Q3,Doja Cat,Pop,Japan,Asia,1059538,635722,423816,6.03,1184.71,1190.74,82626,25947,0.256,100,Stable
2022-09,2022,Q3,Billie Eilish,Pop,Japan,Asia,4963555,2978133,1985422,26.31,5238.81,5265.12,310917,244526,0.272,100,Declining
2022-09,2022,Q3,Martin Garrix,Electronic,Japan,Asia,6327195,3796317,2530878,33.07,2708.98,2742.05,149184,157805,0.101,100,Rising
2022-09,2022,Q3,Disclosure,Electronic,Japan,Asia,4721860,2833116,1888744,24.55,3792.33,3816.88,287246,93958,0.242,100,Rising
2022-09,2022,Q3,Disclosure,Electronic,South Korea,Asia,1357912,746851,611061,5.64,1507.93,1513.57,54066,20407,0.208,100,Rising
2022-09,2022,Q3,Nicki Minaj,Hip-Hop,South Korea,Asia,492877,271082,221795,2.22,570.51,572.73,14862,7068,0.282,100,Stable
2022-09,2022,Q3,Imagine Dragons,Rock,South Korea,Asia,4000675,2200371,1800304,15.39,2776.86,2792.25,264304,130038,0.231,87,Stable
2022-09,2022,Q3,Karol G,Latin,South Korea,Asia,1479277,813602,665675,6.07,945.63,951.7,37374,24007,0.288,83,Rising
2022-09,2022,Q3,Calvin Harris,Electronic,South Korea,Asia,1559067,857486,701581,5.97,1099.96,1105.93,53912,31090,0.182,100,Rising
2022-09,2022,Q3,Martin Garrix,Electronic,South Korea,Asia,1215051,668278,546773,5.51,644.25,649.76,24999,12981,0.19,100,Rising
2022-09,2022,Q3,Doja Cat,Pop,South Korea,Asia,1464520,805486,659034,7.01,1665.52,1672.53,41065,19830,0.325,100,Stable
2022-09,2022,Q3,Stray Kids,K-Pop,South Korea,Asia,16325477,8979012,7346465,67.07,19189.74,19256.81,531604,354451,0.132,100,Declining
2022-09,2022,Q3,Arctic Monkeys,Rock,South Korea,Asia,3765139,2070826,1694313,18.72,5058.29,5077.01,291992,38546,0.093,100,Rising
2022-09,2022,Q3,Burna Boy,Afrobeats,South Korea,Asia,2997593,1648676,1348917,14.72,1852.97,1867.69,171401,139971,0.205,75,Rising
2022-09,2022,Q3,Blackpink,K-Pop,India,Asia,24706957,5435530,19271427,11.07,36178.58,36189.65,519853,1229415,0.227,100,Rising
2022-09,2022,Q3,21 Savage,Hip-Hop,India,Asia,3299182,725820,2573362,1.41,2911.97,2913.38,226263,158722,0.178,55,Declining
2022-09,2022,Q3,Sza,R&B,India,Asia,3994134,878709,3115425,1.59,7837.45,7839.04,233544,187501,0.291,67,Stable
2022-09,2022,Q3,J Balvin,Latin,India,Asia,1026608,225853,800755,0.4,1599.88,1600.28,60793,44688,0.333,70,Rising
2022-09,2022,Q3,Wizkid,Afrobeats,India,Asia,5574680,1226429,4348251,2.53,6381.91,6384.44,138223,55870,0.244,98,Rising
2022-09,2022,Q3,Bts,K-Pop,India,Asia,6414415,1411171,5003244,3.04,11234.29,11237.33,187643,155683,0.128,100,Stable
2022-09,2022,Q3,Olivia Rodrigo,Pop,India,Asia,3485763,766867,2718896,1.72,5161.22,5162.94,181907,138327,0.268,100,Rising
2022-09,2022,Q3,Harry Styles,Pop,India,Asia,11048778,2430731,8618047,4.62,22975.67,22980.29,683456,416046,0.168,100,Stable
2022-09,2022,Q3,Drake,Hip-Hop,India,Asia,2267878,498933,1768945,1.03,3156.27,3157.3,180008,66116,0.142,78,Stable
2022-09,2022,Q3,Peso Pluma,Latin,India,Asia,4961400,1091508,3869892,2.24,11077.37,11079.61,352367,63044,0.348,90,Rising
2022-09,2022,Q3,Blackpink,K-Pop,Indonesia,Asia,26977804,5395560,21582244,12.11,57761.68,57773.79,574582,521370,0.284,100,Rising
2022-09,2022,Q3,Bts,K-Pop,Indonesia,Asia,2493573,498714,1994859,1.19,2845.22,2846.41,182261,122787,0.085,100,Stable
2022-09,2022,Q3,Nicki Minaj,Hip-Hop,Indonesia,Asia,6014437,1202887,4811550,2.98,5366.25,5369.23,458514,201187,0.269,100,Stable
2022-09,2022,Q3,Davido,Afrobeats,Indonesia,Asia,2151707,430341,1721366,1.06,1985.09,1986.15,134168,55399,0.154,92,Rising
2022-09,2022,Q3,Paramore,Rock,Indonesia,Asia,3550579,710115,2840464,1.59,8374.68,8376.27,204852,99510,0.101,77,Stable
2022-09,2022,Q3,Miley Cyrus,Pop,Indonesia,Asia,3172793,634558,2538235,1.52,6422.7,6424.22,177236,149376,0.188,100,Stable
2022-09,2022,Q3,Tyla,Afrobeats,Indonesia,Asia,3721406,744281,2977125,1.95,6382.63,6384.58,294808,160148,0.151,99,Rising
2022-09,2022,Q3,Disclosure,Electronic,Indonesia,Asia,1415393,283078,1132315,0.68,1555.35,1556.03,81334,52616,0.212,100,Rising
2022-09,2022,Q3,Asake,Afrobeats,Indonesia,Asia,1450045,290009,1160036,0.71,3308.4,3309.11,47949,54716,0.271,67,Rising
2022-09,2022,Q3,J Balvin,Latin,Indonesia,Asia,3310962,662192,2648770,1.87,6121.62,6123.49,112195,66450,0.206,79,Rising
2022-09,2022,Q3,Ed Sheeran,Pop,Indonesia,Asia,4424514,884902,3539612,1.97,7454.4,7456.37,164393,85481,0.188,100,Rising
2022-09,2022,Q3,Newjeans,K-Pop,Argentina,Latam,2329882,745562,1584320,2.54,2068.77,2071.31,164693,41544,0.332,62,Stable
2022-09,2022,Q3,Coldplay,Rock,Argentina,Latam,1425161,456051,969110,1.36,2000.4,2001.76,58964,21330,0.093,57,Stable
2022-09,2022,Q3,The Weeknd,R&B/Pop,Argentina,Latam,181780,58169,123611,0.18,134.37,134.55,8003,2765,0.174,100,Rising
2022-09,2022,Q3,Tyla,Afrobeats,Argentina,Latam,250911,80291,170620,0.28,489.69,489.97,13527,8645,0.099,49,Rising
2022-09,2022,Q3,21 Savage,Hip-Hop,Argentina,Latam,2929892,937565,1992327,3.44,2259.19,2262.63,211101,75218,0.179,94,Declining
2022-09,2022,Q3,Bts,K-Pop,Argentina,Latam,1374058,439698,934360,1.24,2545.77,2547.01,40477,42006,0.241,83,Stable
2022-09,2022,Q3,Ariana Grande,Pop,Argentina,Latam,304692,97501,207191,0.36,600.58,600.94,6298,5502,0.348,100,Stable
2022-09,2022,Q3,Lil Baby,Hip-Hop,Argentina,Latam,1950556,624177,1326379,1.87,2591.92,2593.79,140410,21206,0.263,91,Declining
2022-09,2022,Q3,Peso Pluma,Latin,Argentina,Latam,1878777,601208,1277569,1.91,3600.64,3602.55,126562,75195,0.342,100,Rising
2022-09,2022,Q3,Sza,R&B,Argentina,Latam,2056372,658039,1398333,2.35,2973.92,2976.27,50530,74253,0.222,71,Stable
2022-09,2022,Q3,The Weeknd,R&B/Pop,Chile,Latam,2629972,894190,1735782,3.16,5046.17,5049.33,81497,90053,0.137,100,Rising
2022-09,2022,Q3,Harry Styles,Pop,Chile,Latam,4723767,1606080,3117687,4.78,4248.24,4253.02,188132,148934,0.328,100,Stable
2022-09,2022,Q3,Burna Boy,Afrobeats,Chile,Latam,600257,204087,396170,0.72,719.0,719.72,26052,25444,0.19,38,Rising
2022-09,2022,Q3,Bad Bunny,Latin,Chile,Latam,10093885,3431920,6661965,11.02,7635.58,7646.6,558806,458686,0.178,100,Stable
2022-09,2022,Q3,Calvin Harris,Electronic,Chile,Latam,689568,234453,455115,0.89,1244.31,1245.2,18140,16725,0.253,59,Rising
2022-09,2022,Q3,Karol G,Latin,Chile,Latam,5560206,1890470,3669736,6.18,9648.87,9655.05,207968,276100,0.3,100,Rising
2022-09,2022,Q3,21 Savage,Hip-Hop,Chile,Latam,154776,52623,102153,0.19,128.8,128.99,10502,5942,0.222,95,Declining
2022-09,2022,Q3,Drake,Hip-Hop,Chile,Latam,3081675,1047769,2033906,3.97,3890.24,3894.21,99618,56466,0.121,100,Stable
2022-09,2022,Q3,Tyla,Afrobeats,Chile,Latam,1462876,497377,965499,1.79,1768.39,1770.18,55588,17468,0.281,49,Rising
2022-10,2022,Q4,Giveon,R&B,Netherlands,Europe,829577,564112,265465,5.98,665.89,671.87,28658,13889,0.186,100,Rising
2022-10,2022,Q4,Tyla,Afrobeats,Netherlands,Europe,4526043,3077709,1448334,29.35,3779.39,3808.74,340011,207609,0.328,100,Rising
2022-10,2022,Q4,Travis Scott,Hip-Hop,Netherlands,Europe,6546885,4451881,2095004,44.4,2876.53,2920.93,495795,220324,0.113,100,Declining
2022-10,2022,Q4,Drake,Hip-Hop,Netherlands,Europe,535927,364430,171497,3.9,196.36,200.26,39507,14871,0.258,100,Stable
2022-10,2022,Q4,Stray Kids,K-Pop,Netherlands,Europe,208640,141875,66765,1.23,133.47,134.7,7330,9689,0.188,77,Declining
2022-10,2022,Q4,Newjeans,K-Pop,Netherlands,Europe,1760105,1196871,563234,11.2,797.41,808.61,77081,25431,0.089,73,Stable
2022-10,2022,Q4,Bts,K-Pop,Netherlands,Europe,2300751,1564510,736241,13.3,1642.15,1655.45,104741,34697,0.16,79,Stable
2022-10,2022,Q4,Sza,R&B,Netherlands,Europe,3236702,2200957,1035745,20.94,3038.08,3059.02,180121,136091,0.151,87,Stable
2022-10,2022,Q4,Wizkid,Afrobeats,Netherlands,Europe,3022728,2055455,967273,21.39,1889.95,1911.34,239522,116976,0.258,100,Rising
2022-10,2022,Q4,Martin Garrix,Electronic,Netherlands,Europe,6937014,4717169,2219845,47.66,4240.72,4288.38,331082,188226,0.223,100,Rising
2022-10,2022,Q4,Doja Cat,Pop,Netherlands,Europe,10592399,7202831,3389568,79.34,6611.72,6691.06,668353,248659,0.249,100,Stable
2022-10,2022,Q4,Billie Eilish,Pop,Netherlands,Europe,5709242,3882284,1826958,44.34,4304.31,4348.65,253688,63043,0.233,100,Declining
2022-10,2022,Q4,Newjeans,K-Pop,United Kingdom,Europe,3279047,2131380,1147667,23.84,1528.84,1552.68,196059,59614,0.192,71,Stable
2022-10,2022,Q4,Bts,K-Pop,United Kingdom,Europe,2050766,1332997,717769,13.88,1107.9,1121.78,90401,23568,0.288,83,Stable
2022-10,2022,Q4,21 Savage,Hip-Hop,United Kingdom,Europe,1795674,1167188,628486,10.79,1125.36,1136.15,141839,35540,0.182,74,Declining
2022-10,2022,Q4,Nicki Minaj,Hip-Hop,United Kingdom,Europe,6399150,4159447,2239703,44.26,4243.65,4287.91,463398,196332,0.119,100,Stable
2022-10,2022,Q4,Twenty One Pilots,Rock,United Kingdom,Europe,1306939,849510,457429,8.78,1084.13,1092.91,41646,55902,0.326,100,Stable
2022-10,2022,Q4,Asake,Afrobeats,United Kingdom,Europe,965001,627250,337751,7.05,554.36,561.41,66779,10015,0.081,63,Rising
2022-10,2022,Q4,Harry Styles,Pop,United Kingdom,Europe,6865790,4462763,2403027,40.04,3793.79,3833.83,390508,219582,0.292,100,Stable
2022-10,2022,Q4,Disclosure,Electronic,United Kingdom,Europe,2242283,1457483,784800,14.94,1734.46,1749.4,61237,71630,0.083,100,Rising
2022-10,2022,Q4,Burna Boy,Afrobeats,United Kingdom,Europe,4052768,2634299,1418469,25.6,1499.37,1524.97,132376,110637,0.193,79,Rising
2022-10,2022,Q4,Stray Kids,K-Pop,United Kingdom,Europe,2957113,1922123,1034990,16.77,2987.32,3004.09,76775,130684,0.08,79,Declining
2022-10,2022,Q4,Blackpink,K-Pop,United Kingdom,Europe,2988169,1942309,1045860,21.91,2480.21,2502.12,186527,57681,0.318,99,Rising
2022-10,2022,Q4,Arctic Monkeys,Rock,Germany,Europe,8117649,5682354,2435295,56.41,5956.9,6013.31,353887,151713,0.285,100,Rising
2022-10,2022,Q4,Taylor Swift,Pop,Germany,Europe,3926515,2748560,1177955,27.25,2592.19,2619.44,213047,45389,0.283,100,Stable
2022-10,2022,Q4,The Weeknd,R&B/Pop,Germany,Europe,617265,432085,185180,4.59,525.09,529.68,37039,17816,0.29,100,Rising
2022-10,2022,Q4,Rauw Alejandro,Latin,Germany,Europe,2333143,1633200,699943,16.1,1856.04,1872.14,90490,59183,0.326,90,Stable
2022-10,2022,Q4,Ed Sheeran,Pop,Germany,Europe,3756729,2629710,1127019,25.91,3129.04,3154.95,231672,89968,0.319,100,Rising
2022-10,2022,Q4,J. Cole,Hip-Hop,Germany,Europe,3877859,2714501,1163358,26.7,2691.79,2718.49,250825,109191,0.103,100,Stable
2022-10,2022,Q4,Rema,Afrobeats,Germany,Europe,980573,686401,294172,7.68,870.57,878.25,57716,45766,0.254,70,Rising
2022-10,2022,Q4,J Balvin,Latin,Germany,Europe,2049280,1434496,614784,12.67,1386.69,1399.36,131093,52730,0.275,73,Rising
2022-10,2022,Q4,Disclosure,Electronic,Germany,Europe,4889105,3422373,1466732,32.56,4280.87,4313.43,332052,138566,0.134,100,Rising
2022-10,2022,Q4,Dua Lipa,Pop,Germany,Europe,7449640,5214748,2234892,53.89,6125.21,6179.1,460158,147431,0.255,100,Rising
2022-10,2022,Q4,Harry Styles,Pop,Sweden,Europe,8085298,5821414,2263884,60.18,4233.28,4293.46,216026,126470,0.302,100,Stable
2022-10,2022,Q4,Imagine Dragons,Rock,Sweden,Europe,2563193,1845498,717695,20.71,1212.0,1232.71,153421,117832,0.276,100,Stable
2022-10,2022,Q4,Coldplay,Rock,Sweden,Europe,2636374,1898189,738185,17.31,1022.08,1039.39,63567,117898,0.294,100,Stable
2022-10,2022,Q4,Travis Scott,Hip-Hop,Sweden,Europe,3357893,2417682,940211,23.82,1994.64,2018.46,119146,43378,0.277,100,Declining
2022-10,2022,Q4,Rema,Afrobeats,Sweden,Europe,1760109,1267278,492831,14.5,1050.25,1064.75,130415,52484,0.334,88,Rising
2022-10,2022,Q4,H.E.R.,R&B,Sweden,Europe,2104291,1515089,589202,15.71,1301.24,1316.95,84908,46158,0.091,75,Rising
2022-10,2022,Q4,Burna Boy,Afrobeats,Sweden,Europe,1653026,1190178,462848,12.28,626.57,638.85,98731,26973,0.324,78,Rising
2022-10,2022,Q4,Olivia Rodrigo,Pop,Sweden,Europe,4438468,3195696,1242772,31.51,3716.76,3748.27,175718,210641,0.186,100,Rising
2022-10,2022,Q4,Bad Bunny,Latin,Sweden,Europe,1799418,1295580,503838,12.3,1485.15,1497.45,90609,21183,0.093,95,Stable
2022-10,2022,Q4,Newjeans,K-Pop,Sweden,Europe,2317770,1668794,648976,18.3,1343.26,1361.56,110234,107324,0.125,64,Stable
2022-10,2022,Q4,Peso Pluma,Latin,Sweden,Europe,3478442,2504478,973964,22.59,1953.47,1976.06,135121,59896,0.283,76,Rising
2022-10,2022,Q4,Lil Baby,Hip-Hop,France,Europe,3837352,2379158,1458194,21.15,1934.89,1956.04,155703,124647,0.24,74,Declining
2022-10,2022,Q4,Calvin Harris,Electronic,France,Europe,3755274,2328269,1427005,22.75,1782.16,1804.91,194562,94853,0.117,100,Rising
2022-10,2022,Q4,Sza,R&B,France,Europe,4063222,2519197,1544025,25.09,1985.09,2010.18,94805,142337,0.147,82,Stable
2022-10,2022,Q4,Giveon,R&B,France,Europe,1297222,804277,492945,8.73,596.23,604.96,91037,34152,0.151,100,Rising
2022-10,2022,Q4,Ariana Grande,Pop,France,Europe,5117048,3172569,1944479,32.83,2091.32,2124.15,191582,135844,0.229,100,Stable
2022-10,2022,Q4,Ed Sheeran,Pop,France,Europe,9945096,6165959,3779137,68.28,6268.74,6337.02,418569,115017,0.168,100,Rising
2022-10,2022,Q4,The Weeknd,R&B/Pop,France,Europe,730102,452663,277439,4.19,817.62,821.81,31253,23830,0.27,100,Rising
2022-10,2022,Q4,J Balvin,Latin,France,Europe,191569,118772,72797,1.22,93.49,94.71,6812,6101,0.144,76,Rising
2022-10,2022,Q4,Rema,Afrobeats,France,Europe,3397271,2106308,1290963,18.2,1737.85,1756.05,96380,72188,0.135,89,Rising
2022-10,2022,Q4,Davido,Afrobeats,France,Europe,523200,324384,198816,2.83,588.65,591.48,39294,20229,0.195,89,Rising
2022-10,2022,Q4,Coldplay,Rock,France,Europe,5468199,3390283,2077916,32.46,4342.32,4374.78,269330,138055,0.274,100,Stable
2022-10,2022,Q4,Frank Ocean,R&B,France,Europe,275251,170655,104596,1.47,188.84,190.31,20691,5979,0.167,76,Rising
2022-10,2022,Q4,Travis Scott,Hip-Hop,Ireland,Europe,5979172,3826670,2152502,40.03,5898.47,5938.5,439741,213753,0.222,100,Declining
2022-10,2022,Q4,Paramore,Rock,Ireland,Europe,4675438,2992280,1683158,31.83,3439.66,3471.49,239550,60539,0.218,100,Stable
2022-10,2022,Q4,Newjeans,K-Pop,Ireland,Europe,1465618,937995,527623,7.99,1131.93,1139.92,92379,58336,0.324,64,Stable
2022-10,2022,Q4,J Balvin,Latin,Ireland,Europe,3237488,2071992,1165496,22.1,2402.14,2424.24,106436,57610,0.102,72,Rising
2022-10,2022,Q4,H.E.R.,R&B,Ireland,Europe,3476227,2224785,1251442,19.19,2090.22,2109.41,151167,172409,0.136,81,Rising
2022-10,2022,Q4,Dua Lipa,Pop,Ireland,Europe,722292,462266,260026,4.79,279.49,284.28,49979,10286,0.189,100,Rising
2022-10,2022,Q4,Fred Again..,Electronic,Ireland,Europe,6915318,4425803,2489515,44.28,5988.27,6032.55,447732,139265,0.316,100,Declining
2022-10,2022,Q4,Disclosure,Electronic,Ireland,Europe,3373757,2159204,1214553,21.11,3330.92,3352.03,223234,144726,0.343,100,Rising
2022-10,2022,Q4,Ed Sheeran,Pop,Ireland,Europe,6594926,4220752,2374174,37.23,6626.06,6663.29,145933,293655,0.177,100,Rising
2022-10,2022,Q4,Blackpink,K-Pop,Spain,Europe,3129801,1721390,1408411,15.94,3461.2,3477.14,249607,131086,0.172,100,Rising
2022-10,2022,Q4,Aespa,K-Pop,Spain,Europe,2352968,1294132,1058836,13.94,1808.5,1822.44,187775,64424,0.087,69,Rising
2022-10,2022,Q4,Bts,K-Pop,Spain,Europe,2070751,1138913,931838,12.97,1743.54,1756.51,110911,72777,0.332,67,Stable
2022-10,2022,Q4,Miley Cyrus,Pop,Spain,Europe,6493830,3571606,2922224,33.19,6264.66,6297.85,505746,292366,0.317,100,Stable
2022-10,2022,Q4,Paramore,Rock,Spain,Europe,2579317,1418624,1160693,13.81,3257.71,3271.52,107725,38690,0.119,100,Stable
2022-10,2022,Q4,Newjeans,K-Pop,Spain,Europe,253643,139503,114140,1.24,224.22,225.46,15870,8749,0.337,77,Stable
2022-10,2022,Q4,Ed Sheeran,Pop,Spain,Europe,11674646,6421055,5253591,62.09,14496.84,14558.93,919824,347329,0.185,100,Rising
2022-10,2022,Q4,Tyla,Afrobeats,Spain,Europe,3375980,1856789,1519191,16.02,3166.51,3182.53,71023,138892,0.169,95,Rising
2022-10,2022,Q4,Calvin Harris,Electronic,Spain,Europe,9009759,4955367,4054392,52.84,9736.52,9789.36,483186,112122,0.257,100,Rising
2022-10,2022,Q4,Martin Garrix,Electronic,Spain,Europe,3025117,1663814,1361303,18.8,2289.54,2308.34,114423,58573,0.304,100,Rising
2022-10,2022,Q4,J Balvin,Latin,Italy,Europe,328532,170836,157696,1.57,380.34,381.91,17472,10339,0.274,65,Rising
2022-10,2022,Q4,Calvin Harris,Electronic,Italy,Europe,8266787,4298729,3968058,48.49,11170.68,11219.17,193584,150688,0.209,100,Rising
2022-10,2022,Q4,Wizkid,Afrobeats,Italy,Europe,3382828,1759070,1623758,17.17,4755.09,4772.26,151164,80827,0.2,97,Rising
2022-10,2022,Q4,Twenty One Pilots,Rock,Italy,Europe,712629,370567,342062,4.02,818.99,823.01,29417,32421,0.343,100,Stable
2022-10,2022,Q4,Davido,Afrobeats,Italy,Europe,5279690,2745438,2534252,29.12,3304.5,3333.62,230244,64680,0.197,100,Rising
2022-10,2022,Q4,Newjeans,K-Pop,Italy,Europe,670882,348858,322024,3.3,425.97,429.27,13945,28748,0.252,63,Stable
2022-10,2022,Q4,Fred Again..,Electronic,Italy,Europe,7884252,4099811,3784441,42.8,4165.63,4208.43,466750,347356,0.334,100,Declining
2022-10,2022,Q4,Arctic Monkeys,Rock,Italy,Europe,3197833,1662873,1534960,18.41,4564.55,4582.96,111825,55118,0.205,100,Rising
2022-10,2022,Q4,Stray Kids,K-Pop,Italy,Europe,1298955,675456,623499,7.12,957.69,964.81,35577,32845,0.305,69,Declining
2022-10,2022,Q4,Wizkid,Afrobeats,United States,Americas,3095835,1795584,1300251,22.63,3059.93,3082.56,229250,126912,0.226,93,Rising
2022-10,2022,Q4,Blackpink,K-Pop,United States,Americas,2232275,1294719,937556,15.81,1441.35,1457.16,60882,72221,0.128,100,Rising
2022-10,2022,Q4,Doja Cat,Pop,United States,Americas,9797855,5682755,4115100,66.0,6897.82,6963.82,764872,137759,0.214,100,Stable
2022-10,2022,Q4,Rema,Afrobeats,United States,Americas,366520,212581,153939,2.41,191.93,194.34,18433,17618,0.269,82,Rising
2022-10,2022,Q4,Davido,Afrobeats,United States,Americas,4813045,2791566,2021479,30.06,3406.29,3436.35,371492,94782,0.207,100,Rising
2022-10,2022,Q4,Ariana Grande,Pop,United States,Americas,12437781,7213912,5223869,68.3,12740.91,12809.21,457908,479847,0.23,100,Stable
2022-10,2022,Q4,Karol G,Latin,United States,Americas,3284334,1904913,1379421,23.31,4033.22,4056.53,234606,40728,0.259,100,Rising
2022-10,2022,Q4,Twenty One Pilots,Rock,United States,Americas,6364367,3691332,2673035,39.23,6268.63,6307.86,390965,75333,0.171,93,Stable
2022-10,2022,Q4,Brent Faiyaz,R&B,United States,Americas,7416017,4301289,3114728,45.31,7432.21,7477.52,154695,170463,0.166,100,Rising
2022-10,2022,Q4,H.E.R.,R&B,United States,Americas,8049619,4668779,3380840,55.72,9625.09,9680.81,450440,140742,0.291,100,Rising
2022-10,2022,Q4,Giveon,R&B,United States,Americas,7432305,4310736,3121569,52.72,8274.13,8326.85,303112,242833,0.332,100,Rising
2022-10,2022,Q4,J. Cole,Hip-Hop,United States,Americas,1470547,852917,617630,9.44,1709.56,1719.0,78089,50954,0.325,100,Stable
2022-10,2022,Q4,Imagine Dragons,Rock,Brazil,Americas,6376094,2422915,3953179,10.93,9066.81,9077.74,507328,222548,0.09,100,Stable
2022-10,2022,Q4,Post Malone,Hip-Hop,Brazil,Americas,10573944,4018098,6555846,21.47,16657.52,16678.99,358094,487857,0.106,100,Declining
2022-10,2022,Q4,Harry Styles,Pop,Brazil,Americas,11171222,4245064,6926158,22.46,12299.89,12322.35,223542,184372,0.318,100,Stable
2022-10,2022,Q4,Twenty One Pilots,Rock,Brazil,Americas,4720102,1793638,2926464,8.6,5356.59,5365.19,272449,219867,0.09,75,Stable
2022-10,2022,Q4,Blackpink,K-Pop,Brazil,Americas,3707034,1408672,2298362,6.65,2487.28,2493.93,184387,38971,0.337,100,Rising
2022-10,2022,Q4,Drake,Hip-Hop,Brazil,Americas,8505634,3232140,5273494,17.45,14828.94,14846.39,289802,152278,0.082,100,Stable
2022-10,2022,Q4,Aespa,K-Pop,Brazil,Americas,3483774,1323834,2159940,6.2,4570.4,4576.6,263270,49055,0.242,76,Rising
2022-10,2022,Q4,Martin Garrix,Electronic,Brazil,Americas,5854776,2224814,3629962,11.25,6414.16,6425.41,117596,229922,0.283,100,Rising
2022-10,2022,Q4,Calvin Harris,Electronic,Brazil,Americas,2344734,890998,1453736,4.26,1500.36,1504.62,126022,35054,0.102,71,Rising
2022-10,2022,Q4,Bad Bunny,Latin,Brazil,Americas,647490,246046,401444,1.2,651.14,652.34,48537,17010,0.153,100,Stable
2022-10,2022,Q4,Miley Cyrus,Pop,Brazil,Americas,1883332,715666,1167666,3.95,2042.61,2046.56,39568,48235,0.257,100,Stable
2022-10,2022,Q4,21 Savage,Hip-Hop,Brazil,Americas,1459501,554610,904891,2.36,1502.45,1504.81,62333,69771,0.136,100,Declining
2022-10,2022,Q4,Imagine Dragons,Rock,Mexico,Americas,3116827,1090889,2025938,4.89,2989.56,2994.45,142562,46392,0.203,100,Stable
2022-10,2022,Q4,Frank Ocean,R&B,Mexico,Americas,4439987,1553995,2885992,5.65,3121.33,3126.98,267892,105699,0.085,100,Rising
2022-10,2022,Q4,Ariana Grande,Pop,Mexico,Americas,10959657,3835879,7123778,15.19,9437.14,9452.33,299961,532881,0.156,100,Stable
2022-10,2022,Q4,Travis Scott,Hip-Hop,Mexico,Americas,4901689,1715591,3186098,7.01,8256.63,8263.64,224612,137999,0.317,100,Declining
2022-10,2022,Q4,Doja Cat,Pop,Mexico,Americas,793556,277744,515812,1.03,1125.0,1126.03,23092,15750,0.159,100,Stable
2022-10,2022,Q4,Peso Pluma,Latin,Mexico,Americas,2254109,788938,1465171,3.29,4267.37,4270.66,148523,59080,0.282,100,Rising
2022-10,2022,Q4,Tyla,Afrobeats,Mexico,Americas,3362037,1176712,2185325,5.0,4464.16,4469.16,205072,69854,0.242,90,Rising
2022-10,2022,Q4,Karol G,Latin,Mexico,Americas,10721039,3752363,6968676,16.48,13301.86,13318.34,594559,336174,0.334,100,Rising
2022-10,2022,Q4,Karol G,Latin,Colombia,Americas,5376617,1612985,3763632,5.45,6735.8,6741.25,189735,87495,0.267,100,Rising
2022-10,2022,Q4,Frank Ocean,R&B,Colombia,Americas,9352284,2805685,6546599,9.64,8694.17,8703.81,381257,400270,0.184,100,Rising
2022-10,2022,Q4,Nicki Minaj,Hip-Hop,Colombia,Americas,16263306,4878991,11384315,15.27,32341.5,32356.77,953321,338897,0.113,100,Stable
2022-10,2022,Q4,Brent Faiyaz,R&B,Colombia,Americas,3378470,1013541,2364929,3.19,5663.33,5666.52,113073,43035,0.21,100,Rising
2022-10,2022,Q4,Newjeans,K-Pop,Colombia,Americas,1979467,593840,1385627,2.23,2495.03,2497.26,49416,80643,0.126,62,Stable
2022-10,2022,Q4,Calvin Harris,Electronic,Colombia,Americas,1077811,323343,754468,1.07,1394.83,1395.9,56649,26834,0.293,64,Rising
2022-10,2022,Q4,Blackpink,K-Pop,Colombia,Americas,4652064,1395619,3256445,4.69,8061.43,8066.12,134916,140455,0.137,94,Rising
2022-10,2022,Q4,Harry Styles,Pop,Colombia,Americas,14685012,4405503,10279509,14.5,22217.02,22231.52,1133920,528944,0.262,100,Stable
2022-10,2022,Q4,Ed Sheeran,Pop,Colombia,Americas,6635059,1990517,4644542,6.89,12083.49,12090.38,316107,83031,0.324,100,Rising
2022-10,2022,Q4,Nicki Minaj,Hip-Hop,Nigeria,Africa,824083,148334,675749,0.41,833.15,833.56,59981,22755,0.249,100,Stable
2022-10,2022,Q4,Coldplay,Rock,Nigeria,Africa,180635,32514,148121,0.09,320.46,320.55,6224,5032,0.113,52,Stable
2022-10,2022,Q4,Tyla,Afrobeats,Nigeria,Africa,2197101,395478,1801623,1.2,3799.46,3800.66,127247,60562,0.264,100,Rising
2022-10,2022,Q4,Fred Again..,Electronic,Nigeria,Africa,347388,62529,284859,0.16,646.23,646.39,23791,15084,0.236,45,Declining
2022-10,2022,Q4,Blackpink,K-Pop,Nigeria,Africa,2354853,423873,1930980,1.31,5073.64,5074.95,50810,65994,0.285,100,Rising
2022-10,2022,Q4,Aespa,K-Pop,Nigeria,Africa,284472,51204,233268,0.15,629.03,629.18,14691,6536,0.221,70,Rising
2022-10,2022,Q4,Bad Bunny,Latin,Nigeria,Africa,1179773,212359,967414,0.72,1617.73,1618.45,68880,36986,0.3,62,Stable
2022-10,2022,Q4,H.E.R.,R&B,Nigeria,Africa,2297871,413616,1884255,1.09,1889.66,1890.75,108157,37265,0.279,100,Rising
2022-10,2022,Q4,Kendrick Lamar,Hip-Hop,Nigeria,Africa,593367,106806,486561,0.3,802.45,802.75,18374,27196,0.281,100,Rising
2022-10,2022,Q4,Bts,K-Pop,Nigeria,Africa,1707335,307320,1400015,0.98,1861.87,1862.85,87849,35458,0.304,75,Stable
2022-10,2022,Q4,Arctic Monkeys,Rock,Nigeria,Africa,1363549,245438,1118111,0.65,2160.89,2161.54,62958,60133,0.249,100,Rising
2022-10,2022,Q4,Davido,Afrobeats,Nigeria,Africa,1368674,246361,1122313,0.72,2586.06,2586.78,31708,23556,0.249,100,Rising
2022-10,2022,Q4,Asake,Afrobeats,South Africa,Africa,5917715,1656960,4260755,5.71,6006.92,6012.63,201053,157421,0.138,100,Rising
2022-10,2022,Q4,Sza,R&B,South Africa,Africa,1989840,557155,1432685,2.02,2931.9,2933.92,81128,61756,0.143,100,Stable
2022-10,2022,Q4,Giveon,R&B,South Africa,Africa,2009989,562796,1447193,2.29,3465.7,3467.99,121447,40587,0.291,100,Rising
2022-10,2022,Q4,Disclosure,Electronic,South Africa,Africa,651343,182376,468967,0.72,1007.29,1008.01,32246,25618,0.233,71,Rising
2022-10,2022,Q4,J. Cole,Hip-Hop,South Africa,Africa,3578567,1001998,2576569,3.83,2689.79,2693.62,276359,95317,0.293,100,Stable
2022-10,2022,Q4,Calvin Harris,Electronic,South Africa,Africa,1158646,324420,834226,1.38,2341.19,2342.57,34796,33669,0.247,73,Rising
2022-10,2022,Q4,Blackpink,K-Pop,South Africa,Africa,663451,185766,477685,0.67,719.76,720.43,48759,31607,0.234,100,Rising
2022-10,2022,Q4,Travis Scott,Hip-Hop,South Africa,Africa,732290,205041,527249,0.82,1123.28,1124.1,14906,13635,0.087,100,Declining
2022-10,2022,Q4,21 Savage,Hip-Hop,South Africa,Africa,1237328,346451,890877,1.44,1299.64,1301.08,36455,43436,0.323,100,Declining
2022-10,2022,Q4,Lil Baby,Hip-Hop,South Africa,Africa,1957844,548196,1409648,2.27,3389.68,3391.95,131396,59730,0.3,100,Declining
2022-10,2022,Q4,Coldplay,Rock,South Africa,Africa,1316508,368622,947886,1.33,2520.59,2521.92,69900,65007,0.274,53,Stable
2022-10,2022,Q4,Wizkid,Afrobeats,South Africa,Africa,10159631,2844696,7314935,10.66,15759.33,15769.99,535222,301299,0.274,100,Rising
2022-10,2022,Q4,Wizkid,Afrobeats,Kenya,Africa,8229561,1234434,6995127,2.93,9729.99,9732.92,238723,101453,0.316,100,Rising
2022-10,2022,Q4,Burna Boy,Afrobeats,Kenya,Africa,2214366,332154,1882212,0.72,2442.14,2442.86,120920,87636,0.101,100,Rising
2022-10,2022,Q4,H.E.R.,R&B,Kenya,Africa,2596788,389518,2207270,0.97,3070.53,3071.5,165676,109216,0.255,100,Rising
2022-10,2022,Q4,Nicki Minaj,Hip-Hop,Kenya,Africa,2291990,343798,1948192,0.8,2853.98,2854.78,86774,63379,0.165,100,Stable
2022-10,2022,Q4,Stray Kids,K-Pop,Kenya,Africa,968915,145337,823578,0.39,2165.06,2165.45,21249,11539,0.293,73,Declining
2022-10,2022,Q4,Tyla,Afrobeats,Kenya,Africa,3282279,492341,2789938,1.14,6351.88,6353.02,234850,153214,0.215,100,Rising
2022-10,2022,Q4,Blackpink,K-Pop,Kenya,Africa,2309364,346404,1962960,0.84,5869.44,5870.28,73531,31682,0.1,100,Rising
2022-10,2022,Q4,Asake,Afrobeats,Kenya,Africa,1797511,269626,1527885,0.59,3956.19,3956.78,55684,76079,0.245,100,Rising
2022-10,2022,Q4,Coldplay,Rock,Kenya,Africa,603350,90502,512848,0.2,761.89,762.09,47275,9678,0.276,53,Stable
2022-10,2022,Q4,Burna Boy,Afrobeats,Ghana,Africa,4597002,643580,3953422,1.45,6751.74,6753.19,300007,105389,0.293,100,Rising
2022-10,2022,Q4,Ariana Grande,Pop,Ghana,Africa,2739137,383479,2355658,0.97,6570.2,6571.17,161400,106869,0.228,100,Stable
2022-10,2022,Q4,Imagine Dragons,Rock,Ghana,Africa,366638,51329,315309,0.11,923.03,923.14,16138,9001,0.27,82,Stable
2022-10,2022,Q4,Sza,R&B,Ghana,Africa,1613679,225915,1387764,0.53,2394.78,2395.31,91635,72823,0.338,100,Stable
2022-10,2022,Q4,Arctic Monkeys,Rock,Ghana,Africa,2024377,283412,1740965,0.64,2071.38,2072.02,113299,43002,0.158,92,Rising
2022-10,2022,Q4,Bad Bunny,Latin,Ghana,Africa,1747246,244614,1502632,0.59,3991.32,3991.91,117925,79157,0.341,62,Stable
2022-10,2022,Q4,J Balvin,Latin,Ghana,Africa,1573105,220234,1352871,0.51,3909.86,3910.37,80341,68078,0.284,61,Rising
2022-10,2022,Q4,Asake,Afrobeats,Ghana,Africa,3878709,543019,3335690,1.18,3750.94,3752.12,199025,165612,0.136,100,Rising
2022-10,2022,Q4,Miley Cyrus,Pop,Ghana,Africa,2033545,284696,1748849,0.74,3248.37,3249.11,50212,30228,0.289,79,Stable
2022-10,2022,Q4,Brent Faiyaz,R&B,Ghana,Africa,1918452,268583,1649869,0.53,3541.86,3542.39,134886,74613,0.115,100,Rising
2022-10,2022,Q4,Burna Boy,Afrobeats,Japan,Asia,1107375,664425,442950,5.95,1099.24,1105.19,23789,51077,0.099,84,Rising
2022-10,2022,Q4,H.E.R.,R&B,Japan,Asia,2557676,1534605,1023071,15.9,2378.64,2394.54,101446,64040,0.322,58,Rising
2022-10,2022,Q4,Billie Eilish,Pop,Japan,Asia,8353949,5012369,3341580,52.3,6157.58,6209.88,614399,122965,0.271,100,Declining
2022-10,2022,Q4,Asake,Afrobeats,Japan,Asia,3099256,1859553,1239703,19.66,3670.84,3690.5,135028,140881,0.218,61,Rising
2022-10,2022,Q4,Peso Pluma,Latin,Japan,Asia,5101878,3061126,2040752,30.5,4776.67,4807.17,377885,54272,0.31,82,Rising
2022-10,2022,Q4,Disclosure,Electronic,Japan,Asia,6182338,3709402,2472936,31.57,4396.67,4428.24,371614,293885,0.347,100,Rising
2022-10,2022,Q4,J. Cole,Hip-Hop,Japan,Asia,2975676,1785405,1190271,15.79,1865.4,1881.19,176341,133528,0.342,84,Stable
2022-10,2022,Q4,Blackpink,K-Pop,Japan,Asia,6424204,3854522,2569682,40.2,6188.42,6228.62,383587,81916,0.178,100,Rising
2022-10,2022,Q4,Travis Scott,Hip-Hop,South Korea,Asia,3475544,1911549,1563995,14.67,3397.0,3411.67,128593,170740,0.151,94,Declining
2022-10,2022,Q4,Arctic Monkeys,Rock,South Korea,Asia,1741931,958062,783869,8.39,1679.06,1687.45,38162,80331,0.091,100,Rising
2022-10,2022,Q4,Lil Baby,Hip-Hop,South Korea,Asia,2500041,1375022,1125019,12.26,2848.16,2860.42,79542,87048,0.295,66,Declining
2022-10,2022,Q4,Coldplay,Rock,South Korea,Asia,280076,154041,126035,1.2,359.15,360.35,8407,5795,0.097,57,Stable
2022-10,2022,Q4,H.E.R.,R&B,South Korea,Asia,3201747,1760960,1440787,13.16,3581.75,3594.91,155769,80048,0.18,65,Rising
2022-10,2022,Q4,Ed Sheeran,Pop,South Korea,Asia,9557600,5256680,4300920,42.19,10573.83,10616.02,211630,235179,0.209,100,Rising
2022-10,2022,Q4,The Weeknd,R&B/Pop,South Korea,Asia,1803369,991852,811517,8.69,1786.44,1795.13,140248,63257,0.292,100,Rising
2022-10,2022,Q4,Calvin Harris,Electronic,South Korea,Asia,3597613,1978687,1618926,15.67,2145.88,2161.55,115573,163993,0.326,100,Rising
2022-10,2022,Q4,Twenty One Pilots,Rock,South Korea,Asia,3819363,2100649,1718714,16.53,2486.73,2503.26,147351,145231,0.141,62,Stable
2022-10,2022,Q4,21 Savage,Hip-Hop,India,Asia,1399758,307946,1091812,0.67,2613.17,2613.84,106718,23260,0.255,57,Declining
2022-10,2022,Q4,Harry Styles,Pop,India,Asia,9239262,2032637,7206625,4.23,18608.74,18612.97,381535,445013,0.31,100,Stable
2022-10,2022,Q4,Fred Again..,Electronic,India,Asia,4568570,1005085,3563485,1.87,9906.24,9908.11,356473,58558,0.207,81,Declining
2022-10,2022,Q4,Aespa,K-Pop,India,Asia,16467474,3622844,12844630,7.96,29574.23,29582.19,1275647,386192,0.137,100,Rising
2022-10,2022,Q4,Post Malone,Hip-Hop,India,Asia,1684254,370535,1313719,0.82,2494.32,2495.14,124017,75169,0.198,81,Declining
2022-10,2022,Q4,Martin Garrix,Electronic,India,Asia,4935888,1085895,3849993,2.37,7126.27,7128.64,127355,242433,0.218,100,Rising
2022-10,2022,Q4,Sza,R&B,India,Asia,885594,194830,690764,0.34,1668.27,1668.61,56713,18967,0.16,77,Stable
2022-10,2022,Q4,Giveon,R&B,India,Asia,2083900,458458,1625442,0.81,3583.15,3583.96,141822,71756,0.129,83,Rising
2022-10,2022,Q4,The Weeknd,R&B/Pop,India,Asia,319274,70240,249034,0.15,639.83,639.98,6801,6250,0.227,100,Rising
2022-10,2022,Q4,Davido,Afrobeats,Indonesia,Asia,4153564,830712,3322852,2.07,6799.59,6801.66,136719,160942,0.103,100,Rising
2022-10,2022,Q4,H.E.R.,R&B,Indonesia,Asia,909477,181895,727582,0.42,1142.2,1142.62,53506,14947,0.331,70,Rising
2022-10,2022,Q4,Blackpink,K-Pop,Indonesia,Asia,6103425,1220685,4882740,2.66,9466.6,9469.26,463718,236754,0.101,100,Rising
2022-10,2022,Q4,The Weeknd,R&B/Pop,Indonesia,Asia,1779225,355845,1423380,0.76,4055.01,4055.77,36712,58918,0.34,98,Rising
2022-10,2022,Q4,Sza,R&B,Indonesia,Asia,2850388,570077,2280311,1.36,4808.56,4809.92,162256,65169,0.234,67,Stable
2022-10,2022,Q4,Ed Sheeran,Pop,Indonesia,Asia,736207,147241,588966,0.35,1104.05,1104.4,17629,35188,0.247,100,Rising
2022-10,2022,Q4,Taylor Swift,Pop,Indonesia,Asia,8510960,1702192,6808768,3.62,13963.03,13966.65,589831,100265,0.338,100,Stable
2022-10,2022,Q4,Coldplay,Rock,Indonesia,Asia,2767337,553467,2213870,1.53,6347.86,6349.39,179393,53279,0.17,46,Stable
2022-10,2022,Q4,Drake,Hip-Hop,Indonesia,Asia,146046,29209,116837,0.06,183.63,183.69,5141,5054,0.203,71,Stable
2022-10,2022,Q4,Karol G,Latin,Indonesia,Asia,4181190,836238,3344952,1.99,3386.32,3388.31,207551,102133,0.23,82,Rising
2022-10,2022,Q4,Giveon,R&B,Indonesia,Asia,5259221,1051844,4207377,2.44,4222.21,4224.65,143054,210543,0.14,93,Rising
2022-10,2022,Q4,Disclosure,Electronic,Argentina,Latam,2460903,787488,1673415,2.75,2751.54,2754.29,98053,80082,0.31,73,Rising
2022-10,2022,Q4,Travis Scott,Hip-Hop,Argentina,Latam,3142356,1005553,2136803,3.05,6360.18,6363.23,242361,102222,0.269,100,Declining
2022-10,2022,Q4,Burna Boy,Afrobeats,Argentina,Latam,1401801,448576,953225,1.66,1167.28,1168.94,65067,66270,0.119,41,Rising
2022-10,2022,Q4,Tyla,Afrobeats,Argentina,Latam,438122,140199,297923,0.4,865.64,866.04,23774,9755,0.182,46,Rising
2022-10,2022,Q4,H.E.R.,R&B,Argentina,Latam,828519,265126,563393,0.96,1256.46,1257.42,51218,18042,0.228,69,Rising
2022-10,2022,Q4,Brent Faiyaz,R&B,Argentina,Latam,546292,174813,371479,0.6,484.93,485.53,16578,17914,0.176,65,Rising
2022-10,2022,Q4,Harry Styles,Pop,Argentina,Latam,920977,294712,626265,1.1,1115.66,1116.76,40556,33736,0.299,100,Stable
2022-10,2022,Q4,Billie Eilish,Pop,Argentina,Latam,2405789,769852,1635937,2.52,2280.61,2283.13,146307,45368,0.08,100,Declining
2022-10,2022,Q4,Imagine Dragons,Rock,Argentina,Latam,1528279,489049,1039230,1.85,1041.0,1042.85,48648,26799,0.274,80,Stable
2022-10,2022,Q4,Post Malone,Hip-Hop,Argentina,Latam,1318422,421895,896527,1.23,1622.34,1623.57,48836,14558,0.319,100,Declining
2022-10,2022,Q4,Arctic Monkeys,Rock,Argentina,Latam,2982717,954469,2028248,3.18,4586.9,4590.08,231019,74848,0.247,100,Rising
2022-10,2022,Q4,Kendrick Lamar,Hip-Hop,Chile,Latam,2285776,777163,1508613,2.92,1942.69,1945.61,131028,30201,0.268,100,Rising
2022-10,2022,Q4,Karol G,Latin,Chile,Latam,7251549,2465526,4786023,8.9,8181.47,8190.37,158400,228368,0.329,100,Rising
2022-10,2022,Q4,Brent Faiyaz,R&B,Chile,Latam,627751,213435,414316,0.76,1075.67,1076.43,32349,8564,0.237,66,Rising
2022-10,2022,Q4,Dua Lipa,Pop,Chile,Latam,2890578,982796,1907782,3.01,1969.14,1972.15,87045,42560,0.276,100,Rising
2022-10,2022,Q4,J Balvin,Latin,Chile,Latam,5886421,2001383,3885038,6.26,5489.93,5496.19,259100,233135,0.149,100,Rising
2022-10,2022,Q4,Stray Kids,K-Pop,Chile,Latam,2597670,883207,1714463,3.51,2333.88,2337.39,144620,70305,0.17,74,Declining
2022-10,2022,Q4,H.E.R.,R&B,Chile,Latam,2215101,753134,1461967,2.41,3308.66,3311.07,95132,64866,0.306,71,Rising
2022-10,2022,Q4,Burna Boy,Afrobeats,Chile,Latam,1202711,408921,793790,1.6,1075.14,1076.74,45150,38551,0.166,42,Rising
2022-11,2022,Q4,Taylor Swift,Pop,Netherlands,Europe,3728845,2535614,1193231,25.51,2058.23,2083.74,130003,98244,0.219,100,Stable
2022-11,2022,Q4,Wizkid,Afrobeats,Netherlands,Europe,3557889,2419364,1138525,23.3,1959.17,1982.47,154785,148509,0.168,100,Rising
2022-11,2022,Q4,Imagine Dragons,Rock,Netherlands,Europe,4110121,2794882,1315239,26.23,2933.69,2959.92,141266,117813,0.134,100,Stable
2022-11,2022,Q4,Paramore,Rock,Netherlands,Europe,8337019,5669172,2667847,62.03,5877.6,5939.63,543500,227873,0.228,100,Stable
2022-11,2022,Q4,The Weeknd,R&B/Pop,Netherlands,Europe,3043099,2069307,973792,19.4,1074.49,1093.89,201014,73341,0.32,95,Rising
2022-11,2022,Q4,Davido,Afrobeats,Netherlands,Europe,1243832,845805,398027,9.15,800.77,809.92,62893,48524,0.215,100,Rising
2022-11,2022,Q4,Burna Boy,Afrobeats,Netherlands,Europe,848742,577144,271598,5.15,279.54,284.69,48791,12456,0.288,98,Rising
2022-11,2022,Q4,Bts,K-Pop,Netherlands,Europe,3301894,2245287,1056607,20.88,2717.95,2738.83,119472,129834,0.245,77,Stable
2022-11,2022,Q4,Aespa,K-Pop,United Kingdom,Europe,3425683,2226693,1198990,20.67,2995.86,3016.53,105066,67950,0.085,84,Rising
2022-11,2022,Q4,Stray Kids,K-Pop,United Kingdom,Europe,449944,292463,157481,3.18,238.33,241.51,20994,16362,0.199,75,Declining
2022-11,2022,Q4,Ed Sheeran,Pop,United Kingdom,Europe,8080702,5252456,2828246,54.7,3851.96,3906.66,423773,226349,0.204,100,Rising
2022-11,2022,Q4,Newjeans,K-Pop,United Kingdom,Europe,1866982,1213538,653444,11.13,1705.96,1717.09,108833,60898,0.141,77,Stable
2022-11,2022,Q4,Bts,K-Pop,United Kingdom,Europe,313269,203624,109645,1.77,119.49,121.26,9306,3510,0.278,68,Stable
2022-11,2022,Q4,Lil Baby,Hip-Hop,United Kingdom,Europe,3225979,2096886,1129093,17.85,2668.49,2686.34,116522,137450,0.177,75,Declining
2022-11,2022,Q4,Travis Scott,Hip-Hop,United Kingdom,Europe,6051297,3933343,2117954,36.56,2342.27,2378.83,337060,95677,0.284,100,Declining
2022-11,2022,Q4,Ariana Grande,Pop,United Kingdom,Europe,7479549,4861706,2617843,52.64,3849.04,3901.68,487796,333699,0.317,100,Stable
2022-11,2022,Q4,Davido,Afrobeats,United Kingdom,Europe,3499476,2274659,1224817,20.28,2295.53,2315.81,93216,65783,0.241,100,Rising
2022-11,2022,Q4,Drake,Hip-Hop,United Kingdom,Europe,5579685,3626795,1952890,39.09,4978.79,5017.88,336490,120947,0.212,84,Stable
2022-11,2022,Q4,Sza,R&B,United Kingdom,Europe,5527448,3592841,1934607,36.2,3400.58,3436.78,239167,178086,0.118,87,Stable
2022-11,2022,Q4,J. Cole,Hip-Hop,United Kingdom,Europe,3725821,2421783,1304038,25.24,1662.43,1687.67,89154,167146,0.277,100,Stable
2022-11,2022,Q4,Taylor Swift,Pop,Germany,Europe,414836,290385,124451,2.49,370.84,373.33,15237,19473,0.349,100,Stable
2022-11,2022,Q4,Davido,Afrobeats,Germany,Europe,4845350,3391745,1453605,31.39,3797.53,3828.92,314996,193269,0.338,95,Rising
2022-11,2022,Q4,Burna Boy,Afrobeats,Germany,Europe,5266014,3686209,1579805,41.21,2043.86,2085.07,177907,75265,0.118,88,Rising
2022-11,2022,Q4,Imagine Dragons,Rock,Germany,Europe,5155910,3609137,1546773,31.43,1566.88,1598.31,266733,137661,0.295,100,Stable
2022-11,2022,Q4,Sza,R&B,Germany,Europe,5540562,3878393,1662169,44.44,2652.55,2696.99,324374,166627,0.177,90,Stable
2022-11,2022,Q4,Travis Scott,Hip-Hop,Germany,Europe,6583402,4608381,1975021,47.55,3641.38,3688.93,139223,325356,0.179,100,Declining
2022-11,2022,Q4,Kendrick Lamar,Hip-Hop,Germany,Europe,4917461,3442222,1475239,38.37,3014.95,3053.32,138372,89005,0.164,100,Rising
2022-11,2022,Q4,Calvin Harris,Electronic,Germany,Europe,6154533,4308173,1846360,44.54,5073.15,5117.69,308081,143074,0.349,100,Rising
2022-11,2022,Q4,J Balvin,Latin,Germany,Europe,3644539,2551177,1093362,28.17,3130.53,3158.7,276180,37604,0.329,65,Rising
2022-11,2022,Q4,Newjeans,K-Pop,Sweden,Europe,2064844,1486687,578157,17.04,1256.92,1273.96,119956,63535,0.301,68,Stable
2022-11,2022,Q4,Tyla,Afrobeats,Sweden,Europe,5563403,4005650,1557753,36.68,3456.84,3493.52,338834,168135,0.267,90,Rising
2022-11,2022,Q4,Billie Eilish,Pop,Sweden,Europe,5885518,4237572,1647946,49.82,3724.97,3774.79,210342,124608,0.245,100,Declining
2022-11,2022,Q4,J Balvin,Latin,Sweden,Europe,804960,579571,225389,6.87,441.06,447.93,43204,27243,0.191,77,Rising
2022-11,2022,Q4,Fred Again..,Electronic,Sweden,Europe,2331029,1678340,652689,15.97,1607.56,1623.53,180246,107862,0.293,100,Declining
2022-11,2022,Q4,The Weeknd,R&B/Pop,Sweden,Europe,1203618,866604,337014,10.2,964.33,974.53,88736,18698,0.31,100,Rising
2022-11,2022,Q4,Kendrick Lamar,Hip-Hop,Sweden,Europe,1278440,920476,357964,9.95,451.61,461.56,70252,17328,0.212,100,Rising
2022-11,2022,Q4,Ed Sheeran,Pop,Sweden,Europe,10218884,7357596,2861288,73.37,4970.62,5043.99,618919,318429,0.183,100,Rising
2022-11,2022,Q4,Blackpink,K-Pop,Sweden,Europe,327542,235830,91712,2.37,119.95,122.32,20125,15855,0.253,100,Rising
2022-11,2022,Q4,Giveon,R&B,Sweden,Europe,5697448,4102162,1595286,43.59,2075.97,2119.56,414306,66243,0.298,100,Rising
2022-11,2022,Q4,21 Savage,Hip-Hop,Sweden,Europe,140773,101356,39417,1.22,85.24,86.46,3735,3993,0.293,66,Declining
2022-11,2022,Q4,J. Cole,Hip-Hop,France,Europe,1879894,1165534,714360,12.45,1430.39,1442.84,79207,26740,0.278,94,Stable
2022-11,2022,Q4,Bad Bunny,Latin,France,Europe,1608046,996988,611058,10.14,1053.97,1064.11,94053,33525,0.295,74,Stable
2022-11,2022,Q4,21 Savage,Hip-Hop,France,Europe,1641747,1017883,623864,11.21,660.78,671.99,68586,69983,0.3,83,Declining
2022-11,2022,Q4,Peso Pluma,Latin,France,Europe,1185680,735121,450559,6.57,1158.02,1164.59,41152,46849,0.203,92,Rising
2022-11,2022,Q4,Lil Baby,Hip-Hop,France,Europe,2902861,1799773,1103088,17.27,2723.57,2740.84,144252,31126,0.244,79,Declining
2022-11,2022,Q4,Davido,Afrobeats,France,Europe,3401455,2108902,1292553,23.92,1573.97,1597.89,74746,116732,0.336,100,Rising
2022-11,2022,Q4,Wizkid,Afrobeats,France,Europe,3226843,2000642,1226201,21.19,3560.23,3581.42,201977,89693,0.126,100,Rising
2022-11,2022,Q4,Twenty One Pilots,Rock,France,Europe,5501776,3411101,2090675,33.62,4004.81,4038.43,115418,93324,0.212,100,Stable
2022-11,2022,Q4,Taylor Swift,Pop,Ireland,Europe,3863059,2472357,1390702,22.1,2120.9,2143.0,161013,60831,0.092,100,Stable
2022-11,2022,Q4,J. Cole,Hip-Hop,Ireland,Europe,3585933,2294997,1290936,21.57,1907.33,1928.9,193903,155647,0.132,100,Stable
2022-11,2022,Q4,Disclosure,Electronic,Ireland,Europe,3503420,2242188,1261232,19.58,3567.35,3586.93,173238,97828,0.343,100,Rising
2022-11,2022,Q4,Rema,Afrobeats,Ireland,Europe,1426797,913150,513647,9.23,1415.82,1425.05,41522,57758,0.264,85,Rising
2022-11,2022,Q4,21 Savage,Hip-Hop,Ireland,Europe,1726929,1105234,621695,12.29,1095.5,1107.79,95663,77407,0.138,74,Declining
2022-11,2022,Q4,Harry Styles,Pop,Ireland,Europe,13424862,8591911,4832951,82.0,13388.09,13470.09,1037647,644451,0.269,100,Stable
2022-11,2022,Q4,Ariana Grande,Pop,Ireland,Europe,2847805,1822595,1025210,17.02,1615.5,1632.52,211766,69467,0.097,100,Stable
2022-11,2022,Q4,Bts,K-Pop,Ireland,Europe,1058871,677677,381194,6.7,497.21,503.91,53934,17269,0.188,77,Stable
2022-11,2022,Q4,Wizkid,Afrobeats,Ireland,Europe,4478095,2865980,1612115,30.66,1662.09,1692.75,326001,62837,0.118,100,Rising
2022-11,2022,Q4,Drake,Hip-Hop,Ireland,Europe,2129056,1362595,766461,13.49,1433.27,1446.76,80260,87191,0.318,94,Stable
2022-11,2022,Q4,J Balvin,Latin,Ireland,Europe,1384741,886234,498507,8.34,684.64,692.98,97367,54934,0.331,64,Rising
2022-11,2022,Q4,Newjeans,K-Pop,Ireland,Europe,2430111,1555271,874840,14.03,1152.52,1166.55,108723,31610,0.284,60,Stable
2022-11,2022,Q4,Frank Ocean,R&B,Spain,Europe,2726620,1499641,1226979,15.79,2334.18,2349.97,109108,60378,0.191,79,Rising
2022-11,2022,Q4,Ariana Grande,Pop,Spain,Europe,6485136,3566824,2918312,30.85,8191.1,8221.95,497665,253421,0.276,100,Stable
2022-11,2022,Q4,Martin Garrix,Electronic,Spain,Europe,1871554,1029354,842200,9.65,1810.23,1819.88,84095,27531,0.169,100,Rising
2022-11,2022,Q4,Burna Boy,Afrobeats,Spain,Europe,5244781,2884629,2360152,24.59,5963.35,5987.94,337780,226642,0.307,89,Rising
2022-11,2022,Q4,Rema,Afrobeats,Spain,Europe,1775990,976794,799196,8.35,2027.2,2035.55,78251,75737,0.271,92,Rising
2022-11,2022,Q4,Calvin Harris,Electronic,Spain,Europe,9642716,5303493,4339223,48.71,9162.67,9211.38,660271,195587,0.237,100,Rising
2022-11,2022,Q4,Post Malone,Hip-Hop,Spain,Europe,3605426,1982984,1622442,22.75,3451.83,3474.58,250460,140631,0.31,97,Declining
2022-11,2022,Q4,Disclosure,Electronic,Spain,Europe,2454150,1349782,1104368,15.1,2136.12,2151.22,106823,95601,0.326,100,Rising
2022-11,2022,Q4,Ed Sheeran,Pop,Spain,Europe,8656107,4760858,3895249,53.52,5882.69,5936.21,460350,147421,0.25,100,Rising
2022-11,2022,Q4,Blackpink,K-Pop,Spain,Europe,6189284,3404106,2785178,34.81,3565.03,3599.84,183712,228110,0.298,100,Rising
2022-11,2022,Q4,Bts,K-Pop,Italy,Europe,2304268,1198219,1106049,11.14,2448.67,2459.81,63103,66509,0.249,87,Stable
2022-11,2022,Q4,Paramore,Rock,Italy,Europe,6744323,3507047,3237276,36.74,6808.66,6845.4,245771,282258,0.127,100,Stable
2022-11,2022,Q4,Rema,Afrobeats,Italy,Europe,2867394,1491044,1376350,15.58,2020.47,2036.05,88945,29815,0.207,86,Rising
2022-11,2022,Q4,Karol G,Latin,Italy,Europe,138044,71782,66262,0.7,170.72,171.42,8685,6133,0.083,89,Rising
2022-11,2022,Q4,Coldplay,Rock,Italy,Europe,1737012,903246,833766,7.69,918.07,925.76,98323,60882,0.317,100,Stable
2022-11,2022,Q4,Blackpink,K-Pop,Italy,Europe,2356035,1225138,1130897,13.37,3218.14,3231.51,80611,74413,0.123,100,Rising
2022-11,2022,Q4,Arctic Monkeys,Rock,Italy,Europe,6375724,3315376,3060348,37.52,4078.95,4116.47,239359,102536,0.294,100,Rising
2022-11,2022,Q4,Nicki Minaj,Hip-Hop,Italy,Europe,7383864,3839609,3544255,39.97,6434.04,6474.01,446617,190674,0.209,100,Stable
2022-11,2022,Q4,21 Savage,Hip-Hop,Italy,Europe,3453387,1795761,1657626,18.36,2444.92,2463.28,123390,102379,0.193,75,Declining
2022-11,2022,Q4,Billie Eilish,Pop,United States,Americas,694646,402894,291752,4.99,361.23,366.22,20692,16214,0.327,100,Declining
2022-11,2022,Q4,Aespa,K-Pop,United States,Americas,1642650,952736,689914,11.08,1988.73,1999.81,94518,26177,0.264,68,Rising
2022-11,2022,Q4,Peso Pluma,Latin,United States,Americas,1668106,967501,700605,11.89,1524.5,1536.39,94905,64476,0.318,100,Rising
2022-11,2022,Q4,Giveon,R&B,United States,Americas,5420112,3143664,2276448,33.46,4225.89,4259.35,296553,154568,0.126,100,Rising
2022-11,2022,Q4,Rema,Afrobeats,United States,Americas,4792039,2779382,2012657,26.94,2861.81,2888.75,202290,202941,0.153,91,Rising
2022-11,2022,Q4,Olivia Rodrigo,Pop,United States,Americas,10337811,5995930,4341881,72.85,11070.54,11143.39,370342,237452,0.164,100,Rising
2022-11,2022,Q4,Imagine Dragons,Rock,United States,Americas,2247242,1303400,943842,15.84,2368.91,2384.75,114675,73901,0.115,100,Stable
2022-11,2022,Q4,Ariana Grande,Pop,United States,Americas,5125942,2973046,2152896,35.29,5210.16,5245.45,329193,72710,0.267,100,Stable
2022-11,2022,Q4,Harry Styles,Pop,United States,Americas,8513356,4937746,3575610,52.54,5768.7,5821.24,378168,280570,0.196,100,Stable
2022-11,2022,Q4,Coldplay,Rock,United States,Americas,2360628,1369164,991464,16.46,2280.7,2297.16,127951,90045,0.166,93,Stable
2022-11,2022,Q4,Newjeans,K-Pop,United States,Americas,4789472,2777893,2011579,34.75,3000.09,3034.84,98402,131003,0.177,61,Stable
2022-11,2022,Q4,Travis Scott,Hip-Hop,United States,Americas,18028750,10456675,7572075,106.71,22009.33,22116.04,480361,400251,0.09,100,Declining
2022-11,2022,Q4,Arctic Monkeys,Rock,Brazil,Americas,10263321,3900061,6363260,19.69,8890.53,8910.22,537504,177759,0.198,100,Rising
2022-11,2022,Q4,Miley Cyrus,Pop,Brazil,Americas,5025986,1909874,3116112,9.98,3960.64,3970.62,249465,80946,0.126,100,Stable
2022-11,2022,Q4,Drake,Hip-Hop,Brazil,Americas,8884522,3376118,5508404,15.82,15103.17,15118.99,187459,282617,0.277,100,Stable
2022-11,2022,Q4,Tyla,Afrobeats,Brazil,Americas,1404229,533607,870622,2.41,1932.28,1934.69,78205,42694,0.081,97,Rising
2022-11,2022,Q4,Aespa,K-Pop,Brazil,Americas,5791282,2200687,3590595,10.23,6047.11,6057.34,439236,191925,0.128,83,Rising
2022-11,2022,Q4,Peso Pluma,Latin,Brazil,Americas,5020045,1907617,3112428,9.62,3262.24,3271.86,176791,112588,0.347,100,Rising
2022-11,2022,Q4,Ariana Grande,Pop,Brazil,Americas,1473852,560063,913789,2.77,1406.94,1409.71,92725,71163,0.267,100,Stable
2022-11,2022,Q4,Nicki Minaj,Hip-Hop,Brazil,Americas,5432545,2064367,3368178,10.54,7917.83,7928.37,312318,199105,0.151,100,Stable
2022-11,2022,Q4,Twenty One Pilots,Rock,Brazil,Americas,1531319,581901,949418,2.89,2581.9,2584.79,75864,49144,0.135,94,Stable
2022-11,2022,Q4,Stray Kids,K-Pop,Brazil,Americas,4761916,1809528,2952388,7.84,7939.3,7947.14,287804,209383,0.117,66,Declining
2022-11,2022,Q4,Billie Eilish,Pop,Brazil,Americas,5437027,2066070,3370957,10.53,6609.76,6620.29,143481,236939,0.281,100,Declining
2022-11,2022,Q4,Newjeans,K-Pop,Brazil,Americas,4803411,1825296,2978115,8.87,5615.88,5624.75,119779,219424,0.315,69,Stable
2022-11,2022,Q4,Harry Styles,Pop,Mexico,Americas,6405403,2241891,4163512,9.58,10775.13,10784.71,265147,260619,0.344,100,Stable
2022-11,2022,Q4,Bts,K-Pop,Mexico,Americas,4940156,1729054,3211102,7.66,3620.35,3628.01,349554,169443,0.183,68,Stable
2022-11,2022,Q4,Ed Sheeran,Pop,Mexico,Americas,2438729,853555,1585174,3.18,3166.39,3169.57,185518,39001,0.193,100,Rising
2022-11,2022,Q4,Newjeans,K-Pop,Mexico,Americas,3937569,1378149,2559420,5.29,3127.85,3133.14,308179,129769,0.115,62,Stable
2022-11,2022,Q4,Karol G,Latin,Mexico,Americas,13453930,4708875,8745055,18.42,17241.07,17259.49,513995,303530,0.213,100,Rising
2022-11,2022,Q4,Giveon,R&B,Mexico,Americas,4562774,1596970,2965804,5.5,5217.6,5223.1,261746,66039,0.165,100,Rising
2022-11,2022,Q4,Imagine Dragons,Rock,Mexico,Americas,3295900,1153565,2142335,5.09,2731.69,2736.78,241802,153405,0.204,100,Stable
2022-11,2022,Q4,Brent Faiyaz,R&B,Mexico,Americas,9082232,3178781,5903451,13.92,6830.51,6844.43,499124,323327,0.08,100,Rising
2022-11,2022,Q4,Coldplay,Rock,Mexico,Americas,1445884,506059,939825,1.83,2088.14,2089.97,99241,48344,0.293,83,Stable
2022-11,2022,Q4,Fred Again..,Electronic,Mexico,Americas,1751723,613103,1138620,2.35,2843.76,2846.11,126923,79380,0.141,57,Declining
2022-11,2022,Q4,Wizkid,Afrobeats,Mexico,Americas,2260929,791325,1469604,3.37,2365.17,2368.54,52403,56398,0.275,100,Rising
2022-11,2022,Q4,J Balvin,Latin,Colombia,Americas,1054314,316294,738020,1.18,2062.22,2063.4,48449,17562,0.166,100,Rising
2022-11,2022,Q4,J. Cole,Hip-Hop,Colombia,Americas,11769365,3530809,8238556,13.73,19787.52,19801.25,533436,471878,0.28,100,Stable
2022-11,2022,Q4,Taylor Swift,Pop,Colombia,Americas,7115279,2134583,4980696,7.31,14778.7,14786.01,385252,128863,0.159,100,Stable
2022-11,2022,Q4,Nicki Minaj,Hip-Hop,Colombia,Americas,945708,283712,661996,1.05,1413.71,1414.76,43293,40404,0.294,100,Stable
2022-11,2022,Q4,Twenty One Pilots,Rock,Colombia,Americas,5490193,1647057,3843136,6.4,4670.02,4676.42,122315,100687,0.157,73,Stable
2022-11,2022,Q4,Olivia Rodrigo,Pop,Colombia,Americas,1427547,428264,999283,1.34,2825.82,2827.16,60071,52568,0.141,100,Rising
2022-11,2022,Q4,Dua Lipa,Pop,Colombia,Americas,2592892,777867,1815025,2.82,3379.49,3382.31,73397,126590,0.115,100,Rising
2022-11,2022,Q4,Rauw Alejandro,Latin,Colombia,Americas,1134325,340297,794028,1.14,1099.76,1100.9,78424,27818,0.132,100,Stable
2022-11,2022,Q4,Frank Ocean,R&B,Nigeria,Africa,2004107,360739,1643368,1.13,4271.3,4272.43,67445,33424,0.085,100,Rising
2022-11,2022,Q4,Olivia Rodrigo,Pop,Nigeria,Africa,2648146,476666,2171480,1.27,4689.94,4691.21,113932,36394,0.188,90,Rising
2022-11,2022,Q4,Arctic Monkeys,Rock,Nigeria,Africa,997858,179614,818244,0.58,2102.36,2102.94,33617,17663,0.239,100,Rising
2022-11,2022,Q4,Harry Styles,Pop,Nigeria,Africa,1403642,252655,1150987,0.7,1303.86,1304.56,29281,63501,0.175,100,Stable
2022-11,2022,Q4,Giveon,R&B,Nigeria,Africa,839659,151138,688521,0.39,821.97,822.36,31428,30553,0.107,100,Rising
2022-11,2022,Q4,Blackpink,K-Pop,Nigeria,Africa,3207359,577324,2630035,1.7,7659.71,7661.41,203254,138337,0.155,100,Rising
2022-11,2022,Q4,Dua Lipa,Pop,Nigeria,Africa,1220299,219653,1000646,0.71,1612.56,1613.27,54309,26924,0.102,100,Rising
2022-11,2022,Q4,Burna Boy,Afrobeats,Nigeria,Africa,2393762,430877,1962885,1.14,5692.27,5693.41,171367,38833,0.127,100,Rising
2022-11,2022,Q4,Karol G,Latin,Nigeria,Africa,1106087,199095,906992,0.63,2125.14,2125.77,32012,26374,0.092,73,Rising
2022-11,2022,Q4,Kendrick Lamar,Hip-Hop,Nigeria,Africa,3813095,686357,3126738,2.06,3482.2,3484.26,123542,51830,0.189,100,Rising
2022-11,2022,Q4,Disclosure,Electronic,South Africa,Africa,331192,92733,238459,0.42,453.4,453.82,14014,9419,0.305,83,Rising
2022-11,2022,Q4,Giveon,R&B,South Africa,Africa,4053643,1135020,2918623,3.87,6595.55,6599.42,215215,172177,0.224,100,Rising
2022-11,2022,Q4,Brent Faiyaz,R&B,South Africa,Africa,1511735,423285,1088450,1.77,2185.76,2187.53,96208,44096,0.158,100,Rising
2022-11,2022,Q4,Karol G,Latin,South Africa,Africa,899386,251828,647558,0.89,1187.61,1188.5,59231,23203,0.256,74,Rising
2022-11,2022,Q4,Rema,Afrobeats,South Africa,Africa,8519664,2385505,6134159,8.77,14629.3,14638.07,568991,166656,0.149,100,Rising
2022-11,2022,Q4,Bad Bunny,Latin,South Africa,Africa,913908,255894,658014,0.9,1551.42,1552.32,60999,27451,0.178,66,Stable
2022-11,2022,Q4,Peso Pluma,Latin,South Africa,Africa,133933,37501,96432,0.14,285.1,285.24,4310,1933,0.283,72,Rising
2022-11,2022,Q4,Fred Again..,Electronic,South Africa,Africa,107257,30031,77226,0.14,95.68,95.82,2339,2362,0.295,52,Declining
2022-11,2022,Q4,Martin Garrix,Electronic,South Africa,Africa,1922103,538188,1383915,2.4,3521.31,3523.71,145297,24074,0.249,94,Rising
2022-11,2022,Q4,Sza,R&B,Kenya,Africa,3026768,454015,2572753,1.07,5050.72,5051.79,182337,90252,0.326,100,Stable
2022-11,2022,Q4,Fred Again..,Electronic,Kenya,Africa,953447,143017,810430,0.4,1329.11,1329.51,38173,41564,0.255,55,Declining
2022-11,2022,Q4,Arctic Monkeys,Rock,Kenya,Africa,936972,140545,796427,0.4,2120.02,2120.42,51850,34194,0.255,100,Rising
2022-11,2022,Q4,Ed Sheeran,Pop,Kenya,Africa,3099832,464974,2634858,1.21,5615.01,5616.22,63935,56378,0.29,100,Rising
2022-11,2022,Q4,Disclosure,Electronic,Kenya,Africa,1794643,269196,1525447,0.6,4444.12,4444.72,60002,50806,0.111,81,Rising
2022-11,2022,Q4,Asake,Afrobeats,Kenya,Africa,6355976,953396,5402580,2.51,11552.13,11554.64,269968,229861,0.124,100,Rising
2022-11,2022,Q4,Ariana Grande,Pop,Kenya,Africa,2474141,371121,2103020,0.8,5817.6,5818.4,174359,58972,0.247,100,Stable
2022-11,2022,Q4,Kendrick Lamar,Hip-Hop,Kenya,Africa,3837148,575572,3261576,1.41,8252.45,8253.86,79648,42782,0.126,100,Rising
2022-11,2022,Q4,J Balvin,Latin,Ghana,Africa,1814684,254055,1560629,0.51,3425.27,3425.78,111049,34139,0.186,61,Rising
2022-11,2022,Q4,Aespa,K-Pop,Ghana,Africa,1002966,140415,862551,0.31,2233.89,2234.2,29909,31674,0.217,68,Rising
2022-11,2022,Q4,Ed Sheeran,Pop,Ghana,Africa,1838199,257347,1580852,0.58,4245.87,4246.45,66565,74620,0.13,100,Rising
2022-11,2022,Q4,Post Malone,Hip-Hop,Ghana,Africa,3675628,514587,3161041,1.32,6356.35,6357.67,143380,168565,0.089,100,Declining
2022-11,2022,Q4,Taylor Swift,Pop,Ghana,Africa,3618041,506525,3111516,1.29,4263.65,4264.94,121283,131892,0.207,100,Stable
2022-11,2022,Q4,Doja Cat,Pop,Ghana,Africa,450165,63023,387142,0.14,1134.22,1134.36,16160,10184,0.328,100,Stable
2022-11,2022,Q4,Wizkid,Afrobeats,Ghana,Africa,11215846,1570218,9645628,3.32,19628.19,19631.51,791857,307882,0.197,100,Rising
2022-11,2022,Q4,Bts,K-Pop,Ghana,Africa,320568,44879,275689,0.1,610.77,610.87,17488,8294,0.347,84,Stable
2022-11,2022,Q4,Arctic Monkeys,Rock,Ghana,Africa,1301889,182264,1119625,0.36,2934.37,2934.73,49469,19616,0.111,100,Rising
2022-11,2022,Q4,Rauw Alejandro,Latin,Ghana,Africa,738024,103323,634701,0.24,1455.96,1456.2,37647,33631,0.347,75,Stable
2022-11,2022,Q4,Calvin Harris,Electronic,Ghana,Africa,1391912,194867,1197045,0.44,1676.4,1676.84,96100,55353,0.312,62,Rising
2022-11,2022,Q4,Bad Bunny,Latin,Ghana,Africa,376961,52774,324187,0.12,381.4,381.52,16830,11999,0.205,70,Stable
2022-11,2022,Q4,21 Savage,Hip-Hop,Japan,Asia,3995587,2397352,1598235,22.25,4792.64,4814.89,184395,63830,0.189,62,Declining
2022-11,2022,Q4,Bts,K-Pop,Japan,Asia,6200109,3720065,2480044,34.89,7219.31,7254.2,240592,285813,0.142,100,Stable
2022-11,2022,Q4,Asake,Afrobeats,Japan,Asia,4242845,2545707,1697138,20.83,5022.88,5043.71,121767,111080,0.332,58,Rising
2022-11,2022,Q4,Miley Cyrus,Pop,Japan,Asia,276693,166015,110678,1.48,272.52,274.0,18481,13426,0.215,100,Stable
2022-11,2022,Q4,Lil Baby,Hip-Hop,Japan,Asia,2920133,1752079,1168054,18.81,2723.2,2742.01,66661,45056,0.132,57,Declining
2022-11,2022,Q4,Travis Scott,Hip-Hop,Japan,Asia,855280,513168,342112,4.86,589.67,594.53,68123,12356,0.239,98,Declining
2022-11,2022,Q4,Ariana Grande,Pop,Japan,Asia,3172078,1903246,1268832,18.84,1565.26,1584.1,134572,49337,0.318,100,Stable
2022-11,2022,Q4,Dua Lipa,Pop,Japan,Asia,1703013,1021807,681206,9.72,885.53,895.25,67748,26356,0.276,100,Rising
2022-11,2022,Q4,Karol G,Latin,Japan,Asia,3796070,2277642,1518428,21.35,1929.1,1950.45,147621,86564,0.269,79,Rising
2022-11,2022,Q4,Doja Cat,Pop,South Korea,Asia,4958873,2727380,2231493,21.66,3427.72,3449.38,212503,119937,0.096,100,Stable
2022-11,2022,Q4,21 Savage,Hip-Hop,South Korea,Asia,777031,427367,349664,3.28,904.7,907.98,49944,36534,0.096,52,Declining
2022-11,2022,Q4,Nicki Minaj,Hip-Hop,South Korea,Asia,1311020,721061,589959,5.47,1279.08,1284.55,81555,33423,0.214,100,Stable
2022-11,2022,Q4,Olivia Rodrigo,Pop,South Korea,Asia,1490015,819508,670507,7.39,1382.17,1389.56,112310,27280,0.243,100,Rising
2022-11,2022,Q4,The Weeknd,R&B/Pop,South Korea,Asia,5100110,2805060,2295050,23.98,2725.73,2749.71,392196,161806,0.163,100,Rising
2022-11,2022,Q4,Paramore,Rock,South Korea,Asia,273036,150169,122867,1.2,358.66,359.86,17463,3938,0.137,71,Stable
2022-11,2022,Q4,Dua Lipa,Pop,South Korea,Asia,404770,222623,182147,1.96,299.93,301.89,18764,9291,0.164,100,Rising
2022-11,2022,Q4,Peso Pluma,Latin,South Korea,Asia,2151947,1183570,968377,10.38,2581.44,2591.82,152865,90676,0.212,88,Rising
2022-11,2022,Q4,Fred Again..,Electronic,South Korea,Asia,3395309,1867419,1527890,13.79,3078.22,3092.01,96803,127884,0.171,72,Declining
2022-11,2022,Q4,Harry Styles,Pop,South Korea,Asia,11135375,6124456,5010919,44.19,9357.35,9401.54,637169,122964,0.189,100,Stable
2022-11,2022,Q4,Giveon,R&B,South Korea,Asia,1510698,830883,679815,7.52,1225.62,1233.14,78109,22523,0.226,91,Rising
2022-11,2022,Q4,Disclosure,Electronic,South Korea,Asia,7985709,4392139,3593570,38.01,9779.68,9817.69,585779,176987,0.258,100,Rising
2022-11,2022,Q4,Peso Pluma,Latin,India,Asia,4020770,884569,3136201,2.01,9076.36,9078.37,245363,168520,0.128,94,Rising
2022-11,2022,Q4,Post Malone,Hip-Hop,India,Asia,1812352,398717,1413635,0.7,1720.23,1720.93,115014,28397,0.206,80,Declining
2022-11,2022,Q4,Arctic Monkeys,Rock,India,Asia,5013219,1102908,3910311,1.87,5914.29,5916.16,356774,203968,0.172,97,Rising
2022-11,2022,Q4,Nicki Minaj,Hip-Hop,India,Asia,7540765,1658968,5881797,3.54,10113.91,10117.45,534036,174308,0.27,97,Stable
2022-11,2022,Q4,Harry Styles,Pop,India,Asia,8901428,1958314,6943114,3.62,19322.95,19326.57,216177,386488,0.105,100,Stable
2022-11,2022,Q4,Ed Sheeran,Pop,India,Asia,8957772,1970709,6987063,3.42,16954.55,16957.97,466968,95466,0.148,100,Rising
2022-11,2022,Q4,Newjeans,K-Pop,India,Asia,1383249,304314,1078935,0.66,2694.56,2695.22,75661,59950,0.133,100,Stable
2022-11,2022,Q4,Burna Boy,Afrobeats,India,Asia,6274830,1380462,4894368,2.75,13190.64,13193.39,450018,217410,0.331,89,Rising
2022-11,2022,Q4,Giveon,R&B,India,Asia,2711722,596578,2115144,1.11,5991.83,5992.94,117352,81720,0.169,96,Rising
2022-11,2022,Q4,Imagine Dragons,Rock,India,Asia,1398432,307655,1090777,0.62,3079.49,3080.11,65650,52116,0.206,87,Stable
2022-11,2022,Q4,Tyla,Afrobeats,India,Asia,1316496,289629,1026867,0.54,1301.39,1301.93,87295,24614,0.14,83,Rising
2022-11,2022,Q4,Paramore,Rock,Indonesia,Asia,3805408,761081,3044327,1.95,7539.34,7541.29,83272,86048,0.152,79,Stable
2022-11,2022,Q4,Sza,R&B,Indonesia,Asia,285945,57189,228756,0.14,549.32,549.46,20192,9663,0.292,74,Stable
2022-11,2022,Q4,Tyla,Afrobeats,Indonesia,Asia,6637087,1327417,5309670,2.89,14122.32,14125.21,312410,296249,0.104,100,Rising
2022-11,2022,Q4,21 Savage,Hip-Hop,Indonesia,Asia,861481,172296,689185,0.37,859.73,860.1,40268,36814,0.289,58,Declining
2022-11,2022,Q4,Wizkid,Afrobeats,Indonesia,Asia,6585772,1317154,5268618,3.37,13458.46,13461.83,422697,320802,0.111,100,Rising
2022-11,2022,Q4,Miley Cyrus,Pop,Indonesia,Asia,6248946,1249789,4999157,2.82,7551.29,7554.11,228560,223779,0.095,100,Stable
2022-11,2022,Q4,Aespa,K-Pop,Indonesia,Asia,23846834,4769366,19077468,13.61,28858.17,28871.78,557250,1016392,0.247,100,Rising
2022-11,2022,Q4,Post Malone,Hip-Hop,Indonesia,Asia,2431734,486346,1945388,1.21,2277.92,2279.13,86830,36571,0.141,77,Declining
2022-11,2022,Q4,Karol G,Latin,Indonesia,Asia,2424905,484981,1939924,1.21,3711.49,3712.7,73906,88416,0.204,86,Rising
2022-11,2022,Q4,Giveon,R&B,Indonesia,Asia,887287,177457,709830,0.46,1973.34,1973.8,46248,18714,0.318,86,Rising
2022-11,2022,Q4,Lil Baby,Hip-Hop,Indonesia,Asia,894236,178847,715389,0.48,738.39,738.87,26019,17706,0.289,53,Declining
2022-11,2022,Q4,Harry Styles,Pop,Indonesia,Asia,4389632,877926,3511706,2.28,9619.38,9621.66,292146,154531,0.345,100,Stable
2022-11,2022,Q4,Twenty One Pilots,Rock,Argentina,Latam,1348739,431596,917143,1.27,1745.25,1746.52,58120,55715,0.123,69,Stable
2022-11,2022,Q4,Kendrick Lamar,Hip-Hop,Argentina,Latam,2057633,658442,1399191,2.19,1492.62,1494.81,90959,100108,0.277,100,Rising
2022-11,2022,Q4,Martin Garrix,Electronic,Argentina,Latam,2969523,950247,2019276,3.4,2396.08,2399.48,137335,32434,0.174,100,Rising
2022-11,2022,Q4,Sza,R&B,Argentina,Latam,2651401,848448,1802953,2.63,2385.95,2388.58,150254,97175,0.261,64,Stable
2022-11,2022,Q4,Rauw Alejandro,Latin,Argentina,Latam,3366308,1077218,2289090,3.68,3809.87,3813.55,236325,130155,0.175,100,Stable
2022-11,2022,Q4,Coldplay,Rock,Argentina,Latam,1175843,376269,799574,1.2,902.17,903.37,85016,35918,0.239,57,Stable
2022-11,2022,Q4,Stray Kids,K-Pop,Argentina,Latam,675780,216249,459531,0.73,564.09,564.82,32855,16387,0.213,78,Declining
2022-11,2022,Q4,Harry Styles,Pop,Argentina,Latam,2637872,844119,1793753,2.46,5196.8,5199.26,86558,112470,0.147,100,Stable
2022-11,2022,Q4,Asake,Afrobeats,Argentina,Latam,1265768,405045,860723,1.53,1969.64,1971.17,78042,37540,0.176,33,Rising
2022-11,2022,Q4,Bad Bunny,Latin,Argentina,Latam,10974868,3511957,7462911,10.89,20900.81,20911.7,597823,435791,0.235,100,Stable
2022-11,2022,Q4,Aespa,K-Pop,Argentina,Latam,2375271,760086,1615185,2.5,1707.72,1710.22,135416,62843,0.329,77,Rising
2022-11,2022,Q4,Tyla,Afrobeats,Argentina,Latam,383990,122876,261114,0.44,730.86,731.3,25250,16845,0.325,52,Rising
2022-11,2022,Q4,Karol G,Latin,Chile,Latam,6546975,2225971,4321004,7.56,12463.04,12470.6,302182,323526,0.095,100,Rising
2022-11,2022,Q4,Miley Cyrus,Pop,Chile,Latam,3073749,1045074,2028675,3.36,3903.26,3906.62,96185,102662,0.211,94,Stable
2022-11,2022,Q4,Wizkid,Afrobeats,Chile,Latam,2025557,688689,1336868,2.63,2376.51,2379.14,143927,71836,0.118,53,Rising
2022-11,2022,Q4,Bad Bunny,Latin,Chile,Latam,4055137,1378746,2676391,4.34,2794.24,2798.58,132656,127553,0.21,100,Stable
2022-11,2022,Q4,Kendrick Lamar,Hip-Hop,Chile,Latam,5370929,1826115,3544814,6.68,5464.96,5471.64,185958,108828,0.327,100,Rising
2022-11,2022,Q4,Arctic Monkeys,Rock,Chile,Latam,4505714,1531942,2973772,5.93,7865.18,7871.11,123418,112481,0.259,100,Rising
2022-11,2022,Q4,Blackpink,K-Pop,Chile,Latam,4164867,1416054,2748813,5.63,3433.88,3439.51,203297,55813,0.086,100,Rising
2022-11,2022,Q4,21 Savage,Hip-Hop,Chile,Latam,1851397,629474,1221923,2.44,3183.96,3186.4,108925,81264,0.186,90,Declining
2022-11,2022,Q4,Post Malone,Hip-Hop,Chile,Latam,2940565,999792,1940773,3.86,2549.52,2553.38,211345,66025,0.168,100,Declining
2022-11,2022,Q4,H.E.R.,R&B,Chile,Latam,2507621,852591,1655030,3.09,3786.6,3789.69,92453,123942,0.097,75,Rising
2022-11,2022,Q4,Giveon,R&B,Chile,Latam,1996546,678825,1317721,2.1,1592.54,1594.64,147317,66722,0.332,85,Rising
2022-12,2022,Q4,Harry Styles,Pop,Netherlands,Europe,13211757,8983994,4227763,89.97,8591.77,8681.74,472844,482508,0.335,100,Stable
2022-12,2022,Q4,Coldplay,Rock,Netherlands,Europe,6011407,4087756,1923651,38.73,3465.09,3503.82,374886,196166,0.33,100,Stable
2022-12,2022,Q4,Karol G,Latin,Netherlands,Europe,2145863,1459186,686677,16.6,1038.55,1055.15,150527,73622,0.345,96,Rising
2022-12,2022,Q4,H.E.R.,R&B,Netherlands,Europe,5067120,3445641,1621479,32.54,2103.2,2135.74,102672,247323,0.335,90,Rising
2022-12,2022,Q4,Giveon,R&B,Netherlands,Europe,6268569,4262626,2005943,37.08,2478.21,2515.29,469933,220666,0.308,100,Rising
2022-12,2022,Q4,Aespa,K-Pop,Netherlands,Europe,4855065,3301444,1553621,37.63,3592.11,3629.74,247259,101514,0.258,74,Rising
2022-12,2022,Q4,Ed Sheeran,Pop,Netherlands,Europe,7003391,4762305,2241086,41.76,6316.55,6358.31,344696,180111,0.338,100,Rising
2022-12,2022,Q4,Bad Bunny,Latin,Netherlands,Europe,4365760,2968716,1397044,26.68,4166.38,4193.06,208754,112598,0.328,86,Stable
2022-12,2022,Q4,21 Savage,Hip-Hop,Netherlands,Europe,3816586,2595278,1221308,28.2,3055.41,3083.61,84742,160138,0.117,70,Declining
2022-12,2022,Q4,J. Cole,Hip-Hop,Netherlands,Europe,3511655,2387925,1123730,22.46,2625.17,2647.63,271264,81393,0.19,100,Stable
2022-12,2022,Q4,Nicki Minaj,Hip-Hop,Netherlands,Europe,3368094,2290303,1077791,21.79,2068.52,2090.31,125360,81390,0.088,100,Stable
2022-12,2022,Q4,Disclosure,Electronic,United Kingdom,Europe,1607915,1045144,562771,10.08,1169.86,1179.94,68828,39227,0.205,100,Rising
2022-12,2022,Q4,Billie Eilish,Pop,United Kingdom,Europe,3946773,2565402,1381371,28.26,1803.6,1831.86,86687,78432,0.345,100,Declining
2022-12,2022,Q4,Peso Pluma,Latin,United Kingdom,Europe,4558272,2962876,1595396,26.49,2832.6,2859.09,218098,99856,0.276,97,Rising
2022-12,2022,Q4,Rema,Afrobeats,United Kingdom,Europe,1169405,760113,409292,7.15,915.11,922.26,42735,14078,0.326,89,Rising
2022-12,2022,Q4,Giveon,R&B,United Kingdom,Europe,1393391,905704,487687,9.54,1032.92,1042.46,38397,24481,0.158,100,Rising
2022-12,2022,Q4,Arctic Monkeys,Rock,United Kingdom,Europe,769482,500163,269319,5.31,442.21,447.52,47660,23909,0.262,100,Rising
2022-12,2022,Q4,Travis Scott,Hip-Hop,United Kingdom,Europe,3210588,2086882,1123706,18.96,1413.79,1432.75,109145,114595,0.203,100,Declining
2022-12,2022,Q4,Harry Styles,Pop,United Kingdom,Europe,7310452,4751793,2558659,42.2,3831.17,3873.37,506449,259924,0.336,100,Stable
2022-12,2022,Q4,Lil Baby,Hip-Hop,United Kingdom,Europe,626757,407392,219365,3.78,539.27,543.05,39481,17783,0.266,72,Declining
2022-12,2022,Q4,Bad Bunny,Latin,United Kingdom,Europe,5012790,3258313,1754477,35.76,2708.14,2743.9,371945,250377,0.328,84,Stable
2022-12,2022,Q4,Paramore,Rock,Germany,Europe,7172586,5020810,2151776,52.98,4090.76,4143.74,368996,232869,0.278,100,Stable
2022-12,2022,Q4,Dua Lipa,Pop,Germany,Europe,8090271,5663189,2427082,64.71,3287.31,3352.02,320050,256261,0.126,100,Rising
2022-12,2022,Q4,Olivia Rodrigo,Pop,Germany,Europe,2401657,1681159,720498,18.58,1869.01,1887.59,159627,26128,0.222,100,Rising
2022-12,2022,Q4,Travis Scott,Hip-Hop,Germany,Europe,7525645,5267951,2257694,45.29,5625.8,5671.09,440737,150368,0.217,100,Declining
2022-12,2022,Q4,Twenty One Pilots,Rock,Germany,Europe,5605939,3924157,1681782,43.88,3205.04,3248.92,248596,65000,0.178,100,Stable
2022-12,2022,Q4,Fred Again..,Electronic,Germany,Europe,2940486,2058340,882146,18.49,1769.71,1788.2,146083,49981,0.278,100,Declining
2022-12,2022,Q4,Coldplay,Rock,Germany,Europe,1178942,825259,353683,8.4,867.56,875.96,57666,36575,0.118,100,Stable
2022-12,2022,Q4,Nicki Minaj,Hip-Hop,Germany,Europe,951581,666106,285475,6.95,300.28,307.23,67461,45715,0.259,100,Stable
2022-12,2022,Q4,Blackpink,K-Pop,Germany,Europe,2107739,1475417,632322,15.24,1645.16,1660.4,93650,48028,0.205,100,Rising
2022-12,2022,Q4,Martin Garrix,Electronic,Germany,Europe,5591572,3914100,1677472,36.9,1819.82,1856.72,329861,208954,0.229,100,Rising
2022-12,2022,Q4,Davido,Afrobeats,Germany,Europe,2536220,1775354,760866,19.94,2103.11,2123.05,55630,101621,0.257,100,Rising
2022-12,2022,Q4,Wizkid,Afrobeats,Germany,Europe,1872098,1310468,561630,12.25,821.06,833.31,131219,50106,0.194,100,Rising
2022-12,2022,Q4,Nicki Minaj,Hip-Hop,Sweden,Europe,4939872,3556707,1383165,36.28,2535.31,2571.59,384961,167796,0.252,100,Stable
2022-12,2022,Q4,Travis Scott,Hip-Hop,Sweden,Europe,3247739,2338372,909367,26.79,2552.83,2579.62,219005,62996,0.345,100,Declining
2022-12,2022,Q4,Ariana Grande,Pop,Sweden,Europe,7245856,5217016,2028840,62.14,2642.09,2704.23,361304,240726,0.169,100,Stable
2022-12,2022,Q4,Blackpink,K-Pop,Sweden,Europe,2021900,1455768,566132,14.88,884.09,898.97,116185,49415,0.304,100,Rising
2022-12,2022,Q4,21 Savage,Hip-Hop,Sweden,Europe,408074,293813,114261,3.17,302.78,305.95,21513,7671,0.171,71,Declining
2022-12,2022,Q4,Paramore,Rock,Sweden,Europe,5165802,3719377,1446425,44.7,4282.75,4327.45,412071,150136,0.34,100,Stable
2022-12,2022,Q4,Brent Faiyaz,R&B,Sweden,Europe,2143289,1543168,600121,18.35,616.64,634.99,113079,27914,0.157,64,Rising
2022-12,2022,Q4,J Balvin,Latin,Sweden,Europe,1908037,1373786,534251,15.43,793.71,809.14,95839,81475,0.183,71,Rising
2022-12,2022,Q4,Coldplay,Rock,France,Europe,596336,369728,226608,4.08,518.72,522.8,40597,24720,0.132,100,Stable
2022-12,2022,Q4,Tyla,Afrobeats,France,Europe,2726006,1690123,1035883,15.8,1480.86,1496.66,151086,127128,0.306,84,Rising
2022-12,2022,Q4,Burna Boy,Afrobeats,France,Europe,3269933,2027358,1242575,22.34,3074.08,3096.42,241362,74928,0.104,82,Rising
2022-12,2022,Q4,Bad Bunny,Latin,France,Europe,3153397,1955106,1198291,17.3,2192.77,2210.07,114484,33417,0.293,94,Stable
2022-12,2022,Q4,Bts,K-Pop,France,Europe,2652605,1644615,1007990,14.68,1943.3,1957.98,92283,80783,0.184,68,Stable
2022-12,2022,Q4,Arctic Monkeys,Rock,France,Europe,1926492,1194425,732067,12.25,750.7,762.95,142750,61312,0.315,100,Rising
2022-12,2022,Q4,Disclosure,Electronic,France,Europe,10909116,6763651,4145465,66.54,11567.07,11633.61,734059,164302,0.245,100,Rising
2022-12,2022,Q4,Asake,Afrobeats,France,Europe,3049991,1890994,1158997,19.74,2088.9,2108.64,164817,58691,0.255,60,Rising
2022-12,2022,Q4,Wizkid,Afrobeats,France,Europe,2221950,1377609,844341,12.82,1092.23,1105.05,83340,67328,0.172,100,Rising
2022-12,2022,Q4,Rema,Afrobeats,Ireland,Europe,958163,613224,344939,5.88,713.79,719.67,43454,20475,0.324,73,Rising
2022-12,2022,Q4,Newjeans,K-Pop,Ireland,Europe,3778629,2418322,1360307,21.48,1733.17,1754.65,250770,167125,0.292,73,Stable
2022-12,2022,Q4,Stray Kids,K-Pop,Ireland,Europe,1774929,1135954,638975,11.93,1838.11,1850.04,44634,40999,0.2,73,Declining
2022-12,2022,Q4,Bts,K-Pop,Ireland,Europe,405589,259576,146013,2.88,195.84,198.72,13459,9724,0.33,81,Stable
2022-12,2022,Q4,The Weeknd,R&B/Pop,Ireland,Europe,5079629,3250962,1828667,29.9,3404.03,3433.93,384470,156815,0.132,100,Rising
2022-12,2022,Q4,Blackpink,K-Pop,Ireland,Europe,2228536,1426263,802273,14.99,867.86,882.85,91469,83095,0.235,100,Rising
2022-12,2022,Q4,Tyla,Afrobeats,Ireland,Europe,1687006,1079683,607323,9.46,1015.86,1025.32,111976,65205,0.245,100,Rising
2022-12,2022,Q4,Nicki Minaj,Hip-Hop,Ireland,Europe,3575587,2288375,1287212,25.53,2012.18,2037.71,146197,124709,0.341,100,Stable
2022-12,2022,Q4,Brent Faiyaz,R&B,Ireland,Europe,3814408,2441221,1373187,23.07,1578.28,1601.35,111135,44988,0.159,76,Rising
2022-12,2022,Q4,Disclosure,Electronic,Ireland,Europe,13373719,8559180,4814539,89.92,14424.56,14514.48,378800,236086,0.122,100,Rising
2022-12,2022,Q4,Dua Lipa,Pop,Spain,Europe,6911701,3801435,3110266,41.44,5802.47,5843.91,370751,321455,0.234,100,Rising
2022-12,2022,Q4,Imagine Dragons,Rock,Spain,Europe,8648365,4756600,3891765,53.43,7152.06,7205.49,513643,143754,0.197,100,Stable
2022-12,2022,Q4,Post Malone,Hip-Hop,Spain,Europe,1867785,1027281,840504,11.41,1634.54,1645.95,76961,71757,0.165,96,Declining
2022-12,2022,Q4,Miley Cyrus,Pop,Spain,Europe,3981714,2189942,1791772,20.27,2568.73,2589.0,81101,140290,0.246,100,Stable
2022-12,2022,Q4,Doja Cat,Pop,Spain,Europe,8002916,4401603,3601313,49.18,8537.55,8586.73,358606,195769,0.279,100,Stable
2022-12,2022,Q4,J. Cole,Hip-Hop,Spain,Europe,4730647,2601855,2128792,28.03,5418.34,5446.37,367079,58095,0.091,100,Stable
2022-12,2022,Q4,Coldplay,Rock,Spain,Europe,5530072,3041539,2488533,30.5,4886.01,4916.51,359862,117656,0.139,100,Stable
2022-12,2022,Q4,Twenty One Pilots,Rock,Spain,Europe,2310517,1270784,1039733,10.79,1277.3,1288.09,98224,28033,0.116,100,Stable
2022-12,2022,Q4,Martin Garrix,Electronic,Spain,Europe,7656275,4210951,3445324,37.43,8530.34,8567.77,545920,276078,0.092,100,Rising
2022-12,2022,Q4,Karol G,Latin,Spain,Europe,421980,232089,189891,2.63,340.17,342.8,24034,19256,0.304,86,Rising
2022-12,2022,Q4,Burna Boy,Afrobeats,Spain,Europe,3082551,1695403,1387148,16.27,3396.74,3413.01,76955,103709,0.21,93,Rising
2022-12,2022,Q4,Travis Scott,Hip-Hop,Italy,Europe,7164893,3725744,3439149,34.68,5051.34,5086.02,187980,86133,0.312,100,Declining
2022-12,2022,Q4,Davido,Afrobeats,Italy,Europe,5225104,2717054,2508050,27.27,2941.86,2969.13,335044,226399,0.324,98,Rising
2022-12,2022,Q4,Post Malone,Hip-Hop,Italy,Europe,1017973,529345,488628,4.89,1364.99,1369.88,54650,32079,0.151,100,Declining
2022-12,2022,Q4,Bad Bunny,Latin,Italy,Europe,1996851,1038362,958489,11.08,2287.72,2298.8,64436,24641,0.227,87,Stable
2022-12,2022,Q4,Imagine Dragons,Rock,Italy,Europe,4000283,2080147,1920136,21.86,5692.2,5714.06,194307,65947,0.108,100,Stable
2022-12,2022,Q4,21 Savage,Hip-Hop,Italy,Europe,3670980,1908909,1762071,18.33,4390.38,4408.71,111470,125672,0.158,80,Declining
2022-12,2022,Q4,Stray Kids,K-Pop,Italy,Europe,275250,143130,132120,1.41,343.69,345.1,10316,8395,0.243,70,Declining
2022-12,2022,Q4,Coldplay,Rock,Italy,Europe,352961,183539,169422,1.92,310.25,312.17,9180,16393,0.217,99,Stable
2022-12,2022,Q4,Giveon,R&B,Italy,Europe,4237823,2203667,2034156,20.53,6023.67,6044.2,306169,96058,0.162,100,Rising
2022-12,2022,Q4,Stray Kids,K-Pop,United States,Americas,5718299,3316613,2401686,38.52,6972.33,7010.85,152861,247838,0.238,65,Declining
2022-12,2022,Q4,Giveon,R&B,United States,Americas,4488549,2603358,1885191,30.25,2799.91,2830.16,233820,167812,0.201,100,Rising
2022-12,2022,Q4,Disclosure,Electronic,United States,Americas,2869682,1664415,1205267,17.54,2105.19,2122.73,191553,84881,0.319,86,Rising
2022-12,2022,Q4,Brent Faiyaz,R&B,United States,Americas,9276549,5380398,3896151,50.33,6330.45,6380.78,301275,335509,0.117,100,Rising
2022-12,2022,Q4,Bts,K-Pop,United States,Americas,3324095,1927975,1396120,22.43,2896.26,2918.69,70187,160029,0.308,70,Stable
2022-12,2022,Q4,Drake,Hip-Hop,United States,Americas,9013201,5227656,3785545,57.18,10666.72,10723.9,196245,214490,0.302,100,Stable
2022-12,2022,Q4,Asake,Afrobeats,United States,Americas,1554056,901352,652704,8.62,708.5,717.12,69231,60198,0.135,69,Rising
2022-12,2022,Q4,Fred Again..,Electronic,United States,Americas,2005883,1163412,842471,11.89,1060.61,1072.5,109625,44638,0.26,51,Declining
2022-12,2022,Q4,Ed Sheeran,Pop,United States,Americas,4990531,2894507,2096024,30.78,4042.25,4073.03,122632,160328,0.169,100,Rising
2022-12,2022,Q4,Arctic Monkeys,Rock,United States,Americas,9098883,5277352,3821531,66.52,9551.29,9617.81,417034,257424,0.215,100,Rising
2022-12,2022,Q4,Kendrick Lamar,Hip-Hop,Brazil,Americas,19933038,7574554,12358484,35.28,24558.22,24593.5,920864,413850,0.269,100,Rising
2022-12,2022,Q4,Arctic Monkeys,Rock,Brazil,Americas,2100098,798037,1302061,3.94,3378.61,3382.55,134184,35656,0.144,100,Rising
2022-12,2022,Q4,Disclosure,Electronic,Brazil,Americas,4312118,1638604,2673514,8.25,6373.14,6381.39,270250,108256,0.192,76,Rising
2022-12,2022,Q4,Harry Styles,Pop,Brazil,Americas,6709604,2549649,4159955,14.02,5149.82,5163.84,179574,88625,0.309,100,Stable
2022-12,2022,Q4,Aespa,K-Pop,Brazil,Americas,6355757,2415187,3940570,10.43,8504.74,8515.17,502165,169725,0.137,83,Rising
2022-12,2022,Q4,Dua Lipa,Pop,Brazil,Americas,8888552,3377649,5510903,17.94,16258.43,16276.37,656133,192556,0.168,100,Rising
2022-12,2022,Q4,Olivia Rodrigo,Pop,Brazil,Americas,5275614,2004733,3270881,8.67,9230.57,9239.24,207569,142670,0.303,100,Rising
2022-12,2022,Q4,Frank Ocean,R&B,Brazil,Americas,9199696,3495884,5703812,16.87,11618.87,11635.74,363180,321138,0.105,100,Rising
2022-12,2022,Q4,Taylor Swift,Pop,Brazil,Americas,1858902,706382,1152520,3.72,1583.29,1587.01,99330,66742,0.323,100,Stable
2022-12,2022,Q4,Karol G,Latin,Brazil,Americas,11564043,4394336,7169707,22.0,14300.04,14322.04,273190,396350,0.298,100,Rising
2022-12,2022,Q4,Ed Sheeran,Pop,Brazil,Americas,15954242,6062611,9891631,28.82,28616.65,28645.47,387765,469826,0.241,100,Rising
2022-12,2022,Q4,Olivia Rodrigo,Pop,Mexico,Americas,6655136,2329297,4325839,7.95,9589.25,9597.2,329353,118735,0.349,100,Rising
2022-12,2022,Q4,H.E.R.,R&B,Mexico,Americas,1308004,457801,850203,1.92,1064.28,1066.2,93515,26192,0.178,100,Rising
2022-12,2022,Q4,Miley Cyrus,Pop,Mexico,Americas,1804270,631494,1172776,2.85,2369.96,2372.81,86685,66572,0.151,100,Stable
2022-12,2022,Q4,Taylor Swift,Pop,Mexico,Americas,10700715,3745250,6955465,16.41,10726.88,10743.29,563150,522792,0.166,100,Stable
2022-12,2022,Q4,Nicki Minaj,Hip-Hop,Mexico,Americas,4535428,1587399,2948029,6.14,6634.01,6640.15,307784,108814,0.208,100,Stable
2022-12,2022,Q4,Newjeans,K-Pop,Mexico,Americas,2600241,910084,1690157,3.13,2223.01,2226.14,63080,27029,0.163,61,Stable
2022-12,2022,Q4,Bts,K-Pop,Mexico,Americas,1452346,508321,944025,1.78,1327.59,1329.37,41521,33657,0.236,74,Stable
2022-12,2022,Q4,Rema,Afrobeats,Mexico,Americas,4390942,1536829,2854113,6.56,8183.1,8189.66,142900,218592,0.289,89,Rising
2022-12,2022,Q4,Harry Styles,Pop,Mexico,Americas,16142364,5649827,10492537,24.85,19453.5,19478.35,760010,708839,0.248,100,Stable
2022-12,2022,Q4,Martin Garrix,Electronic,Colombia,Americas,6293503,1888050,4405453,5.88,7633.62,7639.5,312198,78788,0.336,100,Rising
2022-12,2022,Q4,Fred Again..,Electronic,Colombia,Americas,163229,48968,114261,0.19,170.76,170.95,11350,3671,0.153,54,Declining
2022-12,2022,Q4,Calvin Harris,Electronic,Colombia,Americas,4680499,1404149,3276350,4.19,7799.24,7803.43,121218,68416,0.281,63,Rising
2022-12,2022,Q4,Blackpink,K-Pop,Colombia,Americas,5570225,1671067,3899158,5.43,8627.26,8632.69,283105,87976,0.28,100,Rising
2022-12,2022,Q4,Giveon,R&B,Colombia,Americas,1225134,367540,857594,1.21,2069.48,2070.69,88472,50709,0.223,100,Rising
2022-12,2022,Q4,Stray Kids,K-Pop,Colombia,Americas,4546419,1363925,3182494,4.17,4924.15,4928.32,116134,137903,0.198,66,Declining
2022-12,2022,Q4,Doja Cat,Pop,Colombia,Americas,3258651,977595,2281056,3.26,4925.39,4928.65,208574,40817,0.24,100,Stable
2022-12,2022,Q4,Taylor Swift,Pop,Colombia,Americas,15816413,4744923,11071490,18.15,31326.83,31344.98,481515,722805,0.112,100,Stable
2022-12,2022,Q4,Arctic Monkeys,Rock,Colombia,Americas,6304272,1891281,4412991,7.03,11580.61,11587.64,261720,105332,0.105,100,Rising
2022-12,2022,Q4,Coldplay,Rock,Colombia,Americas,3252808,975842,2276966,3.34,4720.7,4724.04,119611,53744,0.21,88,Stable
2022-12,2022,Q4,Karol G,Latin,Colombia,Americas,13529702,4058910,9470792,15.03,12033.77,12048.8,755911,567680,0.241,100,Rising
2022-12,2022,Q4,Brent Faiyaz,R&B,Colombia,Americas,1483703,445110,1038593,1.55,2123.06,2124.61,46952,55756,0.324,100,Rising
2022-12,2022,Q4,Aespa,K-Pop,Nigeria,Africa,930988,167577,763411,0.53,1254.91,1255.44,64153,29791,0.315,77,Rising
2022-12,2022,Q4,Giveon,R&B,Nigeria,Africa,5025690,904624,4121066,3.03,4698.92,4701.95,181511,81323,0.224,100,Rising
2022-12,2022,Q4,Lil Baby,Hip-Hop,Nigeria,Africa,926833,166829,760004,0.47,2121.26,2121.73,42216,38547,0.144,100,Declining
2022-12,2022,Q4,Arctic Monkeys,Rock,Nigeria,Africa,2801357,504244,2297113,1.37,6187.5,6188.87,65751,28730,0.123,100,Rising
2022-12,2022,Q4,Burna Boy,Afrobeats,Nigeria,Africa,9631900,1733742,7898158,4.67,19429.44,19434.11,299270,229870,0.259,100,Rising
2022-12,2022,Q4,Doja Cat,Pop,Nigeria,Africa,1629355,293283,1336072,0.91,3022.35,3023.26,106601,31089,0.259,100,Stable
2022-12,2022,Q4,Newjeans,K-Pop,Nigeria,Africa,573881,103298,470583,0.34,1313.8,1314.14,21215,10108,0.087,66,Stable
2022-12,2022,Q4,Rauw Alejandro,Latin,Nigeria,Africa,1198161,215668,982493,0.72,1651.51,1652.23,32063,35899,0.087,71,Stable
2022-12,2022,Q4,The Weeknd,R&B/Pop,South Africa,Africa,2866281,802558,2063723,3.48,2528.05,2531.53,181876,72879,0.1,100,Rising
2022-12,2022,Q4,Brent Faiyaz,R&B,South Africa,Africa,2234114,625551,1608563,2.58,3227.75,3230.33,52834,47198,0.35,100,Rising
2022-12,2022,Q4,Aespa,K-Pop,South Africa,Africa,2383446,667364,1716082,2.5,2610.88,2613.38,175058,52896,0.256,81,Rising
2022-12,2022,Q4,Miley Cyrus,Pop,South Africa,Africa,2841968,795751,2046217,3.1,5091.32,5094.42,221529,54475,0.119,100,Stable
2022-12,2022,Q4,21 Savage,Hip-Hop,South Africa,Africa,2292569,641919,1650650,2.72,1898.67,1901.39,89588,33545,0.336,96,Declining
2022-12,2022,Q4,Travis Scott,Hip-Hop,South Africa,Africa,343212,96099,247113,0.37,540.98,541.35,15512,5532,0.207,100,Declining
2022-12,2022,Q4,Calvin Harris,Electronic,South Africa,Africa,607233,170025,437208,0.58,615.2,615.78,20111,22329,0.157,75,Rising
2022-12,2022,Q4,H.E.R.,R&B,South Africa,Africa,1809703,506716,1302987,2.2,1522.45,1524.65,93187,33218,0.098,100,Rising
2022-12,2022,Q4,J. Cole,Hip-Hop,South Africa,Africa,4129595,1156286,2973309,5.23,3390.16,3395.39,234886,48291,0.255,100,Stable
2022-12,2022,Q4,Lil Baby,Hip-Hop,Kenya,Africa,435159,65273,369886,0.15,1039.95,1040.1,10098,9719,0.158,98,Declining
2022-12,2022,Q4,J Balvin,Latin,Kenya,Africa,1357580,203637,1153943,0.55,2481.85,2482.4,94320,67168,0.161,51,Rising
2022-12,2022,Q4,Billie Eilish,Pop,Kenya,Africa,443333,66499,376834,0.17,819.95,820.12,17670,12627,0.101,95,Declining
2022-12,2022,Q4,Rema,Afrobeats,Kenya,Africa,1512657,226898,1285759,0.63,1628.77,1629.4,111172,38852,0.231,100,Rising
2022-12,2022,Q4,Giveon,R&B,Kenya,Africa,3092834,463925,2628909,1.31,6998.94,7000.25,97401,72188,0.212,100,Rising
2022-12,2022,Q4,Bts,K-Pop,Kenya,Africa,1055271,158290,896981,0.45,1970.82,1971.27,76665,52730,0.309,79,Stable
2022-12,2022,Q4,Imagine Dragons,Rock,Kenya,Africa,2701009,405151,2295858,1.04,6542.38,6543.42,91055,80351,0.319,84,Stable
2022-12,2022,Q4,21 Savage,Hip-Hop,Kenya,Africa,3031220,454683,2576537,1.18,3915.72,3916.9,95223,85941,0.246,98,Declining
2022-12,2022,Q4,Post Malone,Hip-Hop,Kenya,Africa,1893429,284014,1609415,0.79,2516.25,2517.04,110977,48752,0.222,100,Declining
2022-12,2022,Q4,Wizkid,Afrobeats,Kenya,Africa,785822,117873,667949,0.29,1799.09,1799.38,62336,10122,0.092,100,Rising
2022-12,2022,Q4,Disclosure,Electronic,Ghana,Africa,729722,102161,627561,0.24,673.12,673.36,24426,33728,0.227,78,Rising
2022-12,2022,Q4,Brent Faiyaz,R&B,Ghana,Africa,2466080,345251,2120829,0.9,4229.35,4230.25,83992,43770,0.14,100,Rising
2022-12,2022,Q4,Dua Lipa,Pop,Ghana,Africa,2962650,414771,2547879,0.96,2679.87,2680.83,144800,56313,0.192,100,Rising
2022-12,2022,Q4,Billie Eilish,Pop,Ghana,Africa,1081146,151360,929786,0.4,2609.37,2609.77,55917,33738,0.323,100,Declining
2022-12,2022,Q4,J Balvin,Latin,Ghana,Africa,390067,54609,335458,0.14,785.64,785.78,21798,6898,0.14,53,Rising
2022-12,2022,Q4,Bad Bunny,Latin,Ghana,Africa,445237,62333,382904,0.15,599.11,599.26,13769,14828,0.246,57,Stable
2022-12,2022,Q4,Fred Again..,Electronic,Ghana,Africa,1636558,229118,1407440,0.54,3708.03,3708.57,96712,44118,0.142,48,Declining
2022-12,2022,Q4,Coldplay,Rock,Ghana,Africa,273760,38326,235434,0.08,347.51,347.59,19231,12136,0.18,52,Stable
2022-12,2022,Q4,Harry Styles,Pop,Japan,Asia,12145970,7287582,4858388,76.99,12987.08,13064.07,458055,260018,0.294,100,Stable
2022-12,2022,Q4,Martin Garrix,Electronic,Japan,Asia,2178815,1307289,871526,11.13,1380.89,1392.02,112941,32372,0.081,100,Rising
2022-12,2022,Q4,Taylor Swift,Pop,Japan,Asia,4542217,2725330,1816887,24.57,3416.23,3440.8,258585,58192,0.336,100,Stable
2022-12,2022,Q4,Frank Ocean,R&B,Japan,Asia,4340167,2604100,1736067,26.2,3797.92,3824.12,326444,152429,0.317,77,Rising
2022-12,2022,Q4,Drake,Hip-Hop,Japan,Asia,661523,396913,264610,3.73,438.24,441.97,29294,28383,0.24,79,Stable
2022-12,2022,Q4,Billie Eilish,Pop,Japan,Asia,3351077,2010646,1340431,21.12,1633.1,1654.22,198565,114874,0.208,100,Declining
2022-12,2022,Q4,Stray Kids,K-Pop,Japan,Asia,10386723,6232033,4154690,63.78,10293.74,10357.52,675027,163647,0.107,100,Declining
2022-12,2022,Q4,Rauw Alejandro,Latin,Japan,Asia,6953190,4171914,2781276,43.32,5664.89,5708.21,519354,160188,0.122,100,Stable
2022-12,2022,Q4,Davido,Afrobeats,Japan,Asia,1213411,728046,485365,6.43,508.38,514.81,62149,60099,0.3,100,Rising
2022-12,2022,Q4,Imagine Dragons,Rock,Japan,Asia,181611,108966,72645,0.99,103.94,104.93,9490,7868,0.167,83,Stable
2022-12,2022,Q4,The Weeknd,R&B/Pop,Japan,Asia,5263316,3157989,2105327,28.7,2120.5,2149.2,352120,199853,0.115,100,Rising
2022-12,2022,Q4,Dua Lipa,Pop,South Korea,Asia,2179056,1198480,980576,9.24,2743.01,2752.25,75477,46698,0.113,100,Rising
2022-12,2022,Q4,Post Malone,Hip-Hop,South Korea,Asia,5882683,3235475,2647208,25.38,7341.31,7366.69,376747,215984,0.207,73,Declining
2022-12,2022,Q4,Nicki Minaj,Hip-Hop,South Korea,Asia,5885800,3237190,2648610,25.0,5635.28,5660.28,190019,274480,0.329,96,Stable
2022-12,2022,Q4,Frank Ocean,R&B,South Korea,Asia,506947,278820,228127,2.27,403.83,406.1,13569,24267,0.223,75,Rising
2022-12,2022,Q4,Imagine Dragons,Rock,South Korea,Asia,1813701,997535,816166,8.21,1196.33,1204.54,65004,81556,0.111,85,Stable
2022-12,2022,Q4,Blackpink,K-Pop,South Korea,Asia,19397207,10668463,8728744,97.6,14033.86,14131.46,764704,961863,0.116,100,Rising
2022-12,2022,Q4,Lil Baby,Hip-Hop,South Korea,Asia,569489,313218,256271,2.38,321.01,323.39,23176,21028,0.153,51,Declining
2022-12,2022,Q4,Brent Faiyaz,R&B,South Korea,Asia,432814,238047,194767,1.93,421.36,423.29,30893,9666,0.302,62,Rising
2022-12,2022,Q4,Olivia Rodrigo,Pop,South Korea,Asia,3138678,1726272,1412406,12.14,1529.61,1541.75,112754,53844,0.255,100,Rising
2022-12,2022,Q4,Disclosure,Electronic,South Korea,Asia,8132460,4472853,3659607,34.05,3826.54,3860.59,295493,361733,0.09,100,Rising
2022-12,2022,Q4,Arctic Monkeys,Rock,South Korea,Asia,3625897,1994243,1631654,17.55,3664.93,3682.48,232802,86891,0.335,100,Rising
2022-12,2022,Q4,Sza,R&B,South Korea,Asia,1931580,1062369,869211,8.14,2015.91,2024.05,76891,70059,0.146,77,Stable
2022-12,2022,Q4,Kendrick Lamar,Hip-Hop,India,Asia,4942466,1087342,3855124,1.97,9976.59,9978.56,380025,225594,0.167,100,Rising
2022-12,2022,Q4,Tyla,Afrobeats,India,Asia,4192525,922355,3270170,1.67,8297.49,8299.16,222653,111291,0.251,100,Rising
2022-12,2022,Q4,Doja Cat,Pop,India,Asia,9157271,2014599,7142672,4.51,12976.62,12981.13,440590,401230,0.244,100,Stable
2022-12,2022,Q4,Nicki Minaj,Hip-Hop,India,Asia,1815812,399478,1416334,0.69,1959.08,1959.77,65485,38663,0.261,96,Stable
2022-12,2022,Q4,Twenty One Pilots,Rock,India,Asia,2061858,453608,1608250,0.83,4453.47,4454.3,137005,26768,0.305,54,Stable
2022-12,2022,Q4,Miley Cyrus,Pop,India,Asia,789832,173763,616069,0.36,1383.47,1383.83,22768,25076,0.184,100,Stable
2022-12,2022,Q4,J Balvin,Latin,India,Asia,3755069,826115,2928954,1.63,8092.7,8094.33,278653,136579,0.278,67,Rising
2022-12,2022,Q4,Olivia Rodrigo,Pop,India,Asia,7863632,1729999,6133633,3.07,10847.09,10850.16,211941,141613,0.094,100,Rising
2022-12,2022,Q4,Drake,Hip-Hop,Indonesia,Asia,411388,82277,329111,0.23,517.11,517.34,27748,9289,0.293,77,Stable
2022-12,2022,Q4,Imagine Dragons,Rock,Indonesia,Asia,5637068,1127413,4509655,3.09,7377.85,7380.94,227346,225844,0.292,75,Stable
2022-12,2022,Q4,21 Savage,Hip-Hop,Indonesia,Asia,3195075,639015,2556060,1.75,2907.96,2909.71,215371,132056,0.115,60,Declining
2022-12,2022,Q4,Giveon,R&B,Indonesia,Asia,5741418,1148283,4593135,2.68,8570.3,8572.98,283098,72229,0.211,87,Rising
2022-12,2022,Q4,Bad Bunny,Latin,Indonesia,Asia,1583371,316674,1266697,0.82,3496.23,3497.05,55852,17674,0.221,85,Stable
2022-12,2022,Q4,Arctic Monkeys,Rock,Indonesia,Asia,2840165,568033,2272132,1.52,6171.64,6173.16,84377,107064,0.343,100,Rising
2022-12,2022,Q4,Davido,Afrobeats,Indonesia,Asia,6993265,1398653,5594612,3.1,14160.95,14164.05,483492,104872,0.344,100,Rising
2022-12,2022,Q4,Sza,R&B,Indonesia,Asia,4135284,827056,3308228,1.9,7159.07,7160.97,186898,75419,0.194,84,Stable
2022-12,2022,Q4,Ed Sheeran,Pop,Indonesia,Asia,7252883,1450576,5802307,3.75,14012.93,14016.68,532047,156358,0.223,100,Rising
2022-12,2022,Q4,Billie Eilish,Pop,Indonesia,Asia,4996830,999366,3997464,2.69,10296.64,10299.33,110215,231136,0.328,100,Declining
2022-12,2022,Q4,Brent Faiyaz,R&B,Argentina,Latam,1027297,328735,698562,1.1,1270.52,1271.62,68180,26869,0.265,57,Rising
2022-12,2022,Q4,Asake,Afrobeats,Argentina,Latam,140342,44909,95433,0.14,123.91,124.05,7791,3058,0.324,29,Rising
2022-12,2022,Q4,Harry Styles,Pop,Argentina,Latam,5268327,1685864,3582463,5.32,5834.18,5839.5,330463,86746,0.084,100,Stable
2022-12,2022,Q4,The Weeknd,R&B/Pop,Argentina,Latam,334872,107159,227713,0.3,437.09,437.39,15619,9507,0.345,100,Rising
2022-12,2022,Q4,Rauw Alejandro,Latin,Argentina,Latam,14642684,4685658,9957026,14.14,18961.62,18975.76,1070436,348617,0.181,100,Stable
2022-12,2022,Q4,Post Malone,Hip-Hop,Argentina,Latam,2264759,724722,1540037,2.16,3914.51,3916.67,67962,95050,0.207,100,Declining
2022-12,2022,Q4,Olivia Rodrigo,Pop,Argentina,Latam,1534606,491073,1043533,1.84,3069.35,3071.19,109067,34718,0.34,100,Rising
2022-12,2022,Q4,Davido,Afrobeats,Argentina,Latam,1554070,497302,1056768,1.47,1590.02,1591.49,67577,25434,0.295,49,Rising
2022-12,2022,Q4,Paramore,Rock,Argentina,Latam,2871564,918900,1952664,2.93,2422.58,2425.51,108042,141090,0.198,77,Stable
2022-12,2022,Q4,Calvin Harris,Electronic,Argentina,Latam,1381612,442115,939497,1.36,1324.94,1326.3,93812,65398,0.102,69,Rising
2022-12,2022,Q4,J Balvin,Latin,Argentina,Latam,6362963,2036148,4326815,7.13,5197.94,5205.07,296916,191728,0.285,100,Rising
2022-12,2022,Q4,Tyla,Afrobeats,Argentina,Latam,672607,215234,457373,0.68,1251.22,1251.9,17213,15717,0.175,41,Rising
2022-12,2022,Q4,Martin Garrix,Electronic,Chile,Latam,2748712,934562,1814150,2.83,2897.93,2900.76,56652,103970,0.247,100,Rising
2022-12,2022,Q4,Lil Baby,Hip-Hop,Chile,Latam,1469672,499688,969984,1.89,1861.84,1863.73,31108,24816,0.28,94,Declining
2022-12,2022,Q4,Peso Pluma,Latin,Chile,Latam,656602,223244,433358,0.69,553.65,554.34,20411,20445,0.343,100,Rising
2022-12,2022,Q4,Stray Kids,K-Pop,Chile,Latam,2221795,755410,1466385,2.54,1694.3,1696.84,97901,75006,0.158,77,Declining
2022-12,2022,Q4,Post Malone,Hip-Hop,Chile,Latam,2606481,886203,1720278,2.74,3113.13,3115.87,58332,54480,0.188,100,Declining
2022-12,2022,Q4,Asake,Afrobeats,Chile,Latam,1103471,375180,728291,1.37,1576.16,1577.53,78184,38933,0.125,30,Rising
2022-12,2022,Q4,Coldplay,Rock,Chile,Latam,397007,134982,262025,0.52,776.95,777.47,24429,9976,0.156,58,Stable
2022-12,2022,Q4,Bad Bunny,Latin,Chile,Latam,12683023,4312227,8370796,16.77,13880.51,13897.28,563344,586602,0.284,100,Stable
2023-01,2023,Q1,Kendrick Lamar,Hip-Hop,Netherlands,Europe,3206847,2180655,1026192,19.79,1096.01,1115.8,146335,106171,0.16,100,Rising
2023-01,2023,Q1,Sza,R&B,Netherlands,Europe,2066999,1405559,661440,15.07,806.1,821.17,91557,87196,0.206,100,Stable
2023-01,2023,Q1,Twenty One Pilots,Rock,Netherlands,Europe,5538047,3765871,1772176,39.1,1788.56,1827.66,311568,154415,0.223,100,Stable
2023-01,2023,Q1,Fred Again..,Electronic,Netherlands,Europe,5288093,3595903,1692190,40.78,3401.4,3442.18,255480,147884,0.17,100,Declining
2023-01,2023,Q1,Bad Bunny,Latin,Netherlands,Europe,4097964,2786615,1311349,26.1,2153.9,2180.0,85688,160614,0.272,84,Stable
2023-01,2023,Q1,Billie Eilish,Pop,Netherlands,Europe,2623653,1784084,839569,18.12,1989.48,2007.6,54204,115056,0.3,100,Declining
2023-01,2023,Q1,Calvin Harris,Electronic,Netherlands,Europe,6784678,4613581,2171097,49.44,4367.52,4416.96,201694,224388,0.326,100,Rising
2023-01,2023,Q1,Burna Boy,Afrobeats,Netherlands,Europe,1058394,719707,338687,7.98,577.2,585.18,49567,26702,0.113,99,Rising
2023-01,2023,Q1,21 Savage,Hip-Hop,Netherlands,Europe,3480392,2366666,1113726,23.48,2559.91,2583.39,137774,41804,0.189,80,Declining
2023-01,2023,Q1,Olivia Rodrigo,Pop,Netherlands,Europe,5054642,3437156,1617486,32.96,3085.1,3118.06,316926,240025,0.321,100,Rising
2023-01,2023,Q1,Frank Ocean,R&B,Netherlands,Europe,4809200,3270256,1538944,34.52,1948.98,1983.5,241055,198295,0.139,95,Rising
2023-01,2023,Q1,Miley Cyrus,Pop,United Kingdom,Europe,6708158,4360302,2347856,44.73,3169.75,3214.48,407735,198588,0.11,100,Stable
2023-01,2023,Q1,Bad Bunny,Latin,United Kingdom,Europe,765951,497868,268083,5.01,745.49,750.5,15464,16302,0.225,79,Stable
2023-01,2023,Q1,H.E.R.,R&B,United Kingdom,Europe,1104685,718045,386640,6.85,997.02,1003.87,28690,20106,0.08,88,Rising
2023-01,2023,Q1,Martin Garrix,Electronic,United Kingdom,Europe,5775285,3753935,2021350,40.27,2362.85,2403.12,372259,213778,0.156,100,Rising
2023-01,2023,Q1,Brent Faiyaz,R&B,United Kingdom,Europe,3622756,2354791,1267965,25.76,2447.97,2473.73,272082,150583,0.158,77,Rising
2023-01,2023,Q1,Giveon,R&B,United Kingdom,Europe,1757305,1142248,615057,11.78,1035.44,1047.22,69880,65878,0.31,99,Rising
2023-01,2023,Q1,Tyla,Afrobeats,United Kingdom,Europe,4911093,3192210,1718883,32.7,1849.84,1882.54,356775,107414,0.349,100,Rising
2023-01,2023,Q1,Rema,Afrobeats,United Kingdom,Europe,4318442,2806987,1511455,24.98,1950.01,1974.99,283794,208473,0.26,89,Rising
2023-01,2023,Q1,The Weeknd,R&B/Pop,United Kingdom,Europe,2708465,1760502,947963,19.8,1669.87,1689.67,137929,77583,0.318,100,Rising
2023-01,2023,Q1,Billie Eilish,Pop,United Kingdom,Europe,7592367,4935038,2657329,55.97,6090.5,6146.47,460506,107169,0.208,100,Declining
2023-01,2023,Q1,Wizkid,Afrobeats,Germany,Europe,2508792,1756154,752638,17.6,1745.74,1763.34,134977,32057,0.241,96,Rising
2023-01,2023,Q1,Peso Pluma,Latin,Germany,Europe,4646768,3252737,1394031,31.18,2229.52,2260.7,285194,125317,0.142,86,Rising
2023-01,2023,Q1,Rema,Afrobeats,Germany,Europe,1896972,1327880,569092,14.79,614.89,629.68,142902,33865,0.319,88,Rising
2023-01,2023,Q1,Lil Baby,Hip-Hop,Germany,Europe,1306267,914386,391881,8.25,1111.41,1119.66,45368,25819,0.3,66,Declining
2023-01,2023,Q1,The Weeknd,R&B/Pop,Germany,Europe,2558216,1790751,767465,19.66,993.84,1013.5,135227,98362,0.312,100,Rising
2023-01,2023,Q1,Ed Sheeran,Pop,Germany,Europe,9102247,6371572,2730675,61.42,6367.09,6428.51,280840,257729,0.217,100,Rising
2023-01,2023,Q1,Billie Eilish,Pop,Germany,Europe,1681800,1177260,504540,12.17,1200.48,1212.65,106262,54363,0.14,100,Declining
2023-01,2023,Q1,Kendrick Lamar,Hip-Hop,Germany,Europe,5757794,4030455,1727339,42.05,1769.19,1811.24,229968,148208,0.205,100,Rising
2023-01,2023,Q1,Peso Pluma,Latin,Sweden,Europe,2859396,2058765,800631,22.43,1736.08,1758.51,165929,110633,0.085,84,Rising
2023-01,2023,Q1,Coldplay,Rock,Sweden,Europe,4844635,3488137,1356498,31.38,4023.9,4055.28,375843,157814,0.348,100,Stable
2023-01,2023,Q1,Giveon,R&B,Sweden,Europe,5877560,4231843,1645717,41.35,4914.14,4955.49,182145,109203,0.158,100,Rising
2023-01,2023,Q1,Newjeans,K-Pop,Sweden,Europe,642960,462931,180029,5.04,367.28,372.32,50303,24319,0.335,70,Stable
2023-01,2023,Q1,Karol G,Latin,Sweden,Europe,1675744,1206535,469209,11.09,1380.02,1391.11,73235,77163,0.342,91,Rising
2023-01,2023,Q1,The Weeknd,R&B/Pop,Sweden,Europe,4956397,3568605,1387792,38.86,2787.72,2826.58,386732,186777,0.148,100,Rising
2023-01,2023,Q1,Doja Cat,Pop,Sweden,Europe,7925141,5706101,2219040,53.42,5428.8,5482.22,426267,304682,0.193,100,Stable
2023-01,2023,Q1,Billie Eilish,Pop,Sweden,Europe,7775660,5598475,2177185,63.47,6152.87,6216.34,192141,334420,0.228,100,Declining
2023-01,2023,Q1,Asake,Afrobeats,Sweden,Europe,2802446,2017761,784685,22.1,1604.79,1626.89,143712,69472,0.113,62,Rising
2023-01,2023,Q1,H.E.R.,R&B,Sweden,Europe,1292826,930834,361992,9.63,672.4,682.03,85779,37809,0.293,76,Rising
2023-01,2023,Q1,Martin Garrix,Electronic,Sweden,Europe,8294067,5971728,2322339,71.05,2669.57,2740.62,187321,134878,0.253,100,Rising
2023-01,2023,Q1,Paramore,Rock,France,Europe,7958149,4934052,3024097,44.26,5923.99,5968.25,389076,176547,0.291,100,Stable
2023-01,2023,Q1,Tyla,Afrobeats,France,Europe,2478039,1536384,941655,16.33,1928.9,1945.23,82680,108659,0.301,96,Rising
2023-01,2023,Q1,Bad Bunny,Latin,France,Europe,211786,131307,80479,1.17,123.52,124.69,12889,10435,0.295,89,Stable
2023-01,2023,Q1,Taylor Swift,Pop,France,Europe,3873886,2401809,1472077,24.05,2071.81,2095.86,254868,76140,0.271,100,Stable
2023-01,2023,Q1,Burna Boy,Afrobeats,France,Europe,3047496,1889447,1158049,17.97,1494.03,1512.0,217868,136630,0.085,86,Rising
2023-01,2023,Q1,Karol G,Latin,France,Europe,2021576,1253377,768199,12.98,1720.23,1733.21,145925,66522,0.197,100,Rising
2023-01,2023,Q1,H.E.R.,R&B,France,Europe,270003,167401,102602,1.64,199.13,200.77,9915,6801,0.242,83,Rising
2023-01,2023,Q1,Billie Eilish,Pop,France,Europe,3545111,2197968,1347143,20.49,3260.86,3281.35,204361,37159,0.319,100,Declining
2023-01,2023,Q1,Coldplay,Rock,France,Europe,1561399,968067,593332,8.28,884.55,892.83,92588,19430,0.198,100,Stable
2023-01,2023,Q1,21 Savage,Hip-Hop,France,Europe,2992348,1855255,1137093,20.9,1886.77,1907.67,72866,148905,0.315,73,Declining
2023-01,2023,Q1,Imagine Dragons,Rock,France,Europe,4922611,3052018,1870593,31.22,2413.12,2444.34,107722,72170,0.289,100,Stable
2023-01,2023,Q1,Aespa,K-Pop,France,Europe,2289055,1419214,869841,14.09,1979.54,1993.63,140102,28245,0.193,81,Rising
2023-01,2023,Q1,Sza,R&B,Ireland,Europe,2261558,1447397,814161,14.25,1727.21,1741.46,124532,44390,0.279,86,Stable
2023-01,2023,Q1,Bad Bunny,Latin,Ireland,Europe,4076960,2609254,1467706,22.73,1486.64,1509.37,118391,109736,0.297,74,Stable
2023-01,2023,Q1,Drake,Hip-Hop,Ireland,Europe,318898,204094,114804,2.22,279.17,281.39,12301,3935,0.211,90,Stable
2023-01,2023,Q1,Ed Sheeran,Pop,Ireland,Europe,9399547,6015710,3383837,54.91,8381.26,8436.17,722853,99162,0.199,100,Rising
2023-01,2023,Q1,Lil Baby,Hip-Hop,Ireland,Europe,1874602,1199745,674857,13.22,1217.61,1230.83,128164,27370,0.322,68,Declining
2023-01,2023,Q1,Wizkid,Afrobeats,Ireland,Europe,1396534,893781,502753,9.13,1109.58,1118.71,85486,35947,0.289,100,Rising
2023-01,2023,Q1,Brent Faiyaz,R&B,Ireland,Europe,2712588,1736056,976532,16.96,2561.13,2578.09,163475,28938,0.128,69,Rising
2023-01,2023,Q1,Stray Kids,K-Pop,Ireland,Europe,3787872,2424238,1363634,25.98,1735.51,1761.49,217223,87070,0.203,68,Declining
2023-01,2023,Q1,Miley Cyrus,Pop,Ireland,Europe,3033859,1941669,1092190,21.0,1507.82,1528.82,88461,72530,0.191,100,Stable
2023-01,2023,Q1,Drake,Hip-Hop,Spain,Europe,2923914,1608152,1315762,17.05,2400.41,2417.46,112373,47257,0.307,80,Stable
2023-01,2023,Q1,Rauw Alejandro,Latin,Spain,Europe,1011453,556299,455154,4.99,917.76,922.75,20939,22291,0.332,85,Stable
2023-01,2023,Q1,Lil Baby,Hip-Hop,Spain,Europe,3122990,1717644,1405346,18.41,3106.43,3124.84,235185,51489,0.118,75,Declining
2023-01,2023,Q1,Karol G,Latin,Spain,Europe,1117825,614803,503022,5.66,622.77,628.43,49821,32012,0.126,72,Rising
2023-01,2023,Q1,Wizkid,Afrobeats,Spain,Europe,5885143,3236828,2648315,35.97,3164.99,3200.96,302970,120858,0.181,100,Rising
2023-01,2023,Q1,Blackpink,K-Pop,Spain,Europe,1100812,605446,495366,6.38,1470.42,1476.8,81828,49389,0.162,100,Rising
2023-01,2023,Q1,Olivia Rodrigo,Pop,Spain,Europe,8975253,4936389,4038864,42.34,9614.46,9656.8,499529,141550,0.125,100,Rising
2023-01,2023,Q1,Rema,Afrobeats,Spain,Europe,864729,475600,389129,4.17,965.32,969.49,58766,33738,0.135,86,Rising
2023-01,2023,Q1,21 Savage,Hip-Hop,Italy,Europe,2743520,1426630,1316890,12.85,3484.49,3497.34,186286,112743,0.205,84,Declining
2023-01,2023,Q1,Giveon,R&B,Italy,Europe,2190230,1138919,1051311,12.88,1431.62,1444.5,68135,36216,0.293,100,Rising
2023-01,2023,Q1,Martin Garrix,Electronic,Italy,Europe,7928338,4122735,3805603,38.07,4508.55,4546.62,329760,166243,0.218,100,Rising
2023-01,2023,Q1,Stray Kids,K-Pop,Italy,Europe,3972761,2065835,1906926,20.56,4305.39,4325.95,232530,119970,0.118,78,Declining
2023-01,2023,Q1,Paramore,Rock,Italy,Europe,6132422,3188859,2943563,32.21,5878.24,5910.45,191571,216790,0.239,100,Stable
2023-01,2023,Q1,Calvin Harris,Electronic,Italy,Europe,3184028,1655694,1528334,17.01,2162.68,2179.69,103480,67019,0.272,100,Rising
2023-01,2023,Q1,Travis Scott,Hip-Hop,Italy,Europe,1436886,747180,689706,8.39,1715.58,1723.97,62792,19844,0.149,100,Declining
2023-01,2023,Q1,Bts,K-Pop,Italy,Europe,1798748,935348,863400,8.47,2256.67,2265.14,65723,41749,0.192,72,Stable
2023-01,2023,Q1,The Weeknd,R&B/Pop,Italy,Europe,3550013,1846006,1704007,20.18,4496.14,4516.32,241041,49859,0.296,96,Rising
2023-01,2023,Q1,Ed Sheeran,Pop,Italy,Europe,10075209,5239108,4836101,54.92,5266.27,5321.19,676919,468583,0.211,100,Rising
2023-01,2023,Q1,Taylor Swift,Pop,United States,Americas,4498156,2608930,1889226,25.81,4759.27,4785.08,183049,69284,0.165,100,Stable
2023-01,2023,Q1,J Balvin,Latin,United States,Americas,8990911,5214728,3776183,57.84,11093.47,11151.31,667021,274043,0.325,100,Rising
2023-01,2023,Q1,Davido,Afrobeats,United States,Americas,2810776,1630250,1180526,16.56,3328.49,3345.05,58502,89803,0.123,95,Rising
2023-01,2023,Q1,Calvin Harris,Electronic,United States,Americas,3906561,2265805,1640756,22.59,3716.42,3739.01,207560,130597,0.162,71,Rising
2023-01,2023,Q1,Bad Bunny,Latin,United States,Americas,770860,447098,323762,4.23,690.51,694.74,56445,17675,0.147,100,Stable
2023-01,2023,Q1,H.E.R.,R&B,United States,Americas,9663962,5605097,4058865,55.11,10039.37,10094.48,429018,120875,0.316,100,Rising
2023-01,2023,Q1,Peso Pluma,Latin,United States,Americas,4487386,2602683,1884703,28.75,3103.17,3131.92,328724,165164,0.35,100,Rising
2023-01,2023,Q1,Fred Again..,Electronic,United States,Americas,2357842,1367548,990294,13.99,1815.78,1829.77,169189,50325,0.327,52,Declining
2023-01,2023,Q1,Rauw Alejandro,Latin,United States,Americas,8897420,5160503,3736917,63.0,4555.35,4618.35,591155,295744,0.313,100,Stable
2023-01,2023,Q1,Paramore,Rock,United States,Americas,2365050,1371729,993321,12.83,2026.73,2039.56,78115,93986,0.092,100,Stable
2023-01,2023,Q1,Wizkid,Afrobeats,Brazil,Americas,1797457,683033,1114424,3.05,2519.5,2522.55,37498,78941,0.275,100,Rising
2023-01,2023,Q1,Tyla,Afrobeats,Brazil,Americas,5967275,2267564,3699711,12.84,8795.89,8808.73,459986,193904,0.339,100,Rising
2023-01,2023,Q1,Paramore,Rock,Brazil,Americas,2633493,1000727,1632766,5.59,2694.84,2700.43,168458,103908,0.085,96,Stable
2023-01,2023,Q1,Frank Ocean,R&B,Brazil,Americas,648265,246340,401925,1.12,998.12,999.24,18703,12263,0.195,100,Rising
2023-01,2023,Q1,Travis Scott,Hip-Hop,Brazil,Americas,9223723,3505014,5718709,18.95,9142.35,9161.3,301259,298217,0.191,100,Declining
2023-01,2023,Q1,Blackpink,K-Pop,Brazil,Americas,2113928,803292,1310636,3.84,2163.91,2167.75,76215,67184,0.297,100,Rising
2023-01,2023,Q1,Giveon,R&B,Brazil,Americas,13481031,5122791,8358240,26.15,23350.04,23376.19,911100,653858,0.142,100,Rising
2023-01,2023,Q1,Kendrick Lamar,Hip-Hop,Brazil,Americas,7215402,2741852,4473550,13.18,12352.58,12365.76,459806,102219,0.305,100,Rising
2023-01,2023,Q1,J Balvin,Latin,Brazil,Americas,7933519,3014737,4918782,15.66,11437.16,11452.82,514084,307898,0.258,100,Rising
2023-01,2023,Q1,Burna Boy,Afrobeats,Mexico,Americas,619732,216906,402826,0.8,544.03,544.83,43979,11475,0.281,86,Rising
2023-01,2023,Q1,Frank Ocean,R&B,Mexico,Americas,7879363,2757777,5121586,11.49,15004.86,15016.35,418487,238510,0.166,100,Rising
2023-01,2023,Q1,Martin Garrix,Electronic,Mexico,Americas,5122968,1793038,3329930,6.47,9949.91,9956.38,145161,165850,0.26,100,Rising
2023-01,2023,Q1,Stray Kids,K-Pop,Mexico,Americas,4694024,1642908,3051116,5.68,7572.03,7577.71,124887,172692,0.29,73,Declining
2023-01,2023,Q1,Imagine Dragons,Rock,Mexico,Americas,6493923,2272873,4221050,9.59,6430.71,6440.3,490201,111576,0.324,100,Stable
2023-01,2023,Q1,21 Savage,Hip-Hop,Mexico,Americas,8356119,2924641,5431478,12.36,6655.0,6667.36,415030,239621,0.118,100,Declining
2023-01,2023,Q1,Tyla,Afrobeats,Mexico,Americas,2265864,793052,1472812,2.75,3917.9,3920.65,68551,56398,0.242,93,Rising
2023-01,2023,Q1,Bad Bunny,Latin,Mexico,Americas,3445045,1205765,2239280,5.02,2691.24,2696.26,269757,54721,0.287,100,Stable
2023-01,2023,Q1,Lil Baby,Hip-Hop,Mexico,Americas,885024,309758,575266,1.29,1285.21,1286.5,60094,39857,0.218,100,Declining
2023-01,2023,Q1,J Balvin,Latin,Mexico,Americas,9193509,3217728,5975781,12.28,12007.04,12019.32,506619,455401,0.239,100,Rising
2023-01,2023,Q1,Ariana Grande,Pop,Colombia,Americas,3271172,981351,2289821,3.03,6457.03,6460.06,231554,125387,0.301,100,Stable
2023-01,2023,Q1,Imagine Dragons,Rock,Colombia,Americas,953297,285989,667308,0.96,1776.58,1777.54,63113,46566,0.349,100,Stable
2023-01,2023,Q1,Travis Scott,Hip-Hop,Colombia,Americas,10397733,3119319,7278414,11.57,10482.36,10493.93,395307,497561,0.151,100,Declining
2023-01,2023,Q1,Twenty One Pilots,Rock,Colombia,Americas,5254741,1576422,3678319,5.68,5248.02,5253.7,254673,234005,0.127,73,Stable
2023-01,2023,Q1,Arctic Monkeys,Rock,Colombia,Americas,6041952,1812585,4229367,7.24,9385.98,9393.22,291365,164339,0.235,100,Rising
2023-01,2023,Q1,Kendrick Lamar,Hip-Hop,Colombia,Americas,19067496,5720248,13347248,22.85,38712.08,38734.93,1356239,537036,0.315,100,Rising
2023-01,2023,Q1,Coldplay,Rock,Colombia,Americas,6004053,1801215,4202838,5.69,9275.07,9280.76,140438,206356,0.23,88,Stable
2023-01,2023,Q1,Doja Cat,Pop,Colombia,Americas,12125504,3637651,8487853,14.53,25060.23,25074.76,804396,585137,0.314,100,Stable
2023-01,2023,Q1,Bts,K-Pop,Colombia,Americas,1721883,516564,1205319,1.84,3433.73,3435.57,111450,44108,0.171,70,Stable
2023-01,2023,Q1,Nicki Minaj,Hip-Hop,Colombia,Americas,15914600,4774380,11140220,18.47,28808.89,28827.36,619592,385271,0.093,100,Stable
2023-01,2023,Q1,Burna Boy,Afrobeats,Nigeria,Africa,3055532,549995,2505537,1.49,6748.75,6750.24,165798,107998,0.131,100,Rising
2023-01,2023,Q1,Frank Ocean,R&B,Nigeria,Africa,2717665,489179,2228486,1.6,4861.52,4863.12,123607,90652,0.247,100,Rising
2023-01,2023,Q1,Olivia Rodrigo,Pop,Nigeria,Africa,560617,100911,459706,0.31,632.55,632.86,18274,20614,0.327,100,Rising
2023-01,2023,Q1,Karol G,Latin,Nigeria,Africa,161165,29009,132156,0.1,356.1,356.2,3477,7721,0.275,67,Rising
2023-01,2023,Q1,Sza,R&B,Nigeria,Africa,2547376,458527,2088849,1.41,3652.41,3653.82,186077,93505,0.135,100,Stable
2023-01,2023,Q1,Stray Kids,K-Pop,Nigeria,Africa,144848,26072,118776,0.07,199.94,200.01,4292,5890,0.096,75,Declining
2023-01,2023,Q1,Ed Sheeran,Pop,Nigeria,Africa,1242128,223583,1018545,0.61,1752.08,1752.69,60410,42462,0.261,100,Rising
2023-01,2023,Q1,Martin Garrix,Electronic,Nigeria,Africa,1273295,229193,1044102,0.63,1262.14,1262.77,45849,40021,0.305,98,Rising
2023-01,2023,Q1,Wizkid,Afrobeats,Nigeria,Africa,1842965,331733,1511232,0.85,2055.69,2056.54,74689,35656,0.34,100,Rising
2023-01,2023,Q1,21 Savage,Hip-Hop,Nigeria,Africa,115562,20801,94761,0.07,250.87,250.94,4695,3125,0.15,100,Declining
2023-01,2023,Q1,J. Cole,Hip-Hop,Nigeria,Africa,1791722,322509,1469213,0.92,3998.73,3999.65,41627,88302,0.326,100,Stable
2023-01,2023,Q1,H.E.R.,R&B,South Africa,Africa,1720444,481724,1238720,2.07,1774.48,1776.55,84349,48297,0.276,100,Rising
2023-01,2023,Q1,Rauw Alejandro,Latin,South Africa,Africa,846710,237078,609632,0.82,1563.15,1563.97,27438,18157,0.213,66,Stable
2023-01,2023,Q1,Bad Bunny,Latin,South Africa,Africa,685956,192067,493889,0.73,666.97,667.7,45347,17834,0.217,68,Stable
2023-01,2023,Q1,Olivia Rodrigo,Pop,South Africa,Africa,2402665,672746,1729919,2.63,5104.58,5107.21,158499,54379,0.247,100,Rising
2023-01,2023,Q1,Peso Pluma,Latin,South Africa,Africa,1746006,488881,1257125,1.85,2910.38,2912.23,58996,24788,0.087,66,Rising
2023-01,2023,Q1,Paramore,Rock,South Africa,Africa,931451,260806,670645,1.15,1219.23,1220.38,19870,33022,0.28,66,Stable
2023-01,2023,Q1,Blackpink,K-Pop,South Africa,Africa,2863328,801731,2061597,3.26,5158.38,5161.64,90889,70771,0.084,100,Rising
2023-01,2023,Q1,Twenty One Pilots,Rock,South Africa,Africa,632149,177001,455148,0.68,1324.74,1325.42,27512,19627,0.176,62,Stable
2023-01,2023,Q1,J Balvin,Latin,South Africa,Africa,1149446,321844,827602,1.36,1152.41,1153.77,90679,41164,0.179,65,Rising
2023-01,2023,Q1,Newjeans,K-Pop,Kenya,Africa,177262,26589,150673,0.06,307.52,307.58,14010,5481,0.129,56,Stable
2023-01,2023,Q1,Frank Ocean,R&B,Kenya,Africa,1498828,224824,1274004,0.55,1856.05,1856.6,93217,30118,0.326,100,Rising
2023-01,2023,Q1,Karol G,Latin,Kenya,Africa,1321912,198286,1123626,0.52,1396.92,1397.44,47511,57424,0.324,73,Rising
2023-01,2023,Q1,Arctic Monkeys,Rock,Kenya,Africa,961653,144247,817406,0.37,1834.96,1835.33,33946,18820,0.304,100,Rising
2023-01,2023,Q1,Dua Lipa,Pop,Kenya,Africa,586789,88018,498771,0.19,501.49,501.68,22790,9327,0.139,100,Rising
2023-01,2023,Q1,Rema,Afrobeats,Kenya,Africa,3811110,571666,3239444,1.49,5863.35,5864.84,193479,148833,0.209,100,Rising
2023-01,2023,Q1,Giveon,R&B,Kenya,Africa,1182059,177308,1004751,0.48,1715.32,1715.8,28155,25815,0.167,100,Rising
2023-01,2023,Q1,Paramore,Rock,Kenya,Africa,147801,22170,125631,0.05,296.77,296.82,10724,1782,0.161,74,Stable
2023-01,2023,Q1,Billie Eilish,Pop,Kenya,Africa,135499,20324,115175,0.05,204.95,205.0,6682,3614,0.304,97,Declining
2023-01,2023,Q1,The Weeknd,R&B/Pop,Kenya,Africa,1887313,283096,1604217,0.76,1937.9,1938.66,69292,38507,0.332,100,Rising
2023-01,2023,Q1,21 Savage,Hip-Hop,Kenya,Africa,2186953,328042,1858911,0.84,2986.66,2987.5,141172,100257,0.118,100,Declining
2023-01,2023,Q1,Asake,Afrobeats,Kenya,Africa,3851828,577774,3274054,1.5,7264.91,7266.41,196206,181262,0.221,100,Rising
2023-01,2023,Q1,Disclosure,Electronic,Ghana,Africa,2066512,289311,1777201,0.64,3229.56,3230.2,73467,78412,0.285,87,Rising
2023-01,2023,Q1,Calvin Harris,Electronic,Ghana,Africa,1158275,162158,996117,0.39,2904.51,2904.9,52686,57557,0.28,74,Rising
2023-01,2023,Q1,Dua Lipa,Pop,Ghana,Africa,1500740,210103,1290637,0.5,1666.24,1666.74,69305,54312,0.269,100,Rising
2023-01,2023,Q1,Imagine Dragons,Rock,Ghana,Africa,1244997,174299,1070698,0.34,2175.63,2175.97,69291,30263,0.286,74,Stable
2023-01,2023,Q1,Brent Faiyaz,R&B,Ghana,Africa,1849694,258957,1590737,0.52,1868.67,1869.19,97743,34437,0.312,100,Rising
2023-01,2023,Q1,Sza,R&B,Ghana,Africa,3042881,426003,2616878,0.89,3553.94,3554.83,105021,97595,0.331,100,Stable
2023-01,2023,Q1,J Balvin,Latin,Ghana,Africa,94326,13205,81121,0.03,194.56,194.59,4371,3702,0.33,60,Rising
2023-01,2023,Q1,Davido,Afrobeats,Ghana,Africa,8679506,1215130,7464376,3.16,21545.0,21548.16,225890,414816,0.295,100,Rising
2023-01,2023,Q1,Rauw Alejandro,Latin,Ghana,Africa,1887524,264253,1623271,0.69,2315.99,2316.68,56896,46233,0.327,68,Stable
2023-01,2023,Q1,Taylor Swift,Pop,Japan,Asia,6461422,3876853,2584569,36.68,3046.1,3082.78,418732,283645,0.109,100,Stable
2023-01,2023,Q1,The Weeknd,R&B/Pop,Japan,Asia,2514246,1508547,1005699,15.06,1749.66,1764.72,62316,39036,0.181,100,Rising
2023-01,2023,Q1,J. Cole,Hip-Hop,Japan,Asia,870114,522068,348046,5.48,772.45,777.93,64793,28968,0.126,91,Stable
2023-01,2023,Q1,Post Malone,Hip-Hop,Japan,Asia,285888,171532,114356,1.46,239.5,240.96,17029,13858,0.194,85,Declining
2023-01,2023,Q1,Newjeans,K-Pop,Japan,Asia,12820605,7692363,5128242,75.92,11579.88,11655.8,365984,148505,0.269,100,Stable
2023-01,2023,Q1,Aespa,K-Pop,Japan,Asia,566343,339805,226538,3.36,628.41,631.77,18134,11238,0.337,100,Rising
2023-01,2023,Q1,Coldplay,Rock,Japan,Asia,2964586,1778751,1185835,16.82,2529.99,2546.81,105041,90550,0.282,50,Stable
2023-01,2023,Q1,Twenty One Pilots,Rock,Japan,Asia,109322,65593,43729,0.66,101.71,102.37,4694,2904,0.174,52,Stable
2023-01,2023,Q1,Post Malone,Hip-Hop,South Korea,Asia,1206264,663445,542819,5.69,1388.39,1394.08,51246,48956,0.082,82,Declining
2023-01,2023,Q1,Peso Pluma,Latin,South Korea,Asia,1533392,843365,690027,7.63,1314.64,1322.27,76675,74295,0.204,94,Rising
2023-01,2023,Q1,Rema,Afrobeats,South Korea,Asia,2981191,1639655,1341536,13.39,1442.11,1455.5,126607,97239,0.295,82,Rising
2023-01,2023,Q1,J Balvin,Latin,South Korea,Asia,2383346,1310840,1072506,11.92,1682.68,1694.6,156583,78629,0.269,78,Rising
2023-01,2023,Q1,Bts,K-Pop,South Korea,Asia,7366338,4051485,3314853,32.65,8599.84,8632.49,575304,89957,0.24,100,Stable
2023-01,2023,Q1,Twenty One Pilots,Rock,South Korea,Asia,1299424,714683,584741,6.56,1697.51,1704.07,47170,58144,0.185,57,Stable
2023-01,2023,Q1,Newjeans,K-Pop,South Korea,Asia,13953526,7674439,6279087,65.26,11668.46,11733.72,888248,219763,0.124,100,Stable
2023-01,2023,Q1,Miley Cyrus,Pop,South Korea,Asia,4486794,2467736,2019058,21.5,2962.24,2983.74,215840,209256,0.238,100,Stable
2023-01,2023,Q1,Asake,Afrobeats,South Korea,Asia,3031071,1667089,1363982,13.74,1792.99,1806.73,223963,86701,0.179,56,Rising
2023-01,2023,Q1,Doja Cat,Pop,South Korea,Asia,6084636,3346549,2738087,24.93,7058.85,7083.78,433664,284925,0.124,100,Stable
2023-01,2023,Q1,Blackpink,K-Pop,South Korea,Asia,14848052,8166428,6681624,73.87,16294.11,16367.98,352485,373420,0.103,100,Rising
2023-01,2023,Q1,The Weeknd,R&B/Pop,South Korea,Asia,3370634,1853848,1516786,16.56,3388.32,3404.88,174050,77607,0.146,100,Rising
2023-01,2023,Q1,Karol G,Latin,India,Asia,2937160,646175,2290985,1.15,4461.3,4462.45,221153,146714,0.148,93,Rising
2023-01,2023,Q1,Billie Eilish,Pop,India,Asia,5615550,1235421,4380129,2.53,9561.91,9564.44,318117,217622,0.165,100,Declining
2023-01,2023,Q1,Ariana Grande,Pop,India,Asia,2113650,465003,1648647,0.83,2689.83,2690.66,151038,97021,0.245,100,Stable
2023-01,2023,Q1,Miley Cyrus,Pop,India,Asia,5511835,1212603,4299232,2.72,8103.1,8105.82,375645,259537,0.343,100,Stable
2023-01,2023,Q1,Asake,Afrobeats,India,Asia,3798554,835681,2962873,1.82,6430.41,6432.23,252185,108262,0.135,55,Rising
2023-01,2023,Q1,Wizkid,Afrobeats,India,Asia,1682663,370185,1312478,0.67,2457.76,2458.43,78285,35294,0.116,100,Rising
2023-01,2023,Q1,Davido,Afrobeats,India,Asia,1836509,404031,1432478,0.77,2314.0,2314.77,59878,31067,0.253,100,Rising
2023-01,2023,Q1,Bts,K-Pop,India,Asia,4442006,977241,3464765,1.9,4340.02,4341.92,187888,149230,0.27,100,Stable
2023-01,2023,Q1,Nicki Minaj,Hip-Hop,India,Asia,3363857,740048,2623809,1.52,6025.0,6026.52,251065,88856,0.225,100,Stable
2023-01,2023,Q1,Aespa,K-Pop,India,Asia,4764039,1048088,3715951,2.13,7332.82,7334.95,294820,123055,0.114,100,Rising
2023-01,2023,Q1,Asake,Afrobeats,Indonesia,Asia,282058,56411,225647,0.16,328.31,328.47,12566,4568,0.225,61,Rising
2023-01,2023,Q1,Blackpink,K-Pop,Indonesia,Asia,1162133,232426,929707,0.53,1852.32,1852.85,72422,34168,0.124,100,Rising
2023-01,2023,Q1,The Weeknd,R&B/Pop,Indonesia,Asia,1383995,276799,1107196,0.78,2166.99,2167.77,55945,54903,0.317,100,Rising
2023-01,2023,Q1,Peso Pluma,Latin,Indonesia,Asia,4488654,897730,3590924,1.94,9290.95,9292.89,207106,76826,0.101,86,Rising
2023-01,2023,Q1,Frank Ocean,R&B,Indonesia,Asia,3330883,666176,2664707,1.74,3282.56,3284.3,144032,116588,0.159,69,Rising
2023-01,2023,Q1,Tyla,Afrobeats,Indonesia,Asia,4563913,912782,3651131,2.5,8455.02,8457.52,108946,117031,0.155,91,Rising
2023-01,2023,Q1,Olivia Rodrigo,Pop,Indonesia,Asia,8633238,1726647,6906591,4.05,17671.3,17675.35,339802,234832,0.209,100,Rising
2023-01,2023,Q1,Wizkid,Afrobeats,Indonesia,Asia,5615888,1123177,4492711,2.99,13002.89,13005.88,197538,222878,0.095,100,Rising
2023-01,2023,Q1,Dua Lipa,Pop,Indonesia,Asia,5186023,1037204,4148819,2.21,11600.26,11602.47,232238,99674,0.217,100,Rising
2023-01,2023,Q1,Ariana Grande,Pop,Indonesia,Asia,428918,85783,343135,0.19,779.42,779.61,31486,19935,0.294,100,Stable
2023-01,2023,Q1,Doja Cat,Pop,Indonesia,Asia,3279348,655869,2623479,1.76,5528.58,5530.34,131653,152255,0.273,100,Stable
2023-01,2023,Q1,Disclosure,Electronic,Argentina,Latam,2671233,854794,1816439,2.41,5228.29,5230.7,60370,92373,0.267,76,Rising
2023-01,2023,Q1,The Weeknd,R&B/Pop,Argentina,Latam,882912,282531,600381,0.9,729.0,729.9,58060,38818,0.239,91,Rising
2023-01,2023,Q1,Sza,R&B,Argentina,Latam,2157151,690288,1466863,2.49,2164.25,2166.74,140287,97384,0.259,65,Stable
2023-01,2023,Q1,Drake,Hip-Hop,Argentina,Latam,480542,153773,326769,0.54,564.44,564.98,32443,10881,0.148,100,Stable
2023-01,2023,Q1,21 Savage,Hip-Hop,Argentina,Latam,2783878,890840,1893038,2.98,3467.42,3470.4,204053,81567,0.302,93,Declining
2023-01,2023,Q1,Aespa,K-Pop,Argentina,Latam,2211139,707564,1503575,2.51,4113.0,4115.51,96147,23311,0.149,89,Rising
2023-01,2023,Q1,Kendrick Lamar,Hip-Hop,Argentina,Latam,680037,217611,462426,0.68,1111.0,1111.68,39970,11652,0.342,100,Rising
2023-01,2023,Q1,Coldplay,Rock,Argentina,Latam,105200,33664,71536,0.12,126.1,126.22,4295,4592,0.09,57,Stable
2023-01,2023,Q1,Frank Ocean,R&B,Argentina,Latam,688497,220319,468178,0.75,583.11,583.86,35005,34014,0.144,82,Rising
2023-01,2023,Q1,Davido,Afrobeats,Argentina,Latam,350919,112294,238625,0.35,396.7,397.05,8502,7489,0.274,53,Rising
2023-01,2023,Q1,Rauw Alejandro,Latin,Chile,Latam,7891387,2683071,5208316,9.69,10439.94,10449.63,165844,363034,0.303,100,Stable
2023-01,2023,Q1,Bts,K-Pop,Chile,Latam,229950,78183,151767,0.27,233.63,233.9,9980,6313,0.261,68,Stable
2023-01,2023,Q1,Post Malone,Hip-Hop,Chile,Latam,564296,191860,372436,0.65,715.01,715.66,33502,11530,0.086,100,Declining
2023-01,2023,Q1,J Balvin,Latin,Chile,Latam,5493801,1867892,3625909,7.04,4399.61,4406.65,412298,251687,0.325,100,Rising
2023-01,2023,Q1,Martin Garrix,Electronic,Chile,Latam,3325107,1130536,2194571,3.8,4172.87,4176.67,186171,103114,0.205,100,Rising
2023-01,2023,Q1,Kendrick Lamar,Hip-Hop,Chile,Latam,5377516,1828355,3549161,6.79,4078.35,4085.14,263355,157895,0.164,100,Rising
2023-01,2023,Q1,Fred Again..,Electronic,Chile,Latam,990583,336798,653785,1.17,1789.53,1790.7,70740,42228,0.097,49,Declining
2023-01,2023,Q1,Sza,R&B,Chile,Latam,2348173,798378,1549795,2.4,4570.92,4573.32,48982,113715,0.304,87,Stable
2023-01,2023,Q1,Brent Faiyaz,R&B,Chile,Latam,2153341,732135,1421206,2.64,3528.15,3530.79,59974,90235,0.136,62,Rising
2023-01,2023,Q1,Frank Ocean,R&B,Chile,Latam,347578,118176,229402,0.4,637.89,638.29,7144,17048,0.249,75,Rising
2023-01,2023,Q1,Doja Cat,Pop,Chile,Latam,209745,71313,138432,0.28,250.92,251.2,5808,3975,0.279,100,Stable
2023-01,2023,Q1,Travis Scott,Hip-Hop,Chile,Latam,1348979,458652,890327,1.72,1790.97,1792.69,100042,44579,0.201,100,Declining
2023-02,2023,Q1,Twenty One Pilots,Rock,Netherlands,Europe,2842646,1932999,909647,19.7,1847.09,1866.79,60887,135268,0.254,100,Stable
2023-02,2023,Q1,Rauw Alejandro,Latin,Netherlands,Europe,139946,95163,44783,1.0,118.29,119.29,10726,5087,0.209,80,Stable
2023-02,2023,Q1,Bad Bunny,Latin,Netherlands,Europe,3272658,2225407,1047251,20.78,1158.65,1179.43,242207,127662,0.349,76,Stable
2023-02,2023,Q1,Taylor Swift,Pop,Netherlands,Europe,10034895,6823728,3211167,72.31,7152.41,7224.72,387980,420545,0.11,100,Stable
2023-02,2023,Q1,Nicki Minaj,Hip-Hop,Netherlands,Europe,5530336,3760628,1769708,42.94,4424.11,4467.05,205036,148203,0.184,100,Stable
2023-02,2023,Q1,Sza,R&B,Netherlands,Europe,953050,648074,304976,6.87,360.1,366.97,23688,14727,0.232,87,Stable
2023-02,2023,Q1,Lil Baby,Hip-Hop,Netherlands,Europe,2643546,1797611,845935,17.08,2476.93,2494.01,56351,107720,0.341,72,Declining
2023-02,2023,Q1,Olivia Rodrigo,Pop,Netherlands,Europe,3310778,2251329,1059449,24.26,2894.79,2919.05,186008,141158,0.164,100,Rising
2023-02,2023,Q1,Imagine Dragons,Rock,Netherlands,Europe,281274,191266,90008,1.96,101.08,103.04,13564,4281,0.273,100,Stable
2023-02,2023,Q1,The Weeknd,R&B/Pop,Netherlands,Europe,4801078,3264733,1536345,35.55,2360.71,2396.26,193970,224118,0.284,100,Rising
2023-02,2023,Q1,Arctic Monkeys,Rock,Netherlands,Europe,6087354,4139400,1947954,40.42,4716.11,4756.53,438662,298439,0.337,100,Rising
2023-02,2023,Q1,Rema,Afrobeats,United Kingdom,Europe,1217851,791603,426248,7.32,1093.7,1101.02,78585,24560,0.334,80,Rising
2023-02,2023,Q1,Tyla,Afrobeats,United Kingdom,Europe,5076232,3299550,1776682,31.03,3369.78,3400.81,212645,250340,0.305,100,Rising
2023-02,2023,Q1,Travis Scott,Hip-Hop,United Kingdom,Europe,2861354,1859880,1001474,20.17,1449.48,1469.65,189820,80856,0.109,100,Declining
2023-02,2023,Q1,Bts,K-Pop,United Kingdom,Europe,1719723,1117819,601904,10.2,787.84,798.04,54057,24283,0.232,76,Stable
2023-02,2023,Q1,Ariana Grande,Pop,United Kingdom,Europe,2591464,1684451,907013,17.39,2015.99,2033.38,166336,60454,0.269,100,Stable
2023-02,2023,Q1,J. Cole,Hip-Hop,United Kingdom,Europe,2724045,1770629,953416,16.2,1822.79,1838.99,193790,117015,0.321,100,Stable
2023-02,2023,Q1,Stray Kids,K-Pop,United Kingdom,Europe,756138,491489,264649,4.8,328.37,333.17,60192,20435,0.226,76,Declining
2023-02,2023,Q1,Aespa,K-Pop,United Kingdom,Europe,4446640,2890316,1556324,30.0,2915.22,2945.22,210760,190026,0.228,92,Rising
2023-02,2023,Q1,Giveon,R&B,United Kingdom,Europe,1125425,731526,393899,8.24,1062.52,1070.76,55336,39028,0.158,100,Rising
2023-02,2023,Q1,Bad Bunny,Latin,Germany,Europe,3393145,2375201,1017944,24.03,2366.55,2390.58,124627,77607,0.171,87,Stable
2023-02,2023,Q1,Calvin Harris,Electronic,Germany,Europe,1989806,1392864,596942,14.6,877.09,891.69,130556,45787,0.199,100,Rising
2023-02,2023,Q1,J Balvin,Latin,Germany,Europe,3717840,2602488,1115352,25.29,1631.01,1656.3,292809,111089,0.349,75,Rising
2023-02,2023,Q1,Twenty One Pilots,Rock,Germany,Europe,5497149,3848004,1649145,41.42,3910.89,3952.31,146179,268073,0.14,100,Stable
2023-02,2023,Q1,Ariana Grande,Pop,Germany,Europe,1541880,1079316,462564,10.06,1183.87,1193.93,84624,75606,0.304,100,Stable
2023-02,2023,Q1,Asake,Afrobeats,Germany,Europe,2388835,1672184,716651,15.49,1510.7,1526.19,157821,89485,0.233,64,Rising
2023-02,2023,Q1,Fred Again..,Electronic,Germany,Europe,6328397,4429877,1898520,41.59,4288.13,4329.72,389366,164151,0.088,100,Declining
2023-02,2023,Q1,Bts,K-Pop,Germany,Europe,1571354,1099947,471407,11.46,779.98,791.44,96505,19549,0.311,87,Stable
2023-02,2023,Q1,Giveon,R&B,Germany,Europe,4462435,3123704,1338731,29.86,2407.78,2437.64,288977,68557,0.165,100,Rising
2023-02,2023,Q1,Kendrick Lamar,Hip-Hop,Germany,Europe,2809385,1966569,842816,18.42,1722.4,1740.82,142225,68673,0.274,100,Rising
2023-02,2023,Q1,Wizkid,Afrobeats,Germany,Europe,3904192,2732934,1171258,26.77,1311.04,1337.81,188693,119743,0.311,100,Rising
2023-02,2023,Q1,Billie Eilish,Pop,Germany,Europe,2650314,1855219,795095,16.6,1377.92,1394.52,84658,50192,0.147,100,Declining
2023-02,2023,Q1,Tyla,Afrobeats,Sweden,Europe,2020720,1454918,565802,16.86,809.92,826.78,131810,91446,0.126,87,Rising
2023-02,2023,Q1,Ariana Grande,Pop,Sweden,Europe,7999037,5759306,2239731,64.72,4465.2,4529.92,182049,265537,0.287,100,Stable
2023-02,2023,Q1,21 Savage,Hip-Hop,Sweden,Europe,2507788,1805607,702181,20.52,1929.53,1950.05,73527,107619,0.149,72,Declining
2023-02,2023,Q1,Wizkid,Afrobeats,Sweden,Europe,4003181,2882290,1120891,31.97,2939.15,2971.12,244436,126649,0.338,100,Rising
2023-02,2023,Q1,Giveon,R&B,Sweden,Europe,4442981,3198946,1244035,36.05,3471.94,3507.99,109197,209696,0.187,100,Rising
2023-02,2023,Q1,Kendrick Lamar,Hip-Hop,Sweden,Europe,4157216,2993195,1164021,33.03,2006.02,2039.05,227817,140150,0.239,100,Rising
2023-02,2023,Q1,Rema,Afrobeats,Sweden,Europe,3045027,2192419,852608,25.07,1709.25,1734.32,189901,99865,0.09,86,Rising
2023-02,2023,Q1,Miley Cyrus,Pop,Sweden,Europe,2177187,1567574,609613,15.04,1234.35,1249.39,51850,99709,0.345,100,Stable
2023-02,2023,Q1,Newjeans,K-Pop,Sweden,Europe,1352696,973941,378755,11.22,641.06,652.28,33996,29560,0.117,63,Stable
2023-02,2023,Q1,Karol G,Latin,France,Europe,3409912,2114145,1295767,19.35,3210.21,3229.56,73838,109764,0.126,74,Rising
2023-02,2023,Q1,Paramore,Rock,France,Europe,7844860,4863813,2981047,55.43,7616.75,7672.18,353696,184291,0.099,100,Stable
2023-02,2023,Q1,Ed Sheeran,Pop,France,Europe,7419826,4600292,2819534,44.55,4675.44,4719.99,491727,346198,0.309,100,Rising
2023-02,2023,Q1,Imagine Dragons,Rock,France,Europe,1910976,1184805,726171,12.73,2153.54,2166.27,39021,67575,0.28,100,Stable
2023-02,2023,Q1,Bad Bunny,Latin,France,Europe,1284525,796405,488120,8.43,1154.16,1162.59,77811,38892,0.155,91,Stable
2023-02,2023,Q1,Rauw Alejandro,Latin,France,Europe,263457,163343,100114,1.44,104.76,106.2,13156,10810,0.165,100,Stable
2023-02,2023,Q1,Kendrick Lamar,Hip-Hop,France,Europe,214106,132745,81361,1.41,134.82,136.23,5599,4409,0.115,100,Rising
2023-02,2023,Q1,Stray Kids,K-Pop,France,Europe,201403,124869,76534,1.22,126.16,127.38,13014,3649,0.135,76,Declining
2023-02,2023,Q1,Arctic Monkeys,Rock,France,Europe,11224955,6959472,4265483,63.08,9983.84,10046.92,642607,313065,0.106,100,Rising
2023-02,2023,Q1,Disclosure,Electronic,France,Europe,11831309,7335411,4495898,73.66,10657.17,10730.83,885944,374424,0.216,100,Rising
2023-02,2023,Q1,Coldplay,Rock,France,Europe,5453418,3381119,2072299,32.35,2686.11,2718.46,170529,258447,0.245,100,Stable
2023-02,2023,Q1,Stray Kids,K-Pop,Ireland,Europe,3186903,2039617,1147286,20.77,1185.78,1206.55,214699,69528,0.202,72,Declining
2023-02,2023,Q1,Burna Boy,Afrobeats,Ireland,Europe,4375962,2800615,1575347,30.89,2352.33,2383.22,281657,180470,0.187,94,Rising
2023-02,2023,Q1,Ed Sheeran,Pop,Ireland,Europe,11756413,7524104,4232309,82.46,5113.69,5196.15,564491,209392,0.124,100,Rising
2023-02,2023,Q1,Kendrick Lamar,Hip-Hop,Ireland,Europe,5356420,3428108,1928312,35.54,5087.11,5122.65,392383,109158,0.309,100,Rising
2023-02,2023,Q1,Tyla,Afrobeats,Ireland,Europe,4996139,3197528,1798611,30.41,2171.03,2201.44,154973,119048,0.298,88,Rising
2023-02,2023,Q1,Peso Pluma,Latin,Ireland,Europe,2247682,1438516,809166,13.23,1045.33,1058.56,129787,62977,0.126,82,Rising
2023-02,2023,Q1,Calvin Harris,Electronic,Ireland,Europe,3136409,2007301,1129108,20.34,2853.59,2873.93,171022,135027,0.114,100,Rising
2023-02,2023,Q1,Harry Styles,Pop,Ireland,Europe,4450317,2848202,1602115,29.6,2312.38,2341.98,199986,105813,0.083,100,Stable
2023-02,2023,Q1,Asake,Afrobeats,Ireland,Europe,1314670,841388,473282,8.89,1123.41,1132.3,66901,58787,0.349,68,Rising
2023-02,2023,Q1,Stray Kids,K-Pop,Spain,Europe,311700,171435,140265,1.83,339.04,340.87,20738,4669,0.257,68,Declining
2023-02,2023,Q1,Ed Sheeran,Pop,Spain,Europe,2894427,1591934,1302493,18.2,1311.04,1329.24,78765,92265,0.338,100,Rising
2023-02,2023,Q1,Travis Scott,Hip-Hop,Spain,Europe,4787765,2633270,2154495,23.65,5445.95,5469.6,265798,152973,0.206,100,Declining
2023-02,2023,Q1,Bad Bunny,Latin,Spain,Europe,1698126,933969,764157,8.87,1964.16,1973.03,75765,63481,0.243,97,Stable
2023-02,2023,Q1,Coldplay,Rock,Spain,Europe,1736441,955042,781399,10.18,2077.68,2087.86,128380,22096,0.162,100,Stable
2023-02,2023,Q1,Newjeans,K-Pop,Spain,Europe,1755358,965446,789912,8.98,2096.63,2105.61,54807,42877,0.23,70,Stable
2023-02,2023,Q1,Disclosure,Electronic,Spain,Europe,3305392,1817965,1487427,18.8,4109.44,4128.24,92176,138489,0.112,100,Rising
2023-02,2023,Q1,Brent Faiyaz,R&B,Spain,Europe,3869939,2128466,1741473,20.09,4802.38,4822.47,169663,76788,0.141,80,Rising
2023-02,2023,Q1,Sza,R&B,Italy,Europe,4735335,2462374,2272961,27.16,4029.87,4057.03,246937,170271,0.174,82,Stable
2023-02,2023,Q1,Stray Kids,K-Pop,Italy,Europe,318075,165399,152676,1.83,228.96,230.79,7973,13618,0.288,68,Declining
2023-02,2023,Q1,Karol G,Latin,Italy,Europe,2609857,1357125,1252732,11.71,1519.66,1531.37,179746,91193,0.132,80,Rising
2023-02,2023,Q1,Peso Pluma,Latin,Italy,Europe,2562534,1332517,1230017,11.56,2697.97,2709.53,161496,125860,0.298,87,Rising
2023-02,2023,Q1,Giveon,R&B,Italy,Europe,5442630,2830167,2612463,28.68,7001.35,7030.03,250310,83356,0.183,100,Rising
2023-02,2023,Q1,Drake,Hip-Hop,Italy,Europe,1746780,908325,838455,7.87,1511.28,1519.15,120864,26311,0.261,75,Stable
2023-02,2023,Q1,Billie Eilish,Pop,Italy,Europe,3799612,1975798,1823814,18.42,2607.01,2625.43,284550,154112,0.111,100,Declining
2023-02,2023,Q1,Imagine Dragons,Rock,Italy,Europe,6869069,3571915,3297154,33.34,6699.85,6733.19,440313,94698,0.16,100,Stable
2023-02,2023,Q1,Doja Cat,Pop,Italy,Europe,6330461,3291839,3038622,33.08,4406.59,4439.67,236588,204431,0.242,100,Stable
2023-02,2023,Q1,Post Malone,Hip-Hop,Italy,Europe,557027,289654,267373,3.13,271.81,274.94,15478,10019,0.241,93,Declining
2023-02,2023,Q1,Burna Boy,Afrobeats,Italy,Europe,4253756,2211953,2041803,23.84,4956.31,4980.15,254168,43607,0.118,82,Rising
2023-02,2023,Q1,Lil Baby,Hip-Hop,United States,Americas,2715283,1574864,1140419,15.14,1848.15,1863.29,110256,67258,0.173,100,Declining
2023-02,2023,Q1,Post Malone,Hip-Hop,United States,Americas,4772960,2768316,2004644,28.57,4505.09,4533.66,129900,61322,0.304,100,Declining
2023-02,2023,Q1,Arctic Monkeys,Rock,United States,Americas,5999527,3479725,2519802,43.17,6268.68,6311.85,206852,200517,0.266,100,Rising
2023-02,2023,Q1,Burna Boy,Afrobeats,United States,Americas,2624296,1522091,1102205,18.99,3063.19,3082.18,124497,93056,0.142,86,Rising
2023-02,2023,Q1,Drake,Hip-Hop,United States,Americas,6962362,4038169,2924193,44.82,8028.65,8073.47,190215,343257,0.083,100,Stable
2023-02,2023,Q1,Bts,K-Pop,United States,Americas,2981005,1728982,1252023,17.05,3007.81,3024.86,215357,106250,0.331,80,Stable
2023-02,2023,Q1,Imagine Dragons,Rock,United States,Americas,5983285,3470305,2512980,39.46,6479.57,6519.03,460385,149992,0.236,100,Stable
2023-02,2023,Q1,Stray Kids,K-Pop,United States,Americas,1473278,854501,618777,10.34,1254.13,1264.47,94089,15852,0.205,78,Declining
2023-02,2023,Q1,Newjeans,K-Pop,Brazil,Americas,1858750,706325,1152425,3.09,2384.09,2387.18,92739,44399,0.126,67,Stable
2023-02,2023,Q1,Ariana Grande,Pop,Brazil,Americas,10604109,4029561,6574548,18.02,11778.31,11796.33,629465,457405,0.294,100,Stable
2023-02,2023,Q1,Imagine Dragons,Rock,Brazil,Americas,3238515,1230635,2007880,6.06,2214.33,2220.39,198850,115593,0.264,100,Stable
2023-02,2023,Q1,Giveon,R&B,Brazil,Americas,14514093,5515355,8998738,29.26,20586.65,20615.91,960842,353837,0.128,100,Rising
2023-02,2023,Q1,Lil Baby,Hip-Hop,Brazil,Americas,9896694,3760743,6135951,16.47,10081.23,10097.7,570966,453061,0.307,100,Declining
2023-02,2023,Q1,Arctic Monkeys,Rock,Brazil,Americas,1605497,610088,995409,3.47,2089.31,2092.78,49690,70047,0.187,100,Rising
2023-02,2023,Q1,Rema,Afrobeats,Brazil,Americas,5603197,2129214,3473983,9.24,6811.56,6820.8,152202,202420,0.242,75,Rising
2023-02,2023,Q1,Fred Again..,Electronic,Brazil,Americas,2734073,1038947,1695126,5.35,4343.24,4348.59,128479,85522,0.196,53,Declining
2023-02,2023,Q1,Dua Lipa,Pop,Brazil,Americas,11675610,4436731,7238879,19.09,18347.49,18366.58,571936,557843,0.186,100,Rising
2023-02,2023,Q1,Peso Pluma,Latin,Brazil,Americas,1382485,525344,857141,2.85,2463.03,2465.88,79357,63480,0.125,100,Rising
2023-02,2023,Q1,Martin Garrix,Electronic,Brazil,Americas,1996788,758779,1238009,3.67,1774.74,1778.41,76432,99639,0.258,100,Rising
2023-02,2023,Q1,Nicki Minaj,Hip-Hop,Brazil,Americas,9145859,3475426,5670433,17.15,12447.1,12464.25,411110,150717,0.128,100,Stable
2023-02,2023,Q1,The Weeknd,R&B/Pop,Mexico,Americas,269079,94177,174902,0.39,342.68,343.07,13036,6370,0.109,100,Rising
2023-02,2023,Q1,Disclosure,Electronic,Mexico,Americas,1802722,630952,1171770,2.44,1699.06,1701.5,74192,70561,0.245,80,Rising
2023-02,2023,Q1,21 Savage,Hip-Hop,Mexico,Americas,8032844,2811495,5221349,9.69,6309.55,6319.24,229240,80943,0.121,100,Declining
2023-02,2023,Q1,Wizkid,Afrobeats,Mexico,Americas,1078035,377312,700723,1.59,905.13,906.72,38235,36054,0.166,100,Rising
2023-02,2023,Q1,Dua Lipa,Pop,Mexico,Americas,5679878,1987957,3691921,7.9,3725.96,3733.86,335004,152702,0.172,100,Rising
2023-02,2023,Q1,Peso Pluma,Latin,Mexico,Americas,2799140,979698,1819442,3.99,2003.57,2007.56,190509,77213,0.269,100,Rising
2023-02,2023,Q1,J. Cole,Hip-Hop,Mexico,Americas,7688214,2690874,4997340,10.73,8695.99,8706.72,524586,175441,0.204,100,Stable
2023-02,2023,Q1,Asake,Afrobeats,Mexico,Americas,1724928,603724,1121204,2.09,3245.28,3247.37,133003,18538,0.176,69,Rising
2023-02,2023,Q1,Billie Eilish,Pop,Mexico,Americas,5119957,1791984,3327973,7.11,9375.98,9383.09,201504,249375,0.106,100,Declining
2023-02,2023,Q1,Fred Again..,Electronic,Mexico,Americas,2703455,946209,1757246,3.55,4863.52,4867.07,200280,58576,0.122,47,Declining
2023-02,2023,Q1,Ariana Grande,Pop,Mexico,Americas,2190987,766845,1424142,3.02,1938.65,1941.67,141761,32256,0.145,100,Stable
2023-02,2023,Q1,Nicki Minaj,Hip-Hop,Colombia,Americas,4291476,1287442,3004034,5.11,6622.56,6627.67,318048,84980,0.231,100,Stable
2023-02,2023,Q1,Twenty One Pilots,Rock,Colombia,Americas,4110055,1233016,2877039,4.62,6281.61,6286.23,215513,82115,0.17,100,Stable
2023-02,2023,Q1,Frank Ocean,R&B,Colombia,Americas,4993180,1497954,3495226,4.71,7415.05,7419.76,275656,182201,0.28,100,Rising
2023-02,2023,Q1,Asake,Afrobeats,Colombia,Americas,847298,254189,593109,0.91,1594.1,1595.01,63751,24938,0.253,54,Rising
2023-02,2023,Q1,Calvin Harris,Electronic,Colombia,Americas,2913208,873962,2039246,2.9,4519.52,4522.42,97715,109280,0.294,69,Rising
2023-02,2023,Q1,Martin Garrix,Electronic,Colombia,Americas,3967217,1190165,2777052,3.72,5421.09,5424.81,233366,48492,0.274,100,Rising
2023-02,2023,Q1,Rauw Alejandro,Latin,Colombia,Americas,9289148,2786744,6502404,9.87,7751.09,7760.96,496385,117703,0.084,100,Stable
2023-02,2023,Q1,Drake,Hip-Hop,Colombia,Americas,6385304,1915591,4469713,5.97,10634.32,10640.29,177351,112552,0.301,100,Stable
2023-02,2023,Q1,Sza,R&B,Colombia,Americas,4354702,1306410,3048292,4.64,7978.91,7983.55,120594,60882,0.301,100,Stable
2023-02,2023,Q1,Nicki Minaj,Hip-Hop,Nigeria,Africa,2480979,446576,2034403,1.46,4244.85,4246.31,125798,30264,0.235,100,Stable
2023-02,2023,Q1,Brent Faiyaz,R&B,Nigeria,Africa,975153,175527,799626,0.55,1117.78,1118.33,42738,12529,0.202,100,Rising
2023-02,2023,Q1,Harry Styles,Pop,Nigeria,Africa,1879605,338328,1541277,0.99,2424.78,2425.77,48351,85848,0.083,100,Stable
2023-02,2023,Q1,Imagine Dragons,Rock,Nigeria,Africa,2036492,366568,1669924,1.12,4484.21,4485.33,63121,89441,0.236,87,Stable
2023-02,2023,Q1,Asake,Afrobeats,Nigeria,Africa,3207990,577438,2630552,1.71,3064.62,3066.33,226227,47676,0.211,100,Rising
2023-02,2023,Q1,Arctic Monkeys,Rock,Nigeria,Africa,2471711,444907,2026804,1.53,2108.98,2110.51,107752,105552,0.168,100,Rising
2023-02,2023,Q1,Lil Baby,Hip-Hop,Nigeria,Africa,1136766,204617,932149,0.69,1077.16,1077.85,30985,56279,0.212,88,Declining
2023-02,2023,Q1,Paramore,Rock,Nigeria,Africa,1877313,337916,1539397,1.14,2807.3,2808.44,126497,67897,0.129,75,Stable
2023-02,2023,Q1,Fred Again..,Electronic,Nigeria,Africa,832722,149889,682833,0.4,1300.76,1301.16,42174,26037,0.301,49,Declining
2023-02,2023,Q1,Tyla,Afrobeats,South Africa,Africa,788356,220739,567617,0.91,1613.82,1614.73,37379,28622,0.343,100,Rising
2023-02,2023,Q1,H.E.R.,R&B,South Africa,Africa,2696206,754937,1941269,3.08,4668.18,4671.26,192080,130340,0.212,100,Rising
2023-02,2023,Q1,Burna Boy,Afrobeats,South Africa,Africa,8545752,2392810,6152942,10.38,16057.77,16068.15,628477,103050,0.222,100,Rising
2023-02,2023,Q1,Giveon,R&B,South Africa,Africa,2649716,741920,1907796,2.96,4802.09,4805.05,63230,70676,0.262,100,Rising
2023-02,2023,Q1,Imagine Dragons,Rock,South Africa,Africa,373986,104716,269270,0.45,279.59,280.04,28254,15315,0.186,81,Stable
2023-02,2023,Q1,Lil Baby,Hip-Hop,South Africa,Africa,2779354,778219,2001135,3.36,4523.56,4526.92,72506,56959,0.204,96,Declining
2023-02,2023,Q1,Newjeans,K-Pop,South Africa,Africa,1013009,283642,729367,1.21,1208.56,1209.77,62674,43270,0.146,69,Stable
2023-02,2023,Q1,The Weeknd,R&B/Pop,South Africa,Africa,1556490,435817,1120673,1.96,1183.29,1185.25,56116,23813,0.224,100,Rising
2023-02,2023,Q1,Ed Sheeran,Pop,South Africa,Africa,1158350,324338,834012,1.44,1595.02,1596.46,55342,55349,0.166,100,Rising
2023-02,2023,Q1,Harry Styles,Pop,Kenya,Africa,3004635,450695,2553940,0.98,4827.16,4828.14,201627,33745,0.238,100,Stable
2023-02,2023,Q1,Lil Baby,Hip-Hop,Kenya,Africa,1311837,196775,1115062,0.55,2694.78,2695.33,97387,21768,0.272,99,Declining
2023-02,2023,Q1,Disclosure,Electronic,Kenya,Africa,2132167,319825,1812342,0.9,3374.35,3375.25,168615,39714,0.273,82,Rising
2023-02,2023,Q1,Ed Sheeran,Pop,Kenya,Africa,1254837,188225,1066612,0.41,2196.72,2197.13,65504,44107,0.299,100,Rising
2023-02,2023,Q1,Frank Ocean,R&B,Kenya,Africa,3908810,586321,3322489,1.54,7053.31,7054.85,164242,46028,0.18,100,Rising
2023-02,2023,Q1,21 Savage,Hip-Hop,Kenya,Africa,1229730,184459,1045271,0.49,1883.16,1883.65,49054,60263,0.272,99,Declining
2023-02,2023,Q1,Miley Cyrus,Pop,Kenya,Africa,963754,144563,819191,0.41,970.57,970.98,24815,27989,0.239,93,Stable
2023-02,2023,Q1,Tyla,Afrobeats,Kenya,Africa,5055799,758369,4297430,2.13,11675.35,11677.48,190614,239221,0.099,100,Rising
2023-02,2023,Q1,Fred Again..,Electronic,Kenya,Africa,1126072,168910,957162,0.48,965.97,966.45,65738,50433,0.262,48,Declining
2023-02,2023,Q1,J Balvin,Latin,Kenya,Africa,627759,94163,533596,0.23,1145.45,1145.68,48997,30950,0.201,70,Rising
2023-02,2023,Q1,Stray Kids,K-Pop,Kenya,Africa,77163,11574,65589,0.03,93.03,93.06,4584,2348,0.142,71,Declining
2023-02,2023,Q1,Imagine Dragons,Rock,Ghana,Africa,247143,34600,212543,0.08,369.37,369.45,16913,10389,0.295,85,Stable
2023-02,2023,Q1,Martin Garrix,Electronic,Ghana,Africa,891207,124768,766439,0.27,1658.46,1658.73,67980,19053,0.204,100,Rising
2023-02,2023,Q1,Lil Baby,Hip-Hop,Ghana,Africa,1593689,223116,1370573,0.47,2472.02,2472.49,93387,48961,0.106,100,Declining
2023-02,2023,Q1,Giveon,R&B,Ghana,Africa,1453591,203502,1250089,0.45,1893.3,1893.75,78613,51332,0.35,100,Rising
2023-02,2023,Q1,Karol G,Latin,Ghana,Africa,754027,105563,648464,0.26,1089.43,1089.69,18015,22784,0.242,63,Rising
2023-02,2023,Q1,Bad Bunny,Latin,Ghana,Africa,668378,93572,574806,0.2,787.63,787.83,47853,31943,0.102,64,Stable
2023-02,2023,Q1,Peso Pluma,Latin,Ghana,Africa,911098,127553,783545,0.33,1763.0,1763.33,57428,24826,0.085,74,Rising
2023-02,2023,Q1,Olivia Rodrigo,Pop,Ghana,Africa,410263,57436,352827,0.13,872.07,872.2,16221,7295,0.142,100,Rising
2023-02,2023,Q1,Billie Eilish,Pop,Ghana,Africa,1410807,197512,1213295,0.49,2100.1,2100.59,34313,33830,0.264,100,Declining
2023-02,2023,Q1,Newjeans,K-Pop,Japan,Asia,15818207,9490924,6327283,87.68,6942.31,7029.99,911179,748536,0.339,100,Stable
2023-02,2023,Q1,Lil Baby,Hip-Hop,Japan,Asia,3258896,1955337,1303559,21.23,2717.4,2738.63,112588,57573,0.118,60,Declining
2023-02,2023,Q1,Frank Ocean,R&B,Japan,Asia,2966374,1779824,1186550,19.37,2776.78,2796.15,194556,43784,0.208,69,Rising
2023-02,2023,Q1,Rema,Afrobeats,Japan,Asia,5379522,3227713,2151809,32.44,6137.71,6170.15,337382,142086,0.083,97,Rising
2023-02,2023,Q1,Bts,K-Pop,Japan,Asia,18224778,10934866,7289912,100.72,7719.18,7819.9,1188312,890959,0.247,100,Stable
2023-02,2023,Q1,Stray Kids,K-Pop,Japan,Asia,7422328,4453396,2968932,46.07,5450.84,5496.91,573774,153961,0.181,100,Declining
2023-02,2023,Q1,Tyla,Afrobeats,Japan,Asia,3652121,2191272,1460849,22.22,3342.33,3364.55,107088,128505,0.235,93,Rising
2023-02,2023,Q1,Twenty One Pilots,Rock,Japan,Asia,1791104,1074662,716442,9.68,1036.05,1045.73,65535,21500,0.208,55,Stable
2023-02,2023,Q1,Taylor Swift,Pop,Japan,Asia,2744908,1646944,1097964,14.87,2471.45,2486.32,192749,34202,0.342,100,Stable
2023-02,2023,Q1,Billie Eilish,Pop,Japan,Asia,7809400,4685640,3123760,40.53,8489.61,8530.14,297237,372039,0.156,100,Declining
2023-02,2023,Q1,Sza,R&B,Japan,Asia,954372,572623,381749,6.21,447.2,453.41,31603,26499,0.348,81,Stable
2023-02,2023,Q1,Olivia Rodrigo,Pop,South Korea,Asia,1402963,771629,631334,7.07,1172.3,1179.37,40710,25020,0.166,100,Rising
2023-02,2023,Q1,Arctic Monkeys,Rock,South Korea,Asia,5641135,3102624,2538511,23.36,2559.25,2582.61,232697,82620,0.196,99,Rising
2023-02,2023,Q1,J Balvin,Latin,South Korea,Asia,3371370,1854253,1517117,16.57,2501.58,2518.15,144141,139291,0.285,85,Rising
2023-02,2023,Q1,Nicki Minaj,Hip-Hop,South Korea,Asia,6914634,3803048,3111586,34.29,9024.02,9058.31,416556,182642,0.209,100,Stable
2023-02,2023,Q1,Rauw Alejandro,Latin,South Korea,Asia,5039661,2771813,2267848,20.05,2554.4,2574.45,369442,238075,0.238,100,Stable
2023-02,2023,Q1,Frank Ocean,R&B,South Korea,Asia,2189390,1204164,985226,8.81,1143.14,1151.95,136879,65983,0.235,74,Rising
2023-02,2023,Q1,Stray Kids,K-Pop,South Korea,Asia,20335335,11184434,9150901,100.47,9688.36,9788.83,1384799,521004,0.281,100,Declining
2023-02,2023,Q1,Lil Baby,Hip-Hop,South Korea,Asia,3444557,1894506,1550051,13.92,2238.56,2252.48,222211,42968,0.094,62,Declining
2023-02,2023,Q1,Tyla,Afrobeats,South Korea,Asia,1694548,932001,762547,7.11,1457.79,1464.9,90598,63459,0.144,100,Rising
2023-02,2023,Q1,Burna Boy,Afrobeats,South Korea,Asia,5350805,2942942,2407863,26.86,5609.34,5636.2,252266,87223,0.224,86,Rising
2023-02,2023,Q1,Coldplay,Rock,India,Asia,2548882,560754,1988128,1.02,3425.32,3426.34,125812,123268,0.339,56,Stable
2023-02,2023,Q1,Imagine Dragons,Rock,India,Asia,3656495,804428,2852067,1.79,3305.57,3307.36,166599,114685,0.114,100,Stable
2023-02,2023,Q1,Ed Sheeran,Pop,India,Asia,8106099,1783341,6322758,3.35,9123.08,9126.43,351957,248365,0.217,100,Rising
2023-02,2023,Q1,Giveon,R&B,India,Asia,1604247,352934,1251313,0.76,2006.21,2006.97,38601,18456,0.287,85,Rising
2023-02,2023,Q1,Stray Kids,K-Pop,India,Asia,6651306,1463287,5188019,3.14,11402.25,11405.39,333125,232265,0.117,100,Declining
2023-02,2023,Q1,Davido,Afrobeats,India,Asia,594779,130851,463928,0.23,891.57,891.8,13552,12948,0.238,99,Rising
2023-02,2023,Q1,Harry Styles,Pop,India,Asia,7376290,1622783,5753507,3.15,16111.41,16114.56,182860,321639,0.304,100,Stable
2023-02,2023,Q1,Dua Lipa,Pop,India,Asia,5933797,1305435,4628362,2.36,10037.55,10039.91,328845,129219,0.099,100,Rising
2023-02,2023,Q1,The Weeknd,R&B/Pop,India,Asia,6029836,1326563,4703273,2.66,11035.02,11037.68,147881,199785,0.146,100,Rising
2023-02,2023,Q1,Bts,K-Pop,India,Asia,13022911,2865040,10157871,5.95,13775.4,13781.35,878638,286084,0.116,100,Stable
2023-02,2023,Q1,Ariana Grande,Pop,Indonesia,Asia,6528848,1305769,5223079,3.21,12522.1,12525.31,157169,165998,0.16,100,Stable
2023-02,2023,Q1,Drake,Hip-Hop,Indonesia,Asia,2481727,496345,1985382,1.32,4699.4,4700.72,141819,86161,0.264,67,Stable
2023-02,2023,Q1,Peso Pluma,Latin,Indonesia,Asia,1894069,378813,1515256,0.88,3600.81,3601.69,72816,47363,0.276,96,Rising
2023-02,2023,Q1,Bts,K-Pop,Indonesia,Asia,17255991,3451198,13804793,9.03,22315.67,22324.7,561978,440406,0.244,100,Stable
2023-02,2023,Q1,Taylor Swift,Pop,Indonesia,Asia,11020295,2204059,8816236,5.78,8877.32,8883.1,534227,198483,0.168,100,Stable
2023-02,2023,Q1,Rauw Alejandro,Latin,Indonesia,Asia,863929,172785,691144,0.46,2033.8,2034.26,62803,12729,0.171,80,Stable
2023-02,2023,Q1,Travis Scott,Hip-Hop,Indonesia,Asia,4822009,964401,3857608,2.06,7706.63,7708.69,242723,58489,0.145,100,Declining
2023-02,2023,Q1,Ed Sheeran,Pop,Indonesia,Asia,931409,186281,745128,0.44,1123.17,1123.61,32227,13031,0.301,100,Rising
2023-02,2023,Q1,Drake,Hip-Hop,Argentina,Latam,3382968,1082549,2300419,3.86,2481.16,2485.02,130237,111407,0.191,100,Stable
2023-02,2023,Q1,Lil Baby,Hip-Hop,Argentina,Latam,2791791,893373,1898418,3.36,3219.87,3223.23,62392,32001,0.285,90,Declining
2023-02,2023,Q1,Billie Eilish,Pop,Argentina,Latam,1223349,391471,831878,1.1,1404.17,1405.27,79626,59231,0.196,93,Declining
2023-02,2023,Q1,Disclosure,Electronic,Argentina,Latam,247618,79237,168381,0.27,231.05,231.32,14692,6998,0.247,77,Rising
2023-02,2023,Q1,Rema,Afrobeats,Argentina,Latam,563480,180313,383167,0.58,725.4,725.98,38924,15564,0.219,40,Rising
2023-02,2023,Q1,J. Cole,Hip-Hop,Argentina,Latam,3641025,1165128,2475897,3.89,6836.82,6840.71,273918,156446,0.098,100,Stable
2023-02,2023,Q1,H.E.R.,R&B,Argentina,Latam,2315569,740982,1574587,2.69,1803.9,1806.59,94702,91463,0.257,66,Rising
2023-02,2023,Q1,Sza,R&B,Argentina,Latam,739873,236759,503114,0.81,849.83,850.64,28517,13536,0.19,68,Stable
2023-02,2023,Q1,Brent Faiyaz,R&B,Argentina,Latam,788730,252393,536337,0.73,1408.91,1409.64,50969,35520,0.112,73,Rising
2023-02,2023,Q1,Harry Styles,Pop,Argentina,Latam,445433,142538,302895,0.54,648.41,648.95,33145,19761,0.17,100,Stable
2023-02,2023,Q1,Martin Garrix,Electronic,Chile,Latam,603248,205104,398144,0.71,1049.81,1050.52,12681,20078,0.318,99,Rising
2023-02,2023,Q1,Wizkid,Afrobeats,Chile,Latam,1016668,345667,671001,1.12,928.64,929.76,43390,26128,0.316,54,Rising
2023-02,2023,Q1,Frank Ocean,R&B,Chile,Latam,891363,303063,588300,1.04,832.92,833.96,53704,23040,0.116,71,Rising
2023-02,2023,Q1,Post Malone,Hip-Hop,Chile,Latam,1735738,590150,1145588,2.01,1259.5,1261.51,102919,22737,0.096,100,Declining
2023-02,2023,Q1,Rauw Alejandro,Latin,Chile,Latam,1173177,398880,774297,1.54,1068.88,1070.42,93647,24979,0.103,100,Stable
2023-02,2023,Q1,Disclosure,Electronic,Chile,Latam,1706369,580165,1126204,2.21,2092.12,2094.33,103400,72885,0.219,80,Rising
2023-02,2023,Q1,Billie Eilish,Pop,Chile,Latam,1942219,660354,1281865,2.33,1444.53,1446.86,119612,24223,0.279,100,Declining
2023-02,2023,Q1,The Weeknd,R&B/Pop,Chile,Latam,523940,178139,345801,0.58,685.87,686.45,33033,16066,0.082,100,Rising
2023-02,2023,Q1,Taylor Swift,Pop,Chile,Latam,3912867,1330374,2582493,4.61,2904.8,2909.41,226213,51447,0.127,100,Stable
2023-02,2023,Q1,Nicki Minaj,Hip-Hop,Chile,Latam,3578652,1216741,2361911,4.69,2985.0,2989.69,79140,92335,0.344,100,Stable
2023-02,2023,Q1,Blackpink,K-Pop,Chile,Latam,1099482,373823,725659,1.28,1213.95,1215.23,22002,50181,0.29,100,Rising
2023-03,2023,Q1,Ed Sheeran,Pop,Netherlands,Europe,4901021,3332694,1568327,35.91,3186.13,3222.04,371018,100722,0.145,100,Rising
2023-03,2023,Q1,Twenty One Pilots,Rock,Netherlands,Europe,6200981,4216667,1984314,40.5,4705.23,4745.73,243240,200690,0.155,100,Stable
2023-03,2023,Q1,Post Malone,Hip-Hop,Netherlands,Europe,5405215,3675546,1729669,39.46,2590.99,2630.45,258794,262850,0.16,96,Declining
2023-03,2023,Q1,Aespa,K-Pop,Netherlands,Europe,1368304,930446,437858,8.99,1157.05,1166.04,43563,16319,0.291,77,Rising
2023-03,2023,Q1,Sza,R&B,Netherlands,Europe,499246,339487,159759,3.32,165.7,169.02,26153,24747,0.174,98,Stable
2023-03,2023,Q1,Peso Pluma,Latin,Netherlands,Europe,318633,216670,101963,2.12,127.64,129.76,7289,15505,0.277,89,Rising
2023-03,2023,Q1,Taylor Swift,Pop,Netherlands,Europe,10560427,7181090,3379337,80.61,6435.34,6515.95,353942,173946,0.188,100,Stable
2023-03,2023,Q1,Disclosure,Electronic,Netherlands,Europe,2848059,1936680,911379,18.35,1868.93,1887.28,202933,97497,0.276,100,Rising
2023-03,2023,Q1,Ariana Grande,Pop,United Kingdom,Europe,1254751,815588,439163,8.13,1142.67,1150.8,51745,40895,0.297,100,Stable
2023-03,2023,Q1,Rauw Alejandro,Latin,United Kingdom,Europe,4161689,2705097,1456592,23.29,1628.79,1652.08,105946,170923,0.131,100,Stable
2023-03,2023,Q1,Frank Ocean,R&B,United Kingdom,Europe,2508839,1630745,878094,15.74,1701.2,1716.94,145825,118713,0.241,100,Rising
2023-03,2023,Q1,Ed Sheeran,Pop,United Kingdom,Europe,5599384,3639599,1959785,41.43,5216.11,5257.54,168023,234835,0.128,100,Rising
2023-03,2023,Q1,Blackpink,K-Pop,United Kingdom,Europe,3677834,2390592,1287242,25.29,3452.87,3478.16,216711,120595,0.271,100,Rising
2023-03,2023,Q1,Olivia Rodrigo,Pop,United Kingdom,Europe,6348453,4126494,2221959,39.42,2932.67,2972.09,373928,241741,0.216,100,Rising
2023-03,2023,Q1,Post Malone,Hip-Hop,United Kingdom,Europe,1734989,1127742,607247,12.51,1740.33,1752.84,118572,83880,0.338,100,Declining
2023-03,2023,Q1,Bad Bunny,Latin,United Kingdom,Europe,1425023,926264,498759,9.4,1371.03,1380.43,90493,28474,0.32,87,Stable
2023-03,2023,Q1,Billie Eilish,Pop,United Kingdom,Europe,699553,454709,244844,4.48,337.57,342.05,38536,12492,0.297,100,Declining
2023-03,2023,Q1,The Weeknd,R&B/Pop,United Kingdom,Europe,5224490,3395918,1828572,35.64,4330.5,4366.14,194431,57990,0.134,100,Rising
2023-03,2023,Q1,Tyla,Afrobeats,Germany,Europe,5047110,3532977,1514133,38.65,3736.27,3774.92,159480,106342,0.335,84,Rising
2023-03,2023,Q1,Rema,Afrobeats,Germany,Europe,3780420,2646294,1134126,26.19,2065.8,2091.99,128456,96269,0.223,88,Rising
2023-03,2023,Q1,Wizkid,Afrobeats,Germany,Europe,3952849,2766994,1185855,25.15,3386.93,3412.08,120532,179116,0.189,100,Rising
2023-03,2023,Q1,Ed Sheeran,Pop,Germany,Europe,7673405,5371383,2302022,56.15,2691.75,2747.9,590955,109556,0.232,100,Rising
2023-03,2023,Q1,Bad Bunny,Latin,Germany,Europe,4299641,3009748,1289893,25.82,3181.83,3207.65,290229,136292,0.189,87,Stable
2023-03,2023,Q1,Frank Ocean,R&B,Germany,Europe,883881,618716,265165,6.14,343.77,349.91,40652,35352,0.204,83,Rising
2023-03,2023,Q1,Disclosure,Electronic,Germany,Europe,6614357,4630049,1984308,46.79,2002.32,2049.11,489342,105450,0.202,100,Rising
2023-03,2023,Q1,Miley Cyrus,Pop,Germany,Europe,3939237,2757465,1181772,28.02,1999.46,2027.48,177204,165057,0.124,100,Stable
2023-03,2023,Q1,Aespa,K-Pop,Sweden,Europe,2569953,1850366,719587,16.85,1634.04,1650.89,100381,85659,0.211,77,Rising
2023-03,2023,Q1,Imagine Dragons,Rock,Sweden,Europe,5470617,3938844,1531773,36.52,2010.05,2046.57,431798,124009,0.238,100,Stable
2023-03,2023,Q1,Taylor Swift,Pop,Sweden,Europe,2919662,2102156,817506,23.18,1618.2,1641.38,134961,63094,0.183,100,Stable
2023-03,2023,Q1,Calvin Harris,Electronic,Sweden,Europe,9841902,7086169,2755733,65.25,6393.37,6458.62,519434,267778,0.121,100,Rising
2023-03,2023,Q1,Disclosure,Electronic,Sweden,Europe,6906096,4972389,1933707,55.33,2165.41,2220.74,415916,135631,0.165,100,Rising
2023-03,2023,Q1,Drake,Hip-Hop,Sweden,Europe,1416973,1020220,396753,9.98,1141.9,1151.88,31403,69661,0.096,100,Stable
2023-03,2023,Q1,Peso Pluma,Latin,Sweden,Europe,1927093,1387506,539587,15.74,1014.62,1030.36,116030,54399,0.336,79,Rising
2023-03,2023,Q1,Asake,Afrobeats,Sweden,Europe,2033616,1464203,569413,17.27,1561.42,1578.69,92681,39185,0.154,63,Rising
2023-03,2023,Q1,Martin Garrix,Electronic,France,Europe,9530283,5908775,3621508,54.61,7901.76,7956.37,496019,417225,0.277,100,Rising
2023-03,2023,Q1,Miley Cyrus,Pop,France,Europe,6783408,4205712,2577696,36.12,5617.75,5653.87,276917,121068,0.267,100,Stable
2023-03,2023,Q1,Karol G,Latin,France,Europe,1849152,1146474,702678,9.89,1705.89,1715.78,140130,71537,0.236,89,Rising
2023-03,2023,Q1,Calvin Harris,Electronic,France,Europe,5307264,3290503,2016761,28.98,3752.59,3781.57,356376,148695,0.151,100,Rising
2023-03,2023,Q1,Sza,R&B,France,Europe,3491907,2164982,1326925,24.47,3933.8,3958.27,268224,150037,0.271,89,Stable
2023-03,2023,Q1,Peso Pluma,Latin,France,Europe,4669045,2894807,1774238,28.39,2294.22,2322.61,345975,197164,0.099,81,Rising
2023-03,2023,Q1,Nicki Minaj,Hip-Hop,France,Europe,3724700,2309314,1415386,23.67,3604.02,3627.69,104835,156830,0.245,100,Stable
2023-03,2023,Q1,Billie Eilish,Pop,France,Europe,3692511,2289356,1403155,24.97,2901.6,2926.57,249745,77672,0.217,100,Declining
2023-03,2023,Q1,The Weeknd,R&B/Pop,France,Europe,1694413,1050536,643877,9.93,1924.36,1934.29,69290,68506,0.116,100,Rising
2023-03,2023,Q1,Ariana Grande,Pop,Ireland,Europe,7052025,4513296,2538729,39.67,4732.42,4772.09,173000,327160,0.201,100,Stable
2023-03,2023,Q1,Twenty One Pilots,Rock,Ireland,Europe,637391,407930,229461,4.03,500.27,504.3,14541,16625,0.15,100,Stable
2023-03,2023,Q1,Bad Bunny,Latin,Ireland,Europe,2304302,1474753,829549,16.55,982.36,998.91,96488,96151,0.27,68,Stable
2023-03,2023,Q1,Asake,Afrobeats,Ireland,Europe,872872,558638,314234,5.35,414.72,420.07,38621,28117,0.088,66,Rising
2023-03,2023,Q1,Rauw Alejandro,Latin,Ireland,Europe,4576036,2928663,1647373,30.78,3994.51,4025.29,264176,108347,0.223,88,Stable
2023-03,2023,Q1,Tyla,Afrobeats,Ireland,Europe,4742354,3035106,1707248,32.16,2425.43,2457.59,173263,154931,0.201,100,Rising
2023-03,2023,Q1,Ed Sheeran,Pop,Ireland,Europe,2162478,1383985,778493,15.5,1464.93,1480.43,137155,92043,0.216,100,Rising
2023-03,2023,Q1,21 Savage,Hip-Hop,Ireland,Europe,2286789,1463544,823245,14.08,2462.24,2476.32,175469,24053,0.322,74,Declining
2023-03,2023,Q1,Lil Baby,Hip-Hop,Ireland,Europe,457789,292984,164805,3.01,167.14,170.15,10093,7278,0.131,77,Declining
2023-03,2023,Q1,21 Savage,Hip-Hop,Spain,Europe,2477581,1362669,1114912,13.01,1273.64,1286.65,152454,58404,0.147,79,Declining
2023-03,2023,Q1,Coldplay,Rock,Spain,Europe,2097918,1153854,944064,10.23,1126.43,1136.66,143087,93661,0.238,100,Stable
2023-03,2023,Q1,Paramore,Rock,Spain,Europe,216570,119113,97457,1.14,290.14,291.28,16764,7708,0.17,100,Stable
2023-03,2023,Q1,H.E.R.,R&B,Spain,Europe,4589055,2523980,2065075,21.62,4661.22,4682.84,353800,89053,0.29,81,Rising
2023-03,2023,Q1,Frank Ocean,R&B,Spain,Europe,1451981,798589,653392,9.09,1257.25,1266.34,103525,41529,0.258,88,Rising
2023-03,2023,Q1,Burna Boy,Afrobeats,Spain,Europe,373633,205498,168135,2.13,225.81,227.94,24612,9182,0.301,79,Rising
2023-03,2023,Q1,Doja Cat,Pop,Spain,Europe,6110653,3360859,2749794,32.98,5610.49,5643.47,483874,297723,0.192,100,Stable
2023-03,2023,Q1,Wizkid,Afrobeats,Spain,Europe,3239034,1781468,1457566,18.58,2311.64,2330.22,160862,37823,0.132,100,Rising
2023-03,2023,Q1,Aespa,K-Pop,Italy,Europe,1304162,678164,625998,6.73,803.61,810.34,88118,62355,0.32,89,Rising
2023-03,2023,Q1,Paramore,Rock,Italy,Europe,5514650,2867618,2647032,32.77,7852.25,7885.02,184155,69803,0.153,100,Stable
2023-03,2023,Q1,Newjeans,K-Pop,Italy,Europe,3436035,1786738,1649297,18.61,4270.31,4288.92,193963,60452,0.183,72,Stable
2023-03,2023,Q1,Travis Scott,Hip-Hop,Italy,Europe,3612137,1878311,1733826,18.16,4843.54,4861.7,124578,138124,0.162,100,Declining
2023-03,2023,Q1,J Balvin,Latin,Italy,Europe,1892300,983996,908304,10.79,2535.31,2546.1,85986,42661,0.307,82,Rising
2023-03,2023,Q1,Burna Boy,Afrobeats,Italy,Europe,2853309,1483720,1369589,15.5,1549.46,1564.96,74248,66326,0.18,90,Rising
2023-03,2023,Q1,Disclosure,Electronic,Italy,Europe,10936696,5687081,5249615,56.06,10658.68,10714.74,559689,525130,0.255,100,Rising
2023-03,2023,Q1,Harry Styles,Pop,Italy,Europe,5302307,2757199,2545108,25.44,6785.99,6811.43,280413,234735,0.219,100,Stable
2023-03,2023,Q1,21 Savage,Hip-Hop,Italy,Europe,2876907,1495991,1380916,16.36,2331.2,2347.56,215244,46538,0.095,75,Declining
2023-03,2023,Q1,Bad Bunny,Latin,United States,Americas,8773998,5088918,3685080,59.81,6003.16,6062.97,332891,196223,0.106,100,Stable
2023-03,2023,Q1,Ariana Grande,Pop,United States,Americas,1080267,626554,453713,6.82,1212.63,1219.45,78164,12931,0.123,100,Stable
2023-03,2023,Q1,21 Savage,Hip-Hop,United States,Americas,9938715,5764454,4174261,60.41,10367.0,10427.41,725000,173414,0.348,100,Declining
2023-03,2023,Q1,Stray Kids,K-Pop,United States,Americas,2674548,1551237,1123311,15.38,2508.12,2523.5,143934,45577,0.347,72,Declining
2023-03,2023,Q1,Martin Garrix,Electronic,United States,Americas,4842115,2808426,2033689,31.08,4676.94,4708.02,351473,123265,0.288,93,Rising
2023-03,2023,Q1,Paramore,Rock,United States,Americas,7644782,4433973,3210809,51.62,5571.5,5623.12,549148,85401,0.199,100,Stable
2023-03,2023,Q1,Olivia Rodrigo,Pop,United States,Americas,10928987,6338812,4590175,68.15,9038.4,9106.55,669013,447452,0.279,100,Rising
2023-03,2023,Q1,Aespa,K-Pop,United States,Americas,454470,263592,190878,3.31,332.29,335.6,35185,19033,0.199,88,Rising
2023-03,2023,Q1,Taylor Swift,Pop,United States,Americas,11277266,6540814,4736452,62.76,13580.24,13643.0,629496,532805,0.251,100,Stable
2023-03,2023,Q1,Rema,Afrobeats,United States,Americas,3787098,2196516,1590582,26.39,2034.53,2060.92,253768,189245,0.31,93,Rising
2023-03,2023,Q1,Tyla,Afrobeats,United States,Americas,509586,295559,214027,3.47,524.01,527.48,29499,21326,0.201,92,Rising
2023-03,2023,Q1,Bad Bunny,Latin,Brazil,Americas,7038808,2674747,4364061,12.32,12262.52,12274.84,495671,73238,0.315,100,Stable
2023-03,2023,Q1,Imagine Dragons,Rock,Brazil,Americas,896576,340698,555878,1.59,1086.8,1088.39,39701,42389,0.091,100,Stable
2023-03,2023,Q1,Karol G,Latin,Brazil,Americas,5219149,1983276,3235873,9.72,8007.29,8017.01,228199,58871,0.217,100,Rising
2023-03,2023,Q1,Rema,Afrobeats,Brazil,Americas,5889583,2238041,3651542,11.3,6937.48,6948.78,203466,209142,0.124,90,Rising
2023-03,2023,Q1,Arctic Monkeys,Rock,Brazil,Americas,8588116,3263484,5324632,17.22,11819.37,11836.59,192806,347931,0.253,100,Rising
2023-03,2023,Q1,Kendrick Lamar,Hip-Hop,Brazil,Americas,7322257,2782457,4539800,13.19,10896.94,10910.13,570748,94910,0.151,100,Rising
2023-03,2023,Q1,Blackpink,K-Pop,Brazil,Americas,6034883,2293255,3741628,12.86,5485.75,5498.61,245316,128061,0.192,100,Rising
2023-03,2023,Q1,Olivia Rodrigo,Pop,Brazil,Americas,9888785,3757738,6131047,19.8,10454.2,10474.0,779549,217125,0.082,100,Rising
2023-03,2023,Q1,Doja Cat,Pop,Brazil,Americas,10589140,4023873,6565267,22.35,17651.72,17674.07,342153,458441,0.127,100,Stable
2023-03,2023,Q1,Olivia Rodrigo,Pop,Mexico,Americas,10470129,3664545,6805584,15.35,9522.79,9538.14,378206,288960,0.2,100,Rising
2023-03,2023,Q1,Taylor Swift,Pop,Mexico,Americas,9063950,3172382,5891568,13.93,8585.51,8599.44,624774,254870,0.205,100,Stable
2023-03,2023,Q1,J. Cole,Hip-Hop,Mexico,Americas,3343478,1170217,2173261,4.17,4937.15,4941.32,237410,46200,0.278,100,Stable
2023-03,2023,Q1,Nicki Minaj,Hip-Hop,Mexico,Americas,11592021,4057207,7534814,17.54,15715.63,15733.17,412063,280413,0.321,100,Stable
2023-03,2023,Q1,Dua Lipa,Pop,Mexico,Americas,8996122,3148642,5847480,12.79,16205.23,16218.02,492488,171703,0.101,100,Rising
2023-03,2023,Q1,Harry Styles,Pop,Mexico,Americas,2861794,1001627,1860167,3.95,4929.91,4933.86,215237,33197,0.281,100,Stable
2023-03,2023,Q1,J Balvin,Latin,Mexico,Americas,10630082,3720528,6909554,17.04,13924.28,13941.32,228060,336433,0.315,100,Rising
2023-03,2023,Q1,Newjeans,K-Pop,Mexico,Americas,3053631,1068770,1984861,4.47,5026.85,5031.32,165950,139581,0.155,65,Stable
2023-03,2023,Q1,Burna Boy,Afrobeats,Mexico,Americas,4104282,1436498,2667784,5.34,6137.2,6142.54,164777,101334,0.291,97,Rising
2023-03,2023,Q1,Martin Garrix,Electronic,Mexico,Americas,1534697,537143,997554,2.35,2470.62,2472.97,112664,74082,0.082,100,Rising
2023-03,2023,Q1,Karol G,Latin,Mexico,Americas,10596324,3708713,6887611,15.39,8315.83,8331.22,542281,350747,0.28,100,Rising
2023-03,2023,Q1,Rauw Alejandro,Latin,Mexico,Americas,3701199,1295419,2405780,4.93,2812.5,2817.43,263585,141092,0.296,100,Stable
2023-03,2023,Q1,Billie Eilish,Pop,Colombia,Americas,5705491,1711647,3993844,5.18,6961.65,6966.83,450034,81080,0.232,100,Declining
2023-03,2023,Q1,Martin Garrix,Electronic,Colombia,Americas,7976223,2392866,5583357,7.49,6071.92,6079.41,569530,149875,0.302,100,Rising
2023-03,2023,Q1,Arctic Monkeys,Rock,Colombia,Americas,9380813,2814243,6566570,10.47,15121.28,15131.75,268871,317048,0.115,100,Rising
2023-03,2023,Q1,H.E.R.,R&B,Colombia,Americas,5096481,1528944,3567537,5.11,8566.22,8571.33,287675,54997,0.133,100,Rising
2023-03,2023,Q1,Calvin Harris,Electronic,Colombia,Americas,681673,204501,477172,0.77,1427.85,1428.62,24021,20117,0.144,74,Rising
2023-03,2023,Q1,Miley Cyrus,Pop,Colombia,Americas,4474360,1342308,3132052,4.75,5982.89,5987.64,125438,189746,0.181,100,Stable
2023-03,2023,Q1,Lil Baby,Hip-Hop,Colombia,Americas,3364746,1009423,2355323,3.29,6469.96,6473.25,241859,105504,0.085,100,Declining
2023-03,2023,Q1,Brent Faiyaz,R&B,Colombia,Americas,6674267,2002280,4671987,7.11,11736.6,11743.71,240210,169106,0.152,100,Rising
2023-03,2023,Q1,Wizkid,Afrobeats,Colombia,Americas,1466056,439816,1026240,1.51,1584.32,1585.83,105045,52695,0.295,100,Rising
2023-03,2023,Q1,Giveon,R&B,Colombia,Americas,10248404,3074521,7173883,9.71,20248.16,20257.87,332953,255697,0.199,100,Rising
2023-03,2023,Q1,Newjeans,K-Pop,Colombia,Americas,4414835,1324450,3090385,4.46,7216.22,7220.68,346513,151239,0.275,65,Stable
2023-03,2023,Q1,Miley Cyrus,Pop,Nigeria,Africa,220939,39769,181170,0.12,463.24,463.36,10974,2577,0.122,87,Stable
2023-03,2023,Q1,Arctic Monkeys,Rock,Nigeria,Africa,1991139,358405,1632734,0.93,4365.1,4366.03,47504,90586,0.114,98,Rising
2023-03,2023,Q1,Tyla,Afrobeats,Nigeria,Africa,6963010,1253341,5709669,4.14,14201.95,14206.09,374640,203515,0.15,100,Rising
2023-03,2023,Q1,J Balvin,Latin,Nigeria,Africa,497532,89555,407977,0.24,1071.44,1071.68,20273,14990,0.244,62,Rising
2023-03,2023,Q1,Twenty One Pilots,Rock,Nigeria,Africa,497569,89562,408007,0.23,675.24,675.47,31654,23351,0.252,64,Stable
2023-03,2023,Q1,Martin Garrix,Electronic,Nigeria,Africa,901748,162314,739434,0.49,2077.37,2077.86,60707,41663,0.237,99,Rising
2023-03,2023,Q1,Disclosure,Electronic,Nigeria,Africa,2213055,398349,1814706,1.03,5098.93,5099.96,112719,81522,0.098,79,Rising
2023-03,2023,Q1,Olivia Rodrigo,Pop,Nigeria,Africa,2597441,467539,2129902,1.44,4079.55,4080.99,198007,36083,0.293,100,Rising
2023-03,2023,Q1,Wizkid,Afrobeats,Nigeria,Africa,1309347,235682,1073665,0.66,1972.61,1973.27,61162,60782,0.108,100,Rising
2023-03,2023,Q1,Giveon,R&B,South Africa,Africa,424182,118770,305412,0.51,376.38,376.89,30035,8751,0.094,100,Rising
2023-03,2023,Q1,21 Savage,Hip-Hop,South Africa,Africa,642814,179987,462827,0.79,1351.21,1352.0,36207,19976,0.085,86,Declining
2023-03,2023,Q1,Harry Styles,Pop,South Africa,Africa,463657,129823,333834,0.53,434.73,435.26,35436,4644,0.284,100,Stable
2023-03,2023,Q1,Brent Faiyaz,R&B,South Africa,Africa,2953679,827030,2126649,3.75,2494.17,2497.92,225464,66308,0.218,100,Rising
2023-03,2023,Q1,Billie Eilish,Pop,South Africa,Africa,2219821,621549,1598272,2.66,2459.31,2461.97,119295,46940,0.185,100,Declining
2023-03,2023,Q1,Rauw Alejandro,Latin,South Africa,Africa,1297665,363346,934319,1.36,1575.85,1577.21,92381,56473,0.083,80,Stable
2023-03,2023,Q1,Ariana Grande,Pop,South Africa,Africa,721300,201964,519336,0.77,1181.45,1182.22,56038,35378,0.271,100,Stable
2023-03,2023,Q1,Bts,K-Pop,South Africa,Africa,1304811,365347,939464,1.62,1289.52,1291.14,72286,15691,0.3,74,Stable
2023-03,2023,Q1,Calvin Harris,Electronic,South Africa,Africa,482923,135218,347705,0.53,492.41,492.94,24099,22282,0.247,85,Rising
2023-03,2023,Q1,Paramore,Rock,South Africa,Africa,1319380,369426,949954,1.61,2747.81,2749.42,80733,51830,0.322,72,Stable
2023-03,2023,Q1,H.E.R.,R&B,South Africa,Africa,2254490,631257,1623233,2.15,3671.47,3673.62,109329,53836,0.249,100,Rising
2023-03,2023,Q1,Fred Again..,Electronic,Kenya,Africa,1155350,173302,982048,0.39,1323.41,1323.8,47786,52059,0.198,50,Declining
2023-03,2023,Q1,Brent Faiyaz,R&B,Kenya,Africa,2991498,448724,2542774,1.12,7039.23,7040.35,225115,78884,0.157,100,Rising
2023-03,2023,Q1,Kendrick Lamar,Hip-Hop,Kenya,Africa,190174,28526,161648,0.07,173.19,173.26,10657,6815,0.146,100,Rising
2023-03,2023,Q1,Ariana Grande,Pop,Kenya,Africa,472866,70929,401937,0.2,498.63,498.83,26963,16089,0.312,84,Stable
2023-03,2023,Q1,Taylor Swift,Pop,Kenya,Africa,479187,71878,407309,0.16,437.42,437.58,24950,14923,0.308,100,Stable
2023-03,2023,Q1,Ed Sheeran,Pop,Kenya,Africa,1746993,262048,1484945,0.6,3640.7,3641.3,43454,48988,0.263,100,Rising
2023-03,2023,Q1,Sza,R&B,Kenya,Africa,1209269,181390,1027879,0.51,3039.44,3039.95,37586,19724,0.089,100,Stable
2023-03,2023,Q1,Drake,Hip-Hop,Kenya,Africa,2404789,360718,2044071,0.78,3702.75,3703.53,138003,108942,0.347,100,Stable
2023-03,2023,Q1,Stray Kids,K-Pop,Kenya,Africa,255627,38344,217283,0.1,300.4,300.5,16237,7579,0.35,75,Declining
2023-03,2023,Q1,Asake,Afrobeats,Kenya,Africa,5602692,840403,4762289,2.24,8160.05,8162.29,304109,259935,0.344,100,Rising
2023-03,2023,Q1,Aespa,K-Pop,Ghana,Africa,1933729,270722,1663007,0.71,2425.76,2426.47,62820,61476,0.307,80,Rising
2023-03,2023,Q1,Giveon,R&B,Ghana,Africa,2934209,410789,2523420,0.86,5178.28,5179.14,60628,85157,0.171,100,Rising
2023-03,2023,Q1,J. Cole,Hip-Hop,Ghana,Africa,2674964,374494,2300470,0.74,4010.67,4011.41,131513,98179,0.16,100,Stable
2023-03,2023,Q1,Drake,Hip-Hop,Ghana,Africa,2425910,339627,2086283,0.78,6032.33,6033.11,186146,54098,0.299,100,Stable
2023-03,2023,Q1,Rema,Afrobeats,Ghana,Africa,1220344,170848,1049496,0.35,2499.99,2500.34,48522,28128,0.153,100,Rising
2023-03,2023,Q1,Ed Sheeran,Pop,Ghana,Africa,3719289,520700,3198589,1.35,6401.94,6403.29,216148,130050,0.116,100,Rising
2023-03,2023,Q1,Lil Baby,Hip-Hop,Ghana,Africa,1245636,174389,1071247,0.42,1281.05,1281.47,99452,50144,0.278,86,Declining
2023-03,2023,Q1,Ariana Grande,Pop,Ghana,Africa,1024591,143442,881149,0.3,2251.92,2252.22,79670,23508,0.266,96,Stable
2023-03,2023,Q1,Doja Cat,Pop,Ghana,Africa,352612,49365,303247,0.13,756.69,756.82,18599,7076,0.183,100,Stable
2023-03,2023,Q1,Davido,Afrobeats,Ghana,Africa,3783245,529654,3253591,1.29,3469.45,3470.74,204462,63628,0.118,100,Rising
2023-03,2023,Q1,Rauw Alejandro,Latin,Ghana,Africa,1330051,186207,1143844,0.39,1797.46,1797.85,96089,60614,0.253,68,Stable
2023-03,2023,Q1,Disclosure,Electronic,Ghana,Africa,619807,86772,533035,0.2,883.89,884.09,29940,13122,0.082,75,Rising
2023-03,2023,Q1,Olivia Rodrigo,Pop,Japan,Asia,6414125,3848475,2565650,36.72,3625.12,3661.84,215900,66456,0.344,100,Rising
2023-03,2023,Q1,J. Cole,Hip-Hop,Japan,Asia,4790177,2874106,1916071,28.72,4795.78,4824.5,291229,192919,0.126,85,Stable
2023-03,2023,Q1,H.E.R.,R&B,Japan,Asia,211119,126671,84448,1.1,209.67,210.77,6237,7310,0.315,77,Rising
2023-03,2023,Q1,Imagine Dragons,Rock,Japan,Asia,812458,487474,324984,5.19,776.73,781.92,28243,19854,0.28,95,Stable
2023-03,2023,Q1,Martin Garrix,Electronic,Japan,Asia,992292,595375,396917,4.98,804.47,809.45,23995,18790,0.199,100,Rising
2023-03,2023,Q1,Brent Faiyaz,R&B,Japan,Asia,3320733,1992439,1328294,16.88,3220.93,3237.81,72437,44264,0.335,60,Rising
2023-03,2023,Q1,Stray Kids,K-Pop,Japan,Asia,17499129,10499477,6999652,99.23,13247.9,13347.13,1169507,674174,0.244,100,Declining
2023-03,2023,Q1,Bts,K-Pop,Japan,Asia,3749198,2249518,1499680,20.58,4014.18,4034.76,133353,80872,0.263,100,Stable
2023-03,2023,Q1,Newjeans,K-Pop,Japan,Asia,15190505,9114303,6076202,90.81,17470.92,17561.73,372440,465777,0.102,100,Stable
2023-03,2023,Q1,Rema,Afrobeats,Japan,Asia,321652,192991,128661,1.86,213.01,214.87,10689,9215,0.26,80,Rising
2023-03,2023,Q1,Harry Styles,Pop,Japan,Asia,4605973,2763583,1842390,24.1,4631.2,4655.3,312521,193508,0.183,100,Stable
2023-03,2023,Q1,Disclosure,Electronic,Japan,Asia,2182361,1309416,872945,12.11,1903.88,1915.99,50936,107875,0.296,100,Rising
2023-03,2023,Q1,Drake,Hip-Hop,South Korea,Asia,3631867,1997526,1634341,16.91,1780.54,1797.45,157735,164337,0.123,75,Stable
2023-03,2023,Q1,Rema,Afrobeats,South Korea,Asia,4609428,2535185,2074243,20.16,4966.7,4986.86,328216,82150,0.169,85,Rising
2023-03,2023,Q1,Brent Faiyaz,R&B,South Korea,Asia,751485,413316,338169,3.37,983.03,986.4,30452,26743,0.339,74,Rising
2023-03,2023,Q1,J. Cole,Hip-Hop,South Korea,Asia,3774981,2076239,1698742,14.39,4062.48,4076.87,235679,91988,0.139,97,Stable
2023-03,2023,Q1,The Weeknd,R&B/Pop,South Korea,Asia,3921855,2157020,1764835,15.51,2254.37,2269.88,157817,165073,0.134,100,Rising
2023-03,2023,Q1,Imagine Dragons,Rock,South Korea,Asia,3231332,1777232,1454100,14.48,4077.1,4091.58,239510,154347,0.322,81,Stable
2023-03,2023,Q1,Ariana Grande,Pop,South Korea,Asia,4116320,2263976,1852344,20.69,5030.58,5051.27,266509,45494,0.239,100,Stable
2023-03,2023,Q1,Post Malone,Hip-Hop,South Korea,Asia,700505,385277,315228,2.99,880.43,883.42,14041,16853,0.111,85,Declining
2023-03,2023,Q1,Newjeans,K-Pop,South Korea,Asia,4925270,2708898,2216372,19.91,5842.63,5862.54,307793,50350,0.348,100,Stable
2023-03,2023,Q1,Taylor Swift,Pop,South Korea,Asia,1157505,636627,520878,4.88,700.75,705.63,35999,12517,0.23,100,Stable
2023-03,2023,Q1,Dua Lipa,Pop,South Korea,Asia,5530714,3041892,2488822,21.96,4588.54,4610.5,250903,223432,0.306,100,Rising
2023-03,2023,Q1,Paramore,Rock,South Korea,Asia,315540,173547,141993,1.41,230.14,231.55,17817,7775,0.133,74,Stable
2023-03,2023,Q1,Dua Lipa,Pop,India,Asia,5235832,1151883,4083949,2.01,11104.2,11106.21,202466,52662,0.143,100,Rising
2023-03,2023,Q1,Blackpink,K-Pop,India,Asia,20022778,4405011,15617767,7.75,34835.14,34842.89,669708,746028,0.307,100,Rising
2023-03,2023,Q1,Rema,Afrobeats,India,Asia,4739948,1042788,3697160,1.84,10205.43,10207.27,216633,61430,0.223,89,Rising
2023-03,2023,Q1,Bad Bunny,Latin,India,Asia,3956847,870506,3086341,1.55,5088.84,5090.39,117962,49005,0.157,73,Stable
2023-03,2023,Q1,Miley Cyrus,Pop,India,Asia,2078241,457213,1621028,0.98,1775.97,1776.95,47287,88188,0.197,100,Stable
2023-03,2023,Q1,Kendrick Lamar,Hip-Hop,India,Asia,533301,117326,415975,0.21,570.24,570.45,41324,17911,0.185,100,Rising
2023-03,2023,Q1,Brent Faiyaz,R&B,India,Asia,2793828,614642,2179186,1.17,2268.96,2270.13,62759,104007,0.264,63,Rising
2023-03,2023,Q1,Coldplay,Rock,India,Asia,2667136,586769,2080367,1.21,2968.73,2969.94,150298,67542,0.107,59,Stable
2023-03,2023,Q1,Karol G,Latin,India,Asia,4994999,1098899,3896100,2.08,4235.54,4237.62,275664,128485,0.178,86,Rising
2023-03,2023,Q1,Tyla,Afrobeats,Indonesia,Asia,4747314,949462,3797852,2.35,5892.26,5894.61,344006,74627,0.316,88,Rising
2023-03,2023,Q1,21 Savage,Hip-Hop,Indonesia,Asia,3294863,658972,2635891,1.84,7341.83,7343.67,87780,138017,0.201,58,Declining
2023-03,2023,Q1,Karol G,Latin,Indonesia,Asia,754421,150884,603537,0.35,1584.61,1584.96,51254,37388,0.127,99,Rising
2023-03,2023,Q1,Brent Faiyaz,R&B,Indonesia,Asia,3653356,730671,2922685,1.79,5072.48,5074.27,234245,124725,0.256,65,Rising
2023-03,2023,Q1,Lil Baby,Hip-Hop,Indonesia,Asia,3635151,727030,2908121,1.7,8640.34,8642.04,250316,172972,0.241,58,Declining
2023-03,2023,Q1,Olivia Rodrigo,Pop,Indonesia,Asia,9496604,1899320,7597284,5.09,16079.0,16084.09,320134,101607,0.184,100,Rising
2023-03,2023,Q1,Imagine Dragons,Rock,Indonesia,Asia,3741388,748277,2993111,2.09,7671.48,7673.57,237106,117184,0.319,80,Stable
2023-03,2023,Q1,Rema,Afrobeats,Indonesia,Asia,5137975,1027595,4110380,2.68,4544.61,4547.29,109201,75622,0.336,89,Rising
2023-03,2023,Q1,Ariana Grande,Pop,Indonesia,Asia,3691305,738261,2953044,1.99,8389.61,8391.6,203377,151996,0.283,100,Stable
2023-03,2023,Q1,Sza,R&B,Argentina,Latam,247696,79262,168434,0.22,268.62,268.84,11996,3547,0.114,71,Stable
2023-03,2023,Q1,Harry Styles,Pop,Argentina,Latam,1124713,359908,764805,1.2,1490.99,1492.19,48426,19927,0.12,100,Stable
2023-03,2023,Q1,Kendrick Lamar,Hip-Hop,Argentina,Latam,2485101,795232,1689869,2.81,3048.27,3051.08,64168,82935,0.169,100,Rising
2023-03,2023,Q1,Post Malone,Hip-Hop,Argentina,Latam,3761229,1203593,2557636,4.33,7180.37,7184.7,81913,58725,0.103,100,Declining
2023-03,2023,Q1,Aespa,K-Pop,Argentina,Latam,1908357,610674,1297683,1.8,3042.68,3044.48,41119,53433,0.229,77,Rising
2023-03,2023,Q1,Dua Lipa,Pop,Argentina,Latam,2471253,790800,1680453,2.61,3487.99,3490.6,85876,62817,0.087,100,Rising
2023-03,2023,Q1,J Balvin,Latin,Argentina,Latam,5260525,1683368,3577157,5.25,4318.01,4323.26,362558,115072,0.343,100,Rising
2023-03,2023,Q1,Olivia Rodrigo,Pop,Argentina,Latam,2480126,793640,1686486,2.61,3260.56,3263.17,167912,107474,0.157,100,Rising
2023-03,2023,Q1,Bts,K-Pop,Argentina,Latam,343822,110023,233799,0.4,341.6,342.0,7875,13109,0.344,71,Stable
2023-03,2023,Q1,Burna Boy,Afrobeats,Argentina,Latam,978783,313210,665573,1.1,672.72,673.82,28493,10584,0.348,46,Rising
2023-03,2023,Q1,Wizkid,Afrobeats,Argentina,Latam,152519,48806,103713,0.18,207.08,207.26,11879,4597,0.154,52,Rising
2023-03,2023,Q1,Tyla,Afrobeats,Argentina,Latam,688233,220234,467999,0.73,1370.49,1371.22,14440,26729,0.249,52,Rising
2023-03,2023,Q1,Coldplay,Rock,Chile,Latam,698514,237494,461020,0.84,1025.72,1026.56,20236,18647,0.171,53,Stable
2023-03,2023,Q1,Bts,K-Pop,Chile,Latam,2452580,833877,1618703,3.17,3007.44,3010.61,59145,109709,0.287,74,Stable
2023-03,2023,Q1,Taylor Swift,Pop,Chile,Latam,2704418,919502,1784916,2.78,2486.54,2489.32,88268,134459,0.234,100,Stable
2023-03,2023,Q1,Rema,Afrobeats,Chile,Latam,1284198,436627,847571,1.4,1958.46,1959.86,61807,36389,0.287,41,Rising
2023-03,2023,Q1,Travis Scott,Hip-Hop,Chile,Latam,4041568,1374133,2667435,5.01,3469.53,3474.54,230504,178190,0.113,100,Declining
2023-03,2023,Q1,Burna Boy,Afrobeats,Chile,Latam,634676,215789,418887,0.8,598.24,599.04,16988,25379,0.147,37,Rising
2023-03,2023,Q1,Imagine Dragons,Rock,Chile,Latam,778639,264737,513902,0.85,858.24,859.09,28252,36438,0.143,81,Stable
2023-03,2023,Q1,Wizkid,Afrobeats,Chile,Latam,977972,332510,645462,1.05,1699.54,1700.59,54956,23878,0.2,65,Rising
2023-04,2023,Q2,21 Savage,Hip-Hop,Netherlands,Europe,1976517,1344031,632486,15.08,1122.46,1137.54,80845,35925,0.322,70,Declining
2023-04,2023,Q2,Bts,K-Pop,Netherlands,Europe,1164679,791981,372698,6.81,990.48,997.29,51986,42299,0.181,82,Stable
2023-04,2023,Q2,Rema,Afrobeats,Netherlands,Europe,3117501,2119900,997601,21.68,2716.68,2738.36,81410,68712,0.214,92,Rising
2023-04,2023,Q2,Twenty One Pilots,Rock,Netherlands,Europe,1526435,1037975,488460,11.51,974.73,986.24,64063,55711,0.172,100,Stable
2023-04,2023,Q2,Stray Kids,K-Pop,Netherlands,Europe,1539471,1046840,492631,9.64,1188.89,1198.53,61058,36570,0.252,65,Declining
2023-04,2023,Q2,Travis Scott,Hip-Hop,Netherlands,Europe,388686,264306,124380,2.57,371.87,374.44,11216,13102,0.319,100,Declining
2023-04,2023,Q2,Arctic Monkeys,Rock,Netherlands,Europe,8142258,5536735,2605523,47.24,4198.06,4245.3,494627,402975,0.081,100,Rising
2023-04,2023,Q2,Brent Faiyaz,R&B,Netherlands,Europe,1871284,1272473,598811,11.83,1191.04,1202.87,115676,19602,0.252,86,Rising
2023-04,2023,Q2,Miley Cyrus,Pop,Netherlands,Europe,807259,548936,258323,6.27,720.26,726.53,26032,14356,0.249,100,Stable
2023-04,2023,Q2,Taylor Swift,Pop,Netherlands,Europe,2276152,1547783,728369,13.45,1833.38,1846.83,106669,87124,0.167,100,Stable
2023-04,2023,Q2,Karol G,Latin,Netherlands,Europe,1910290,1298997,611293,14.8,1588.2,1603.0,147446,74997,0.317,96,Rising
2023-04,2023,Q2,Doja Cat,Pop,Netherlands,Europe,932133,633850,298283,5.86,588.01,593.87,48964,37892,0.186,100,Stable
2023-04,2023,Q2,Arctic Monkeys,Rock,United Kingdom,Europe,6619573,4302722,2316851,48.33,6261.3,6309.63,313095,66247,0.323,100,Rising
2023-04,2023,Q2,Asake,Afrobeats,United Kingdom,Europe,180758,117492,63266,1.15,96.4,97.55,14436,8120,0.228,64,Rising
2023-04,2023,Q2,Martin Garrix,Electronic,United Kingdom,Europe,12093224,7860595,4232629,86.22,10400.55,10486.77,378983,493115,0.174,100,Rising
2023-04,2023,Q2,Frank Ocean,R&B,United Kingdom,Europe,4990597,3243888,1746709,33.98,1985.56,2019.54,236758,182460,0.16,94,Rising
2023-04,2023,Q2,Taylor Swift,Pop,United Kingdom,Europe,10746185,6985020,3761165,66.1,9883.05,9949.15,489913,241448,0.197,100,Stable
2023-04,2023,Q2,Davido,Afrobeats,United Kingdom,Europe,205922,133849,72073,1.49,77.69,79.18,5918,4715,0.173,100,Rising
2023-04,2023,Q2,Sza,R&B,United Kingdom,Europe,3249127,2111932,1137195,18.13,3052.3,3070.43,122000,141455,0.209,75,Stable
2023-04,2023,Q2,Bad Bunny,Latin,United Kingdom,Europe,1227195,797676,429519,7.23,967.87,975.1,97529,56012,0.24,88,Stable
2023-04,2023,Q2,Wizkid,Afrobeats,United Kingdom,Europe,5398124,3508780,1889344,34.73,2163.9,2198.63,270420,80940,0.306,100,Rising
2023-04,2023,Q2,Nicki Minaj,Hip-Hop,Germany,Europe,4183240,2928268,1254972,28.58,2629.26,2657.84,332565,78809,0.181,100,Stable
2023-04,2023,Q2,Aespa,K-Pop,Germany,Europe,1004771,703339,301432,6.51,865.82,872.33,38255,43463,0.259,89,Rising
2023-04,2023,Q2,21 Savage,Hip-Hop,Germany,Europe,2281035,1596724,684311,18.26,1846.66,1864.92,146128,103903,0.279,76,Declining
2023-04,2023,Q2,Karol G,Latin,Germany,Europe,197281,138096,59185,1.35,130.58,131.93,10727,6508,0.149,85,Rising
2023-04,2023,Q2,Stray Kids,K-Pop,Germany,Europe,1205036,843525,361511,8.76,537.92,546.68,27591,40283,0.093,71,Declining
2023-04,2023,Q2,Harry Styles,Pop,Germany,Europe,3826432,2678502,1147930,30.21,1299.05,1329.26,246682,96136,0.336,100,Stable
2023-04,2023,Q2,Miley Cyrus,Pop,Germany,Europe,5803976,4062783,1741193,39.14,2085.61,2124.75,176597,215832,0.084,100,Stable
2023-04,2023,Q2,Lil Baby,Hip-Hop,Germany,Europe,1388199,971739,416460,9.52,738.42,747.94,43749,67407,0.339,75,Declining
2023-04,2023,Q2,Dua Lipa,Pop,Sweden,Europe,1258973,906460,352513,10.53,783.08,793.61,59817,48502,0.141,100,Rising
2023-04,2023,Q2,Post Malone,Hip-Hop,Sweden,Europe,1542867,1110864,432003,11.14,1254.56,1265.7,95571,62019,0.285,89,Declining
2023-04,2023,Q2,Aespa,K-Pop,Sweden,Europe,433619,312205,121414,2.86,307.3,310.16,18859,16662,0.236,80,Rising
2023-04,2023,Q2,Karol G,Latin,Sweden,Europe,4513631,3249814,1263817,33.15,3389.43,3422.58,129540,145270,0.263,78,Rising
2023-04,2023,Q2,Rema,Afrobeats,Sweden,Europe,2060621,1483647,576974,17.08,1605.55,1622.63,154358,62421,0.264,91,Rising
2023-04,2023,Q2,Bts,K-Pop,Sweden,Europe,2982434,2147352,835082,20.07,1268.43,1288.5,140909,74169,0.32,75,Stable
2023-04,2023,Q2,Billie Eilish,Pop,Sweden,Europe,8544046,6151713,2392333,69.51,4259.38,4328.89,593612,351753,0.249,100,Declining
2023-04,2023,Q2,Twenty One Pilots,Rock,Sweden,Europe,5169479,3722024,1447455,39.16,4282.91,4322.07,123143,93065,0.249,100,Stable
2023-04,2023,Q2,Newjeans,K-Pop,France,Europe,2939443,1822454,1116989,20.74,3155.21,3175.95,215319,49743,0.169,75,Stable
2023-04,2023,Q2,Ed Sheeran,Pop,France,Europe,2201860,1365153,836707,11.88,1418.82,1430.7,173369,53186,0.204,100,Rising
2023-04,2023,Q2,Martin Garrix,Electronic,France,Europe,17373158,10771357,6601801,93.3,13713.84,13807.14,730324,275821,0.28,100,Rising
2023-04,2023,Q2,J Balvin,Latin,France,Europe,4099980,2541987,1557993,29.03,1870.69,1899.72,190074,201286,0.182,79,Rising
2023-04,2023,Q2,Olivia Rodrigo,Pop,France,Europe,6904083,4280531,2623552,47.33,5603.46,5650.79,175165,304696,0.224,100,Rising
2023-04,2023,Q2,Twenty One Pilots,Rock,France,Europe,5909830,3664094,2245736,39.95,5883.2,5923.15,160932,130375,0.291,100,Stable
2023-04,2023,Q2,Imagine Dragons,Rock,France,Europe,9144098,5669340,3474758,52.97,5779.28,5832.25,249832,242589,0.238,100,Stable
2023-04,2023,Q2,Harry Styles,Pop,France,Europe,6542655,4056446,2486209,40.5,4247.7,4288.2,344507,100293,0.081,100,Stable
2023-04,2023,Q2,Fred Again..,Electronic,Ireland,Europe,4596888,2942008,1654880,32.27,4721.91,4754.18,205603,182131,0.1,100,Declining
2023-04,2023,Q2,Ed Sheeran,Pop,Ireland,Europe,5804787,3715063,2089724,33.35,4780.76,4814.11,399401,268196,0.155,100,Rising
2023-04,2023,Q2,21 Savage,Hip-Hop,Ireland,Europe,3550492,2272314,1278178,19.8,1882.07,1901.87,83301,123359,0.295,73,Declining
2023-04,2023,Q2,Burna Boy,Afrobeats,Ireland,Europe,273564,175080,98484,1.52,131.54,133.06,12212,8369,0.139,94,Rising
2023-04,2023,Q2,J. Cole,Hip-Hop,Ireland,Europe,3252958,2081893,1171065,22.41,3215.11,3237.52,119969,44919,0.148,100,Stable
2023-04,2023,Q2,Tyla,Afrobeats,Ireland,Europe,998649,639135,359514,6.18,716.29,722.47,30148,35913,0.247,91,Rising
2023-04,2023,Q2,J Balvin,Latin,Ireland,Europe,3064272,1961134,1103138,21.2,1603.84,1625.04,222868,38893,0.192,70,Rising
2023-04,2023,Q2,Brent Faiyaz,R&B,Ireland,Europe,4611507,2951364,1660143,27.41,4733.57,4760.98,172744,126612,0.175,78,Rising
2023-04,2023,Q2,Martin Garrix,Electronic,Ireland,Europe,1551347,992862,558485,10.16,1507.56,1517.72,120715,58022,0.168,100,Rising
2023-04,2023,Q2,Peso Pluma,Latin,Ireland,Europe,384507,246084,138423,2.56,304.54,307.1,24753,4718,0.277,82,Rising
2023-04,2023,Q2,Lil Baby,Hip-Hop,Ireland,Europe,777531,497619,279912,5.52,698.7,704.22,48365,30030,0.275,70,Declining
2023-04,2023,Q2,Olivia Rodrigo,Pop,Spain,Europe,2065949,1136271,929678,12.56,2079.83,2092.39,116864,96797,0.147,100,Rising
2023-04,2023,Q2,Travis Scott,Hip-Hop,Spain,Europe,3134617,1724039,1410578,16.95,3198.88,3215.83,147801,107879,0.302,100,Declining
2023-04,2023,Q2,Ed Sheeran,Pop,Spain,Europe,6242086,3433147,2808939,36.38,4354.34,4390.72,247446,158406,0.1,100,Rising
2023-04,2023,Q2,Twenty One Pilots,Rock,Spain,Europe,3869548,2128251,1741297,21.25,4187.82,4209.07,256596,99458,0.259,100,Stable
2023-04,2023,Q2,The Weeknd,R&B/Pop,Spain,Europe,1014406,557923,456483,6.23,1074.67,1080.9,59734,12534,0.301,100,Rising
2023-04,2023,Q2,Miley Cyrus,Pop,Spain,Europe,2973638,1635500,1338138,18.58,3629.27,3647.85,61425,135089,0.1,100,Stable
2023-04,2023,Q2,Sza,R&B,Spain,Europe,2973217,1635269,1337948,14.07,3401.55,3415.62,79391,78574,0.301,89,Stable
2023-04,2023,Q2,Drake,Hip-Hop,Spain,Europe,1938691,1066280,872411,11.21,2563.05,2574.26,114994,36786,0.176,91,Stable
2023-04,2023,Q2,Peso Pluma,Latin,Spain,Europe,170425,93733,76692,0.91,133.48,134.39,10316,4272,0.237,89,Rising
2023-04,2023,Q2,Tyla,Afrobeats,Italy,Europe,2177434,1132265,1045169,10.54,2171.09,2181.63,63668,92393,0.099,91,Rising
2023-04,2023,Q2,Karol G,Latin,Italy,Europe,2034510,1057945,976565,10.49,1757.18,1767.67,128801,97900,0.283,81,Rising
2023-04,2023,Q2,Ariana Grande,Pop,Italy,Europe,8208994,4268676,3940318,41.24,9183.95,9225.19,537857,102724,0.287,100,Stable
2023-04,2023,Q2,Arctic Monkeys,Rock,Italy,Europe,10186237,5296843,4889394,57.64,12460.12,12517.76,384823,379561,0.27,100,Rising
2023-04,2023,Q2,Asake,Afrobeats,Italy,Europe,1357068,705675,651393,6.82,1052.99,1059.81,86142,40262,0.085,63,Rising
2023-04,2023,Q2,Nicki Minaj,Hip-Hop,Italy,Europe,1854036,964098,889938,8.54,952.84,961.38,67747,91847,0.153,100,Stable
2023-04,2023,Q2,Peso Pluma,Latin,Italy,Europe,2091546,1087603,1003943,10.89,2861.03,2871.92,85001,54558,0.131,88,Rising
2023-04,2023,Q2,Wizkid,Afrobeats,Italy,Europe,2210159,1149282,1060877,12.67,1424.44,1437.11,104211,50319,0.157,100,Rising
2023-04,2023,Q2,Bts,K-Pop,Italy,Europe,1365033,709817,655216,6.49,1564.98,1571.47,71408,67489,0.178,80,Stable
2023-04,2023,Q2,J. Cole,Hip-Hop,Italy,Europe,3269257,1700013,1569244,17.09,4132.16,4149.25,232387,63481,0.242,100,Stable
2023-04,2023,Q2,H.E.R.,R&B,Italy,Europe,3581058,1862150,1718908,20.3,3824.74,3845.04,250245,107971,0.105,90,Rising
2023-04,2023,Q2,Drake,Hip-Hop,United States,Americas,10659374,6182436,4476938,58.81,9791.99,9850.8,574048,273113,0.251,100,Stable
2023-04,2023,Q2,Sza,R&B,United States,Americas,4900033,2842019,2058014,33.38,4335.36,4368.74,377016,68892,0.275,100,Stable
2023-04,2023,Q2,Wizkid,Afrobeats,United States,Americas,6760651,3921177,2839474,41.61,6170.56,6212.17,296291,306442,0.11,100,Rising
2023-04,2023,Q2,Frank Ocean,R&B,United States,Americas,2343476,1359216,984260,14.71,1352.51,1367.22,72166,63260,0.284,100,Rising
2023-04,2023,Q2,Paramore,Rock,United States,Americas,2850152,1653088,1197064,16.62,3008.53,3025.15,149450,65859,0.136,100,Stable
2023-04,2023,Q2,Dua Lipa,Pop,United States,Americas,8439629,4894984,3544645,48.87,4086.31,4135.18,469200,92907,0.098,100,Rising
2023-04,2023,Q2,Nicki Minaj,Hip-Hop,United States,Americas,3900426,2262247,1638179,22.72,2749.09,2771.81,198092,138518,0.227,100,Stable
2023-04,2023,Q2,Tyla,Afrobeats,United States,Americas,2362372,1370175,992197,12.97,1284.05,1297.02,62307,55321,0.245,88,Rising
2023-04,2023,Q2,Billie Eilish,Pop,Brazil,Americas,3929825,1493333,2436492,8.49,5206.22,5214.71,260475,174669,0.32,100,Declining
2023-04,2023,Q2,H.E.R.,R&B,Brazil,Americas,2669345,1014351,1654994,4.91,2451.76,2456.67,105266,51547,0.153,100,Rising
2023-04,2023,Q2,21 Savage,Hip-Hop,Brazil,Americas,5478255,2081736,3396519,10.23,8777.95,8788.18,256923,263966,0.12,100,Declining
2023-04,2023,Q2,Asake,Afrobeats,Brazil,Americas,2304653,875768,1428885,4.86,3165.98,3170.84,158793,71126,0.242,65,Rising
2023-04,2023,Q2,J Balvin,Latin,Brazil,Americas,1029364,391158,638206,1.9,885.28,887.18,61192,15084,0.304,100,Rising
2023-04,2023,Q2,Newjeans,K-Pop,Brazil,Americas,1786393,678829,1107564,3.08,3176.26,3179.34,46931,69995,0.249,61,Stable
2023-04,2023,Q2,Harry Styles,Pop,Brazil,Americas,12138841,4612759,7526082,23.07,17595.96,17619.03,323575,373316,0.186,100,Stable
2023-04,2023,Q2,Wizkid,Afrobeats,Brazil,Americas,7217559,2742672,4474887,12.29,13416.94,13429.23,272149,189248,0.315,100,Rising
2023-04,2023,Q2,J. Cole,Hip-Hop,Brazil,Americas,11147512,4236054,6911458,22.72,10061.71,10084.43,653515,522773,0.214,100,Stable
2023-04,2023,Q2,Doja Cat,Pop,Mexico,Americas,10972323,3840313,7132010,14.15,15620.48,15634.63,400855,529981,0.189,100,Stable
2023-04,2023,Q2,J Balvin,Latin,Mexico,Americas,10012353,3504323,6508030,13.49,7505.55,7519.04,558556,447584,0.265,100,Rising
2023-04,2023,Q2,Peso Pluma,Latin,Mexico,Americas,6379631,2232870,4146761,10.09,7366.91,7377.0,406500,168617,0.216,100,Rising
2023-04,2023,Q2,Coldplay,Rock,Mexico,Americas,609969,213489,396480,0.88,911.2,912.08,47528,23208,0.253,76,Stable
2023-04,2023,Q2,Frank Ocean,R&B,Mexico,Americas,6061594,2121557,3940037,7.55,9738.29,9745.84,356048,296106,0.326,100,Rising
2023-04,2023,Q2,21 Savage,Hip-Hop,Mexico,Americas,1791626,627069,1164557,2.33,2543.53,2545.86,38591,35562,0.172,100,Declining
2023-04,2023,Q2,The Weeknd,R&B/Pop,Mexico,Americas,6070964,2124837,3946127,8.18,4287.09,4295.27,292355,243587,0.293,100,Rising
2023-04,2023,Q2,Bts,K-Pop,Mexico,Americas,3764552,1317593,2446959,4.93,4072.26,4077.19,223542,155878,0.269,75,Stable
2023-04,2023,Q2,Disclosure,Electronic,Mexico,Americas,4715760,1650516,3065244,6.61,5930.59,5937.2,356818,192276,0.304,79,Rising
2023-04,2023,Q2,Ariana Grande,Pop,Colombia,Americas,7096828,2129048,4967780,6.88,14744.79,14751.67,220484,202790,0.252,100,Stable
2023-04,2023,Q2,Taylor Swift,Pop,Colombia,Americas,9064933,2719479,6345454,9.79,17327.14,17336.93,324801,246770,0.308,100,Stable
2023-04,2023,Q2,Harry Styles,Pop,Colombia,Americas,12452259,3735677,8716582,12.5,14104.0,14116.5,657685,188810,0.09,100,Stable
2023-04,2023,Q2,Post Malone,Hip-Hop,Colombia,Americas,13779826,4133947,9645879,14.64,20057.3,20071.94,583518,451374,0.204,100,Declining
2023-04,2023,Q2,Ed Sheeran,Pop,Colombia,Americas,14239281,4271784,9967497,13.12,27214.14,27227.26,537925,537946,0.301,100,Rising
2023-04,2023,Q2,Travis Scott,Hip-Hop,Colombia,Americas,11242695,3372808,7869887,11.58,18395.17,18406.75,733722,307665,0.179,100,Declining
2023-04,2023,Q2,J Balvin,Latin,Colombia,Americas,9404368,2821310,6583058,9.76,8865.71,8875.47,401537,203598,0.29,100,Rising
2023-04,2023,Q2,Rema,Afrobeats,Colombia,Americas,953258,285977,667281,1.02,857.72,858.74,36087,33309,0.276,82,Rising
2023-04,2023,Q2,Billie Eilish,Pop,Colombia,Americas,2233800,670140,1563660,2.34,3796.07,3798.41,51809,90269,0.236,100,Declining
2023-04,2023,Q2,Twenty One Pilots,Rock,Nigeria,Africa,615419,110775,504644,0.35,764.9,765.25,25443,18191,0.294,50,Stable
2023-04,2023,Q2,J. Cole,Hip-Hop,Nigeria,Africa,734804,132264,602540,0.37,775.21,775.58,42485,26858,0.334,100,Stable
2023-04,2023,Q2,Olivia Rodrigo,Pop,Nigeria,Africa,1445186,260133,1185053,0.74,2401.25,2401.99,72188,49329,0.339,100,Rising
2023-04,2023,Q2,Doja Cat,Pop,Nigeria,Africa,1613071,290352,1322719,0.95,1802.78,1803.73,78371,77383,0.237,99,Stable
2023-04,2023,Q2,H.E.R.,R&B,Nigeria,Africa,709087,127635,581452,0.4,777.97,778.37,44167,28120,0.319,100,Rising
2023-04,2023,Q2,Travis Scott,Hip-Hop,Nigeria,Africa,538416,96914,441502,0.3,706.61,706.91,24749,21355,0.346,100,Declining
2023-04,2023,Q2,Disclosure,Electronic,Nigeria,Africa,1134051,204129,929922,0.54,943.57,944.11,31184,54714,0.286,85,Rising
2023-04,2023,Q2,Peso Pluma,Latin,Nigeria,Africa,1495005,269100,1225905,0.72,2400.26,2400.98,67509,54760,0.095,70,Rising
2023-04,2023,Q2,Ed Sheeran,Pop,Nigeria,Africa,1457103,262278,1194825,0.82,2879.55,2880.37,115909,37109,0.206,100,Rising
2023-04,2023,Q2,Billie Eilish,Pop,Nigeria,Africa,636332,114539,521793,0.31,1059.11,1059.42,15961,22057,0.145,100,Declining
2023-04,2023,Q2,Davido,Afrobeats,Nigeria,Africa,5063014,911342,4151672,2.68,6251.19,6253.87,139699,184031,0.141,100,Rising
2023-04,2023,Q2,Ariana Grande,Pop,Nigeria,Africa,2763608,497449,2266159,1.41,4284.26,4285.67,166189,95784,0.333,100,Stable
2023-04,2023,Q2,Bts,K-Pop,South Africa,Africa,1642151,459802,1182349,1.9,2040.52,2042.42,115697,57001,0.14,72,Stable
2023-04,2023,Q2,Harry Styles,Pop,South Africa,Africa,1672587,468324,1204263,1.74,3159.11,3160.85,85463,47035,0.272,100,Stable
2023-04,2023,Q2,Drake,Hip-Hop,South Africa,Africa,3620652,1013782,2606870,4.0,5436.98,5440.98,248059,124937,0.255,100,Stable
2023-04,2023,Q2,Imagine Dragons,Rock,South Africa,Africa,1474084,412743,1061341,1.41,2447.29,2448.7,115321,25108,0.199,92,Stable
2023-04,2023,Q2,Rauw Alejandro,Latin,South Africa,Africa,1863480,521774,1341706,2.05,3980.36,3982.41,70017,25501,0.196,77,Stable
2023-04,2023,Q2,J Balvin,Latin,South Africa,Africa,269786,75540,194246,0.33,443.04,443.37,6601,8164,0.291,63,Rising
2023-04,2023,Q2,Stray Kids,K-Pop,South Africa,Africa,1395208,390658,1004550,1.54,2754.08,2755.62,101467,33135,0.105,62,Declining
2023-04,2023,Q2,Doja Cat,Pop,South Africa,Africa,1191353,333578,857775,1.39,1426.26,1427.65,71540,56600,0.256,100,Stable
2023-04,2023,Q2,Sza,R&B,Kenya,Africa,3402853,510427,2892426,1.41,4918.88,4920.29,154410,115514,0.222,100,Stable
2023-04,2023,Q2,Rauw Alejandro,Latin,Kenya,Africa,155395,23309,132086,0.06,142.77,142.83,10764,2415,0.177,67,Stable
2023-04,2023,Q2,Kendrick Lamar,Hip-Hop,Kenya,Africa,1858838,278825,1580013,0.71,3610.4,3611.11,72485,40187,0.212,100,Rising
2023-04,2023,Q2,Asake,Afrobeats,Kenya,Africa,3604755,540713,3064042,1.46,8149.36,8150.82,287183,97855,0.316,100,Rising
2023-04,2023,Q2,Nicki Minaj,Hip-Hop,Kenya,Africa,450268,67540,382728,0.15,857.86,858.01,24712,8179,0.295,100,Stable
2023-04,2023,Q2,H.E.R.,R&B,Kenya,Africa,1659747,248962,1410785,0.61,3808.78,3809.39,52446,44329,0.231,100,Rising
2023-04,2023,Q2,Lil Baby,Hip-Hop,Kenya,Africa,241862,36279,205583,0.1,232.42,232.52,6677,3572,0.348,89,Declining
2023-04,2023,Q2,Disclosure,Electronic,Kenya,Africa,488985,73347,415638,0.18,940.21,940.39,32637,12569,0.124,89,Rising
2023-04,2023,Q2,Peso Pluma,Latin,Kenya,Africa,1574264,236139,1338125,0.52,3749.54,3750.06,94223,73801,0.327,84,Rising
2023-04,2023,Q2,Miley Cyrus,Pop,Kenya,Africa,1883895,282584,1601311,0.79,2553.83,2554.62,46035,55061,0.161,98,Stable
2023-04,2023,Q2,Dua Lipa,Pop,Kenya,Africa,2615522,392328,2223194,1.03,4291.23,4292.26,98686,39170,0.213,100,Rising
2023-04,2023,Q2,Calvin Harris,Electronic,Ghana,Africa,784292,109800,674492,0.24,764.6,764.84,51971,14736,0.246,79,Rising
2023-04,2023,Q2,Brent Faiyaz,R&B,Ghana,Africa,2009978,281396,1728582,0.71,1897.53,1898.24,112191,71810,0.243,100,Rising
2023-04,2023,Q2,21 Savage,Hip-Hop,Ghana,Africa,2079679,291155,1788524,0.6,3311.37,3311.97,46024,94743,0.124,100,Declining
2023-04,2023,Q2,Disclosure,Electronic,Ghana,Africa,1878838,263037,1615801,0.61,2458.25,2458.86,89767,87149,0.195,93,Rising
2023-04,2023,Q2,Burna Boy,Afrobeats,Ghana,Africa,7847958,1098714,6749244,2.48,18450.12,18452.6,218609,278399,0.263,100,Rising
2023-04,2023,Q2,Stray Kids,K-Pop,Ghana,Africa,962333,134726,827607,0.3,1376.21,1376.51,53047,22627,0.186,76,Declining
2023-04,2023,Q2,Karol G,Latin,Ghana,Africa,1766646,247330,1519316,0.56,4228.98,4229.54,96299,77171,0.22,81,Rising
2023-04,2023,Q2,Coldplay,Rock,Ghana,Africa,58787,8230,50557,0.02,107.06,107.08,1796,2752,0.269,56,Stable
2023-04,2023,Q2,Blackpink,K-Pop,Ghana,Africa,1362454,190743,1171711,0.42,1598.58,1599.0,48892,52121,0.311,96,Rising
2023-04,2023,Q2,Harry Styles,Pop,Ghana,Africa,1657731,232082,1425649,0.47,3436.05,3436.52,106321,70551,0.208,100,Stable
2023-04,2023,Q2,Billie Eilish,Pop,Ghana,Africa,662193,92707,569486,0.23,829.94,830.17,19422,23126,0.101,90,Declining
2023-04,2023,Q2,Lil Baby,Hip-Hop,Ghana,Africa,1033377,144672,888705,0.37,2555.95,2556.32,50544,22684,0.277,100,Declining
2023-04,2023,Q2,Ed Sheeran,Pop,Japan,Asia,10879588,6527752,4351836,52.84,7460.4,7513.24,317137,459110,0.224,100,Rising
2023-04,2023,Q2,Karol G,Latin,Japan,Asia,2206361,1323816,882545,14.2,2437.45,2451.65,70490,53142,0.286,79,Rising
2023-04,2023,Q2,Travis Scott,Hip-Hop,Japan,Asia,4974406,2984643,1989763,32.4,4901.88,4934.28,319559,93115,0.221,96,Declining
2023-04,2023,Q2,Disclosure,Electronic,Japan,Asia,4521393,2712835,1808558,24.11,1984.55,2008.66,267088,63442,0.308,100,Rising
2023-04,2023,Q2,Aespa,K-Pop,Japan,Asia,9099564,5459738,3639826,54.32,3862.03,3916.35,650392,357599,0.182,100,Rising
2023-04,2023,Q2,21 Savage,Hip-Hop,Japan,Asia,3451151,2070690,1380461,18.19,1659.21,1677.4,248062,38140,0.326,56,Declining
2023-04,2023,Q2,Martin Garrix,Electronic,Japan,Asia,7141597,4284958,2856639,43.8,3236.28,3280.08,260563,115133,0.335,100,Rising
2023-04,2023,Q2,Arctic Monkeys,Rock,Japan,Asia,6152158,3691294,2460864,36.16,7020.65,7056.81,264770,234537,0.339,100,Rising
2023-04,2023,Q2,Doja Cat,Pop,Japan,Asia,2656471,1593882,1062589,16.18,1686.41,1702.59,106362,29447,0.342,100,Stable
2023-04,2023,Q2,Bad Bunny,Latin,Japan,Asia,3460486,2076291,1384195,20.71,3656.2,3676.91,93318,61444,0.173,70,Stable
2023-04,2023,Q2,Asake,Afrobeats,Japan,Asia,721052,432631,288421,4.04,413.04,417.08,27411,35104,0.158,66,Rising
2023-04,2023,Q2,Arctic Monkeys,Rock,South Korea,Asia,824754,453614,371140,4.08,1080.91,1084.99,38940,19058,0.165,100,Rising
2023-04,2023,Q2,Stray Kids,K-Pop,South Korea,Asia,16886259,9287442,7598817,64.24,13626.89,13691.13,412930,674462,0.097,100,Declining
2023-04,2023,Q2,Asake,Afrobeats,South Korea,Asia,1476279,811953,664326,6.08,757.7,763.78,74238,40646,0.117,65,Rising
2023-04,2023,Q2,Imagine Dragons,Rock,South Korea,Asia,2376092,1306850,1069242,11.19,2689.25,2700.44,153680,25652,0.33,100,Stable
2023-04,2023,Q2,Newjeans,K-Pop,South Korea,Asia,717175,394446,322729,3.04,726.04,729.08,15586,19707,0.242,100,Stable
2023-04,2023,Q2,Tyla,Afrobeats,South Korea,Asia,4668720,2567796,2100924,17.92,5384.27,5402.19,352483,151792,0.118,100,Rising
2023-04,2023,Q2,Bad Bunny,Latin,South Korea,Asia,5209973,2865485,2344488,25.12,6010.46,6035.58,374458,208316,0.113,87,Stable
2023-04,2023,Q2,Lil Baby,Hip-Hop,South Korea,Asia,3296110,1812860,1483250,16.22,4012.95,4029.17,109114,40615,0.33,64,Declining
2023-04,2023,Q2,Kendrick Lamar,Hip-Hop,South Korea,Asia,3942628,2168445,1774183,17.36,4081.02,4098.38,257424,126855,0.333,100,Rising
2023-04,2023,Q2,Doja Cat,Pop,South Korea,Asia,7278395,4003117,3275278,36.2,4154.84,4191.04,462774,293846,0.278,100,Stable
2023-04,2023,Q2,Fred Again..,Electronic,South Korea,Asia,3925080,2158794,1766286,15.48,2946.01,2961.49,259201,75814,0.209,77,Declining
2023-04,2023,Q2,Post Malone,Hip-Hop,India,Asia,1430719,314758,1115961,0.56,1758.46,1759.02,82093,61601,0.216,73,Declining
2023-04,2023,Q2,Doja Cat,Pop,India,Asia,5905066,1299114,4605952,2.74,10791.98,10794.72,283665,148027,0.23,100,Stable
2023-04,2023,Q2,Lil Baby,Hip-Hop,India,Asia,1628107,358183,1269924,0.76,2963.55,2964.31,47669,19877,0.218,53,Declining
2023-04,2023,Q2,Harry Styles,Pop,India,Asia,8424117,1853305,6570812,3.33,8021.23,8024.56,573337,200873,0.101,100,Stable
2023-04,2023,Q2,Blackpink,K-Pop,India,Asia,25594227,5630729,19963498,10.02,35727.78,35737.8,1533065,568692,0.152,100,Rising
2023-04,2023,Q2,Aespa,K-Pop,India,Asia,13855543,3048219,10807324,5.23,22035.73,22040.96,415262,676130,0.149,100,Rising
2023-04,2023,Q2,Asake,Afrobeats,India,Asia,3665474,806404,2859070,1.65,5679.14,5680.79,155707,49178,0.279,56,Rising
2023-04,2023,Q2,Twenty One Pilots,Rock,India,Asia,1217136,267769,949367,0.52,1189.0,1189.52,81176,27942,0.116,58,Stable
2023-04,2023,Q2,Brent Faiyaz,R&B,India,Asia,1486163,326955,1159208,0.7,3275.25,3275.95,82487,27797,0.139,61,Rising
2023-04,2023,Q2,Drake,Hip-Hop,India,Asia,3452726,759599,2693127,1.48,6457.76,6459.24,153373,42611,0.27,72,Stable
2023-04,2023,Q2,The Weeknd,R&B/Pop,India,Asia,3355847,738286,2617561,1.38,7193.74,7195.12,171420,54751,0.289,94,Rising
2023-04,2023,Q2,21 Savage,Hip-Hop,India,Asia,1024114,225305,798809,0.46,909.1,909.56,71901,29880,0.347,62,Declining
2023-04,2023,Q2,Lil Baby,Hip-Hop,Indonesia,Asia,1846817,369363,1477454,0.92,3322.75,3323.67,52229,21683,0.084,53,Declining
2023-04,2023,Q2,Arctic Monkeys,Rock,Indonesia,Asia,751488,150297,601191,0.42,632.07,632.49,45280,25601,0.103,100,Rising
2023-04,2023,Q2,Harry Styles,Pop,Indonesia,Asia,7387573,1477514,5910059,4.16,10588.9,10593.06,367728,146446,0.08,100,Stable
2023-04,2023,Q2,Post Malone,Hip-Hop,Indonesia,Asia,3051882,610376,2441506,1.6,4270.35,4271.95,134725,84386,0.213,87,Declining
2023-04,2023,Q2,Imagine Dragons,Rock,Indonesia,Asia,4034389,806877,3227512,2.12,3746.32,3748.44,137940,66176,0.325,84,Stable
2023-04,2023,Q2,Bad Bunny,Latin,Indonesia,Asia,1017224,203444,813780,0.48,1474.09,1474.57,27611,40617,0.242,72,Stable
2023-04,2023,Q2,Asake,Afrobeats,Indonesia,Asia,3927323,785464,3141859,1.73,8687.0,8688.73,237373,184389,0.254,66,Rising
2023-04,2023,Q2,Kendrick Lamar,Hip-Hop,Indonesia,Asia,5134257,1026851,4107406,2.58,6738.0,6740.58,305377,235595,0.291,100,Rising
2023-04,2023,Q2,Martin Garrix,Electronic,Indonesia,Asia,1453328,290665,1162663,0.79,2356.49,2357.28,32491,69539,0.102,100,Rising
2023-04,2023,Q2,Twenty One Pilots,Rock,Argentina,Latam,2177391,696765,1480626,1.96,1917.17,1919.13,83563,62247,0.098,62,Stable
2023-04,2023,Q2,Tyla,Afrobeats,Argentina,Latam,1523814,487620,1036194,1.77,1217.28,1219.05,40388,54285,0.338,47,Rising
2023-04,2023,Q2,Frank Ocean,R&B,Argentina,Latam,2672263,855124,1817139,2.56,4197.17,4199.73,160043,75911,0.153,93,Rising
2023-04,2023,Q2,Asake,Afrobeats,Argentina,Latam,746010,238723,507287,0.76,986.65,987.41,24382,26840,0.141,31,Rising
2023-04,2023,Q2,Brent Faiyaz,R&B,Argentina,Latam,1776002,568320,1207682,2.14,3027.64,3029.78,140366,25826,0.348,58,Rising
2023-04,2023,Q2,Doja Cat,Pop,Argentina,Latam,4050698,1296223,2754475,4.88,3141.29,3146.17,210800,188928,0.335,100,Stable
2023-04,2023,Q2,H.E.R.,R&B,Argentina,Latam,2379542,761453,1618089,2.16,3188.41,3190.57,161288,77121,0.131,69,Rising
2023-04,2023,Q2,Imagine Dragons,Rock,Argentina,Latam,210256,67281,142975,0.23,373.34,373.57,16022,2673,0.155,88,Stable
2023-04,2023,Q2,Martin Garrix,Electronic,Argentina,Latam,2859787,915131,1944656,3.2,4800.95,4804.15,85453,114440,0.262,96,Rising
2023-04,2023,Q2,Imagine Dragons,Rock,Chile,Latam,2000863,680293,1320570,2.29,1706.45,1708.74,45347,32765,0.339,82,Stable
2023-04,2023,Q2,Travis Scott,Hip-Hop,Chile,Latam,1087340,369695,717645,1.38,1186.57,1187.95,54703,49796,0.318,100,Declining
2023-04,2023,Q2,Stray Kids,K-Pop,Chile,Latam,851698,289577,562121,0.92,646.29,647.21,36850,37237,0.182,73,Declining
2023-04,2023,Q2,Arctic Monkeys,Rock,Chile,Latam,753177,256080,497097,0.82,1413.9,1414.72,17512,28286,0.248,100,Rising
2023-04,2023,Q2,Wizkid,Afrobeats,Chile,Latam,141892,48243,93649,0.15,146.87,147.02,4419,4561,0.32,56,Rising
2023-04,2023,Q2,Kendrick Lamar,Hip-Hop,Chile,Latam,2669085,907488,1761597,3.4,4812.53,4815.93,120064,119079,0.254,100,Rising
2023-04,2023,Q2,H.E.R.,R&B,Chile,Latam,496961,168966,327995,0.57,877.43,878.0,32041,23960,0.231,71,Rising
2023-04,2023,Q2,Dua Lipa,Pop,Chile,Latam,1499188,509723,989465,1.89,2668.42,2670.31,78233,53911,0.135,100,Rising
2023-04,2023,Q2,Billie Eilish,Pop,Chile,Latam,3293018,1119626,2173392,3.46,3533.32,3536.78,159813,122126,0.166,100,Declining
2023-05,2023,Q2,Post Malone,Hip-Hop,Netherlands,Europe,3245465,2206916,1038549,23.99,2376.66,2400.65,221072,77747,0.085,92,Declining
2023-05,2023,Q2,Paramore,Rock,Netherlands,Europe,4978035,3385063,1592972,35.29,4366.2,4401.49,311406,153199,0.345,100,Stable
2023-05,2023,Q2,Brent Faiyaz,R&B,Netherlands,Europe,4448128,3024727,1423401,32.37,2215.05,2247.42,345451,220283,0.33,89,Rising
2023-05,2023,Q2,Doja Cat,Pop,Netherlands,Europe,2890177,1965320,924857,17.24,2336.28,2353.52,92843,126049,0.34,100,Stable
2023-05,2023,Q2,Aespa,K-Pop,Netherlands,Europe,3070369,2087850,982519,18.32,1577.39,1595.71,193191,111464,0.131,69,Rising
2023-05,2023,Q2,Blackpink,K-Pop,Netherlands,Europe,5751318,3910896,1840422,35.01,3365.86,3400.87,409216,281078,0.26,100,Rising
2023-05,2023,Q2,Taylor Swift,Pop,Netherlands,Europe,7605256,5171574,2433682,50.34,3374.39,3424.73,495355,322660,0.11,100,Stable
2023-05,2023,Q2,Davido,Afrobeats,Netherlands,Europe,274574,186710,87864,1.62,138.84,140.46,16096,5982,0.146,98,Rising
2023-05,2023,Q2,Travis Scott,Hip-Hop,United Kingdom,Europe,4629540,3009201,1620339,33.49,2383.57,2417.06,165920,69991,0.301,100,Declining
2023-05,2023,Q2,Ed Sheeran,Pop,United Kingdom,Europe,9815404,6380012,3435392,71.9,10113.71,10185.61,280111,448073,0.169,100,Rising
2023-05,2023,Q2,Davido,Afrobeats,United Kingdom,Europe,3634478,2362410,1272068,24.48,2224.63,2249.11,101761,101320,0.242,100,Rising
2023-05,2023,Q2,Kendrick Lamar,Hip-Hop,United Kingdom,Europe,1026759,667393,359366,5.76,679.26,685.02,36835,46976,0.106,100,Rising
2023-05,2023,Q2,Tyla,Afrobeats,United Kingdom,Europe,372886,242375,130511,2.21,298.84,301.05,10464,17957,0.24,100,Rising
2023-05,2023,Q2,Harry Styles,Pop,United Kingdom,Europe,9072984,5897439,3175545,50.57,4229.54,4280.11,213680,343450,0.192,100,Stable
2023-05,2023,Q2,Doja Cat,Pop,United Kingdom,Europe,4126882,2682473,1444409,25.83,2781.48,2807.31,260384,160065,0.209,100,Stable
2023-05,2023,Q2,Miley Cyrus,Pop,United Kingdom,Europe,6687952,4347168,2340784,48.91,4927.07,4975.98,366506,152352,0.339,100,Stable
2023-05,2023,Q2,Twenty One Pilots,Rock,United Kingdom,Europe,3609077,2345900,1263177,20.06,3072.46,3092.52,94282,141425,0.222,100,Stable
2023-05,2023,Q2,Martin Garrix,Electronic,United Kingdom,Europe,6553817,4259981,2293836,44.74,4072.0,4116.74,276572,66740,0.122,100,Rising
2023-05,2023,Q2,Ariana Grande,Pop,United Kingdom,Europe,2928150,1903297,1024853,18.45,2951.42,2969.87,102563,91654,0.086,100,Stable
2023-05,2023,Q2,Aespa,K-Pop,United Kingdom,Europe,4872146,3166894,1705252,31.66,3920.86,3952.52,264011,61773,0.123,97,Rising
2023-05,2023,Q2,Olivia Rodrigo,Pop,Germany,Europe,9506057,6654239,2851818,62.8,6799.8,6862.6,657235,376787,0.328,100,Rising
2023-05,2023,Q2,Rema,Afrobeats,Germany,Europe,4002135,2801494,1200641,26.35,2728.4,2754.75,256067,125603,0.1,100,Rising
2023-05,2023,Q2,H.E.R.,R&B,Germany,Europe,2037691,1426383,611308,14.01,1246.65,1260.66,78674,59587,0.281,97,Rising
2023-05,2023,Q2,Fred Again..,Electronic,Germany,Europe,3566062,2496243,1069819,26.4,1661.17,1687.57,193258,137685,0.306,100,Declining
2023-05,2023,Q2,J Balvin,Latin,Germany,Europe,286308,200415,85893,2.19,139.07,141.26,13000,10957,0.18,82,Rising
2023-05,2023,Q2,Twenty One Pilots,Rock,Germany,Europe,2614743,1830320,784423,15.95,1235.33,1251.28,141649,59464,0.193,100,Stable
2023-05,2023,Q2,The Weeknd,R&B/Pop,Germany,Europe,359656,251759,107897,2.53,127.55,130.08,19764,16719,0.122,97,Rising
2023-05,2023,Q2,Davido,Afrobeats,Germany,Europe,5663161,3964212,1698949,36.53,4526.5,4563.03,406158,141114,0.181,100,Rising
2023-05,2023,Q2,Wizkid,Afrobeats,Germany,Europe,5802019,4061413,1740606,37.62,3089.04,3126.66,134213,169112,0.28,100,Rising
2023-05,2023,Q2,Tyla,Afrobeats,Germany,Europe,2101913,1471339,630574,15.62,703.84,719.46,49585,52178,0.133,100,Rising
2023-05,2023,Q2,Drake,Hip-Hop,Sweden,Europe,1747589,1258264,489325,12.43,811.38,823.81,80526,60942,0.322,88,Stable
2023-05,2023,Q2,Giveon,R&B,Sweden,Europe,4168296,3001173,1167123,28.73,1636.62,1665.35,254123,179372,0.273,100,Rising
2023-05,2023,Q2,Rauw Alejandro,Latin,Sweden,Europe,2129972,1533579,596393,14.48,1090.69,1105.17,90198,56917,0.136,93,Stable
2023-05,2023,Q2,Martin Garrix,Electronic,Sweden,Europe,8317726,5988762,2328964,58.02,5505.61,5563.63,615821,199768,0.088,100,Rising
2023-05,2023,Q2,Stray Kids,K-Pop,Sweden,Europe,3986955,2870607,1116348,32.99,2429.3,2462.29,156881,89384,0.114,79,Declining
2023-05,2023,Q2,Disclosure,Electronic,Sweden,Europe,12259786,8827045,3432741,84.0,7675.03,7759.03,732649,195404,0.28,100,Rising
2023-05,2023,Q2,Tyla,Afrobeats,Sweden,Europe,4122726,2968362,1154364,34.89,3058.5,3093.39,119005,206015,0.261,96,Rising
2023-05,2023,Q2,Kendrick Lamar,Hip-Hop,Sweden,Europe,4272956,3076528,1196428,28.78,3236.87,3265.65,92505,60306,0.111,100,Rising
2023-05,2023,Q2,Coldplay,Rock,Sweden,Europe,3852885,2774077,1078808,28.29,2715.55,2743.84,166610,129457,0.29,100,Stable
2023-05,2023,Q2,Asake,Afrobeats,France,Europe,173914,107826,66088,0.98,101.56,102.54,12044,2872,0.291,67,Rising
2023-05,2023,Q2,Post Malone,Hip-Hop,France,Europe,5483450,3399739,2083711,29.17,5360.28,5389.45,284680,221116,0.198,92,Declining
2023-05,2023,Q2,Fred Again..,Electronic,France,Europe,2798187,1734875,1063312,19.28,2633.05,2652.33,116331,109026,0.214,100,Declining
2023-05,2023,Q2,Twenty One Pilots,Rock,France,Europe,4491807,2784920,1706887,23.69,2549.39,2573.08,146303,45697,0.292,100,Stable
2023-05,2023,Q2,Kendrick Lamar,Hip-Hop,France,Europe,4067316,2521735,1545581,22.78,4534.33,4557.11,228680,173025,0.214,100,Rising
2023-05,2023,Q2,Bad Bunny,Latin,France,Europe,673828,417773,256055,4.18,519.55,523.73,53582,13021,0.262,83,Stable
2023-05,2023,Q2,Wizkid,Afrobeats,France,Europe,5580036,3459622,2120414,37.89,4564.18,4602.07,142556,200635,0.195,100,Rising
2023-05,2023,Q2,Burna Boy,Afrobeats,France,Europe,5256764,3259193,1997571,34.82,2223.66,2258.48,281843,211393,0.214,100,Rising
2023-05,2023,Q2,Ed Sheeran,Pop,France,Europe,4556930,2825296,1731634,24.82,4123.52,4148.34,316118,200594,0.253,100,Rising
2023-05,2023,Q2,Sza,R&B,France,Europe,3568393,2212403,1355990,19.67,2075.95,2095.62,76983,90799,0.218,100,Stable
2023-05,2023,Q2,Taylor Swift,Pop,France,Europe,8153616,5055241,3098375,43.22,6028.89,6072.11,539080,362753,0.302,100,Stable
2023-05,2023,Q2,Imagine Dragons,Rock,France,Europe,9014231,5588823,3425408,58.78,7870.19,7928.97,613848,312291,0.122,100,Stable
2023-05,2023,Q2,Imagine Dragons,Rock,Ireland,Europe,3108603,1989505,1119098,21.51,1785.78,1807.29,76077,53033,0.105,100,Stable
2023-05,2023,Q2,Dua Lipa,Pop,Ireland,Europe,9388818,6008843,3379975,53.31,4685.01,4738.32,482605,137162,0.341,100,Rising
2023-05,2023,Q2,Kendrick Lamar,Hip-Hop,Ireland,Europe,3596306,2301635,1294671,25.85,2211.57,2237.42,224231,57282,0.267,100,Rising
2023-05,2023,Q2,Paramore,Rock,Ireland,Europe,1066497,682558,383939,7.25,876.27,883.52,51876,39456,0.289,100,Stable
2023-05,2023,Q2,Tyla,Afrobeats,Ireland,Europe,5183759,3317605,1866154,33.01,3375.22,3408.23,360748,103062,0.134,100,Rising
2023-05,2023,Q2,Calvin Harris,Electronic,Ireland,Europe,5786453,3703329,2083124,36.32,2191.58,2227.9,229320,155224,0.211,100,Rising
2023-05,2023,Q2,Post Malone,Hip-Hop,Ireland,Europe,2742319,1755084,987235,15.47,2523.93,2539.4,64431,39538,0.197,100,Declining
2023-05,2023,Q2,Martin Garrix,Electronic,Ireland,Europe,2307051,1476512,830539,15.0,1206.28,1221.28,134221,109579,0.292,100,Rising
2023-05,2023,Q2,Brent Faiyaz,R&B,Ireland,Europe,4225483,2704309,1521174,25.28,1802.97,1828.25,211134,161979,0.283,70,Rising
2023-05,2023,Q2,The Weeknd,R&B/Pop,Ireland,Europe,892145,570972,321173,6.18,565.92,572.1,61654,44371,0.345,100,Rising
2023-05,2023,Q2,Stray Kids,K-Pop,Ireland,Europe,445534,285141,160393,2.55,447.49,450.04,12989,7878,0.109,68,Declining
2023-05,2023,Q2,Davido,Afrobeats,Spain,Europe,1745567,960061,785506,10.44,1383.18,1393.62,95222,60976,0.302,100,Rising
2023-05,2023,Q2,Olivia Rodrigo,Pop,Spain,Europe,3810865,2095975,1714890,20.97,1778.78,1799.75,102188,126764,0.294,100,Rising
2023-05,2023,Q2,21 Savage,Hip-Hop,Spain,Europe,1532193,842706,689487,7.27,1923.81,1931.08,112397,47922,0.147,73,Declining
2023-05,2023,Q2,Asake,Afrobeats,Spain,Europe,1712891,942090,770801,10.42,1239.51,1249.93,117585,79568,0.1,71,Rising
2023-05,2023,Q2,Tyla,Afrobeats,Spain,Europe,4110052,2260528,1849524,22.73,4466.7,4489.43,87397,141126,0.34,99,Rising
2023-05,2023,Q2,Drake,Hip-Hop,Spain,Europe,4755588,2615573,2140015,26.1,2258.97,2285.07,191921,146954,0.22,94,Stable
2023-05,2023,Q2,Martin Garrix,Electronic,Spain,Europe,1365669,751117,614552,8.41,1375.83,1384.24,44783,64507,0.223,100,Rising
2023-05,2023,Q2,Billie Eilish,Pop,Spain,Europe,7256521,3991086,3265435,34.23,6342.35,6376.58,224905,242380,0.19,100,Declining
2023-05,2023,Q2,Brent Faiyaz,R&B,Spain,Europe,2998667,1649266,1349401,17.58,2023.23,2040.81,170872,115503,0.321,84,Rising
2023-05,2023,Q2,Taylor Swift,Pop,Italy,Europe,6712141,3490313,3221828,36.42,8192.68,8229.1,297632,322756,0.261,100,Stable
2023-05,2023,Q2,J. Cole,Hip-Hop,Italy,Europe,4930348,2563780,2366568,26.12,6274.94,6301.06,233805,209951,0.164,100,Stable
2023-05,2023,Q2,Nicki Minaj,Hip-Hop,Italy,Europe,1361729,708099,653630,7.95,1435.07,1443.02,96378,26247,0.3,100,Stable
2023-05,2023,Q2,21 Savage,Hip-Hop,Italy,Europe,2280772,1186001,1094771,10.74,2074.68,2085.42,117069,106173,0.183,66,Declining
2023-05,2023,Q2,Olivia Rodrigo,Pop,Italy,Europe,1775474,923246,852228,10.31,1550.03,1560.34,100901,30977,0.119,100,Rising
2023-05,2023,Q2,Asake,Afrobeats,Italy,Europe,2267266,1178978,1088288,11.58,3046.07,3057.65,94112,66250,0.324,70,Rising
2023-05,2023,Q2,Giveon,R&B,Italy,Europe,5147714,2676811,2470903,28.71,4829.94,4858.65,153022,178465,0.322,100,Rising
2023-05,2023,Q2,The Weeknd,R&B/Pop,Italy,Europe,552783,287447,265336,2.78,601.24,604.02,31177,16159,0.335,100,Rising
2023-05,2023,Q2,Brent Faiyaz,R&B,Italy,Europe,4490749,2335189,2155560,26.6,4453.73,4480.33,357570,124844,0.224,79,Rising
2023-05,2023,Q2,Harry Styles,Pop,Italy,Europe,7309019,3800689,3508330,35.0,6839.4,6874.4,254495,242727,0.275,100,Stable
2023-05,2023,Q2,Bad Bunny,Latin,Italy,Europe,4369000,2271880,2097120,24.41,4098.62,4123.03,129248,88568,0.216,75,Stable
2023-05,2023,Q2,Giveon,R&B,United States,Americas,7300492,4234285,3066207,40.15,3671.19,3711.34,374221,244987,0.277,100,Rising
2023-05,2023,Q2,Karol G,Latin,United States,Americas,708230,410773,297457,4.25,601.58,605.83,51516,26669,0.312,100,Rising
2023-05,2023,Q2,Drake,Hip-Hop,United States,Americas,10389422,6025864,4363558,67.65,8973.44,9041.09,551248,456997,0.327,100,Stable
2023-05,2023,Q2,Brent Faiyaz,R&B,United States,Americas,6962079,4038005,2924074,48.91,6893.84,6942.75,167402,127703,0.312,100,Rising
2023-05,2023,Q2,Stray Kids,K-Pop,United States,Americas,569676,330412,239264,3.24,249.77,253.01,41830,18788,0.085,80,Declining
2023-05,2023,Q2,Bad Bunny,Latin,United States,Americas,5190884,3010712,2180172,35.42,2628.22,2663.64,297109,142540,0.19,100,Stable
2023-05,2023,Q2,Asake,Afrobeats,United States,Americas,320593,185943,134650,2.18,173.38,175.56,23987,14483,0.121,66,Rising
2023-05,2023,Q2,Arctic Monkeys,Rock,United States,Americas,8979857,5208317,3771540,60.37,8789.81,8850.18,409207,393335,0.273,100,Rising
2023-05,2023,Q2,Fred Again..,Electronic,United States,Americas,2637410,1529697,1107713,15.23,2618.98,2634.21,61567,64505,0.128,51,Declining
2023-05,2023,Q2,The Weeknd,R&B/Pop,United States,Americas,8250070,4785040,3465030,60.43,6295.13,6355.56,255255,284992,0.144,100,Rising
2023-05,2023,Q2,Blackpink,K-Pop,United States,Americas,4697469,2724532,1972937,30.95,3907.32,3938.27,278175,54361,0.109,100,Rising
2023-05,2023,Q2,Disclosure,Electronic,Brazil,Americas,5591129,2124629,3466500,9.1,10142.79,10151.89,215126,156546,0.157,98,Rising
2023-05,2023,Q2,Sza,R&B,Brazil,Americas,9305610,3536131,5769479,19.55,14242.61,14262.16,701727,286956,0.263,100,Stable
2023-05,2023,Q2,Post Malone,Hip-Hop,Brazil,Americas,1787402,679212,1108190,3.77,1493.67,1497.44,38819,29635,0.322,100,Declining
2023-05,2023,Q2,Drake,Hip-Hop,Brazil,Americas,3546116,1347524,2198592,7.63,6533.96,6541.59,120921,130454,0.307,100,Stable
2023-05,2023,Q2,Peso Pluma,Latin,Brazil,Americas,8827179,3354328,5472851,14.57,16330.87,16345.44,537065,415435,0.172,100,Rising
2023-05,2023,Q2,Olivia Rodrigo,Pop,Brazil,Americas,10561092,4013214,6547878,22.99,7970.94,7993.93,611138,247737,0.299,100,Rising
2023-05,2023,Q2,Dua Lipa,Pop,Brazil,Americas,7573256,2877837,4695419,14.68,10118.37,10133.05,538704,193798,0.219,100,Rising
2023-05,2023,Q2,Burna Boy,Afrobeats,Brazil,Americas,5913329,2247065,3666264,12.28,5614.07,5626.35,122094,95756,0.346,94,Rising
2023-05,2023,Q2,Doja Cat,Pop,Brazil,Americas,11337013,4308064,7028949,23.45,20835.41,20858.86,831564,202096,0.096,100,Stable
2023-05,2023,Q2,Tyla,Afrobeats,Brazil,Americas,5685332,2160426,3524906,11.1,3961.99,3973.09,249727,125651,0.145,100,Rising
2023-05,2023,Q2,J. Cole,Hip-Hop,Brazil,Americas,15655457,5949073,9706384,25.63,23567.44,23593.07,493756,681713,0.151,100,Stable
2023-05,2023,Q2,The Weeknd,R&B/Pop,Brazil,Americas,4130601,1569628,2560973,8.95,3157.91,3166.86,274206,102146,0.314,100,Rising
2023-05,2023,Q2,Davido,Afrobeats,Mexico,Americas,5480293,1918102,3562191,8.56,5114.17,5122.73,414343,76199,0.303,100,Rising
2023-05,2023,Q2,Drake,Hip-Hop,Mexico,Americas,10789650,3776377,7013273,14.85,8777.83,8792.68,354843,223711,0.218,100,Stable
2023-05,2023,Q2,Bad Bunny,Latin,Mexico,Americas,8374345,2931020,5443325,11.56,11137.81,11149.37,325901,245933,0.328,100,Stable
2023-05,2023,Q2,Giveon,R&B,Mexico,Americas,597145,209000,388145,0.78,928.79,929.57,42201,12809,0.145,100,Rising
2023-05,2023,Q2,Olivia Rodrigo,Pop,Mexico,Americas,3735194,1307317,2427877,5.41,3961.73,3967.14,222235,93944,0.175,100,Rising
2023-05,2023,Q2,Coldplay,Rock,Mexico,Americas,2486426,870249,1616177,3.32,3206.83,3210.15,63387,120105,0.26,67,Stable
2023-05,2023,Q2,Billie Eilish,Pop,Mexico,Americas,4882376,1708831,3173545,7.81,8816.72,8824.53,252401,171494,0.336,100,Declining
2023-05,2023,Q2,Brent Faiyaz,R&B,Mexico,Americas,5260701,1841245,3419456,7.09,4411.18,4418.27,211792,196614,0.304,100,Rising
2023-05,2023,Q2,Calvin Harris,Electronic,Colombia,Americas,4590131,1377039,3213092,4.23,8843.64,8847.87,171683,119978,0.297,73,Rising
2023-05,2023,Q2,Blackpink,K-Pop,Colombia,Americas,5597166,1679149,3918017,6.66,4605.84,4612.5,113399,206632,0.246,100,Rising
2023-05,2023,Q2,H.E.R.,R&B,Colombia,Americas,10545260,3163578,7381682,12.44,18823.65,18836.09,357880,300960,0.253,100,Rising
2023-05,2023,Q2,Doja Cat,Pop,Colombia,Americas,7930836,2379250,5551586,7.91,7038.71,7046.62,556194,358582,0.215,100,Stable
2023-05,2023,Q2,Rauw Alejandro,Latin,Colombia,Americas,5120237,1536071,3584166,5.44,9310.44,9315.88,335564,124514,0.11,100,Stable
2023-05,2023,Q2,Disclosure,Electronic,Colombia,Americas,2748400,824520,1923880,3.24,4393.32,4396.56,120714,56461,0.324,73,Rising
2023-05,2023,Q2,Drake,Hip-Hop,Colombia,Americas,2998557,899567,2098990,3.43,3081.63,3085.06,133720,78970,0.289,100,Stable
2023-05,2023,Q2,Paramore,Rock,Colombia,Americas,2450966,735289,1715677,2.4,1778.47,1780.87,150846,100582,0.089,100,Stable
2023-05,2023,Q2,Sza,R&B,Colombia,Americas,5005161,1501548,3503613,5.21,3937.22,3942.43,236574,107622,0.154,100,Stable
2023-05,2023,Q2,Fred Again..,Electronic,Colombia,Americas,3163835,949150,2214685,2.84,2944.39,2947.23,210908,48350,0.153,50,Declining
2023-05,2023,Q2,Harry Styles,Pop,Colombia,Americas,6419992,1925997,4493995,7.65,9964.32,9971.97,210420,241232,0.136,100,Stable
2023-05,2023,Q2,The Weeknd,R&B/Pop,Colombia,Americas,3262219,978665,2283554,2.91,6305.85,6308.76,123179,43893,0.103,100,Rising
2023-05,2023,Q2,Nicki Minaj,Hip-Hop,Nigeria,Africa,3957302,712314,3244988,1.85,3883.45,3885.3,79419,39874,0.333,100,Stable
2023-05,2023,Q2,Travis Scott,Hip-Hop,Nigeria,Africa,799575,143923,655652,0.48,710.67,711.15,27244,33855,0.305,100,Declining
2023-05,2023,Q2,Karol G,Latin,Nigeria,Africa,472421,85035,387386,0.27,462.82,463.09,21338,14643,0.159,85,Rising
2023-05,2023,Q2,Frank Ocean,R&B,Nigeria,Africa,2929563,527321,2402242,1.5,4650.74,4652.24,171887,117371,0.168,100,Rising
2023-05,2023,Q2,Coldplay,Rock,Nigeria,Africa,1252982,225536,1027446,0.62,2446.09,2446.71,74218,39695,0.175,56,Stable
2023-05,2023,Q2,Arctic Monkeys,Rock,Nigeria,Africa,291120,52401,238719,0.15,438.8,438.95,16306,12366,0.307,100,Rising
2023-05,2023,Q2,J. Cole,Hip-Hop,Nigeria,Africa,3836683,690602,3146081,1.99,8386.09,8388.08,288864,113802,0.277,100,Stable
2023-05,2023,Q2,Burna Boy,Afrobeats,Nigeria,Africa,7077368,1273926,5803442,3.73,12691.36,12695.09,426596,142433,0.269,100,Rising
2023-05,2023,Q2,Wizkid,Afrobeats,Nigeria,Africa,4546069,818292,3727777,2.39,6752.57,6754.96,114548,46109,0.323,100,Rising
2023-05,2023,Q2,21 Savage,Hip-Hop,Nigeria,Africa,1034994,186298,848696,0.51,1441.53,1442.04,31533,13156,0.133,100,Declining
2023-05,2023,Q2,Harry Styles,Pop,South Africa,Africa,928609,260010,668599,1.16,979.72,980.88,51122,14594,0.305,100,Stable
2023-05,2023,Q2,J Balvin,Latin,South Africa,Africa,57823,16190,41633,0.06,105.55,105.61,2577,997,0.206,58,Rising
2023-05,2023,Q2,Imagine Dragons,Rock,South Africa,Africa,65695,18394,47301,0.07,99.47,99.54,1560,1639,0.311,89,Stable
2023-05,2023,Q2,Coldplay,Rock,South Africa,Africa,317868,89003,228865,0.35,538.42,538.77,21155,6607,0.096,58,Stable
2023-05,2023,Q2,Stray Kids,K-Pop,South Africa,Africa,1646967,461150,1185817,2.09,3194.79,3196.88,91485,42903,0.151,74,Declining
2023-05,2023,Q2,Miley Cyrus,Pop,South Africa,Africa,1940128,543235,1396893,1.95,2162.51,2164.46,66620,58106,0.159,93,Stable
2023-05,2023,Q2,Brent Faiyaz,R&B,South Africa,Africa,2431083,680703,1750380,2.89,2470.1,2472.99,65527,77060,0.134,100,Rising
2023-05,2023,Q2,Rema,Afrobeats,South Africa,Africa,8005531,2241548,5763983,7.73,10511.56,10519.29,548614,237058,0.179,100,Rising
2023-05,2023,Q2,Rauw Alejandro,Latin,Kenya,Africa,897544,134631,762913,0.34,1500.56,1500.9,37765,18721,0.335,65,Stable
2023-05,2023,Q2,Billie Eilish,Pop,Kenya,Africa,1245612,186841,1058771,0.48,1814.62,1815.1,28822,59688,0.234,100,Declining
2023-05,2023,Q2,Burna Boy,Afrobeats,Kenya,Africa,3250162,487524,2762638,1.09,5934.06,5935.15,136477,105051,0.215,100,Rising
2023-05,2023,Q2,Fred Again..,Electronic,Kenya,Africa,1301594,195239,1106355,0.51,1918.55,1919.06,94817,54693,0.33,50,Declining
2023-05,2023,Q2,Martin Garrix,Electronic,Kenya,Africa,883797,132569,751228,0.3,1453.11,1453.41,61016,16478,0.164,100,Rising
2023-05,2023,Q2,Paramore,Rock,Kenya,Africa,1082849,162427,920422,0.38,2430.8,2431.18,61393,26972,0.091,64,Stable
2023-05,2023,Q2,Blackpink,K-Pop,Kenya,Africa,2975233,446284,2528949,1.28,5539.85,5541.13,171675,43024,0.189,100,Rising
2023-05,2023,Q2,Travis Scott,Hip-Hop,Kenya,Africa,901392,135208,766184,0.32,2039.07,2039.39,44385,15310,0.101,100,Declining
2023-05,2023,Q2,Doja Cat,Pop,Ghana,Africa,1989195,278487,1710708,0.66,4308.06,4308.72,64781,27318,0.175,100,Stable
2023-05,2023,Q2,Nicki Minaj,Hip-Hop,Ghana,Africa,2186161,306062,1880099,0.72,1999.7,2000.42,114937,92338,0.155,100,Stable
2023-05,2023,Q2,Drake,Hip-Hop,Ghana,Africa,1480368,207251,1273117,0.42,3134.08,3134.5,62400,34607,0.32,100,Stable
2023-05,2023,Q2,Martin Garrix,Electronic,Ghana,Africa,3098284,433759,2664525,0.87,7702.41,7703.28,76271,150391,0.202,100,Rising
2023-05,2023,Q2,Burna Boy,Afrobeats,Ghana,Africa,8832762,1236586,7596176,2.93,22027.67,22030.6,668119,319507,0.258,100,Rising
2023-05,2023,Q2,Billie Eilish,Pop,Ghana,Africa,353250,49455,303795,0.12,831.29,831.41,24844,8799,0.281,92,Declining
2023-05,2023,Q2,Blackpink,K-Pop,Ghana,Africa,2451794,343251,2108543,0.68,3692.75,3693.43,87365,60837,0.095,100,Rising
2023-05,2023,Q2,Ariana Grande,Pop,Ghana,Africa,2068734,289622,1779112,0.75,2465.41,2466.16,144156,100496,0.224,96,Stable
2023-05,2023,Q2,J Balvin,Latin,Japan,Asia,4517841,2710704,1807137,25.75,2923.58,2949.33,200259,220228,0.134,78,Rising
2023-05,2023,Q2,Blackpink,K-Pop,Japan,Asia,5958137,3574882,2383255,29.07,4063.59,4092.66,366605,138328,0.26,100,Rising
2023-05,2023,Q2,Stray Kids,K-Pop,Japan,Asia,11779442,7067665,4711777,68.62,5300.72,5369.34,359942,271163,0.271,100,Declining
2023-05,2023,Q2,Fred Again..,Electronic,Japan,Asia,4507523,2704513,1803010,27.9,3401.51,3429.41,134992,101548,0.137,70,Declining
2023-05,2023,Q2,J. Cole,Hip-Hop,Japan,Asia,1774709,1064825,709884,8.81,1567.17,1575.98,141233,86188,0.304,80,Stable
2023-05,2023,Q2,Billie Eilish,Pop,Japan,Asia,6767859,4060715,2707144,39.16,7795.58,7834.74,504072,224574,0.118,100,Declining
2023-05,2023,Q2,Disclosure,Electronic,Japan,Asia,7105519,4263311,2842208,44.3,4091.08,4135.38,452859,172033,0.26,100,Rising
2023-05,2023,Q2,Arctic Monkeys,Rock,Japan,Asia,4919200,2951520,1967680,28.93,5796.97,5825.9,374464,51036,0.102,100,Rising
2023-05,2023,Q2,Bad Bunny,Latin,Japan,Asia,1418169,850901,567268,8.04,1380.77,1388.81,59163,34217,0.284,90,Stable
2023-05,2023,Q2,Kendrick Lamar,Hip-Hop,Japan,Asia,2342268,1405360,936908,15.24,2276.09,2291.33,58146,78530,0.085,100,Rising
2023-05,2023,Q2,Bad Bunny,Latin,South Korea,Asia,4693072,2581189,2111883,20.88,3215.77,3236.65,139576,122904,0.346,79,Stable
2023-05,2023,Q2,Rema,Afrobeats,South Korea,Asia,2985940,1642267,1343673,11.79,1658.33,1670.12,159851,65746,0.349,92,Rising
2023-05,2023,Q2,Kendrick Lamar,Hip-Hop,South Korea,Asia,1273412,700376,573036,5.34,755.26,760.6,99270,42150,0.201,100,Rising
2023-05,2023,Q2,Peso Pluma,Latin,South Korea,Asia,6220226,3421124,2799102,25.97,3810.15,3836.12,228730,144965,0.23,91,Rising
2023-05,2023,Q2,Dua Lipa,Pop,South Korea,Asia,976457,537051,439406,3.74,832.2,835.94,55911,33809,0.279,100,Rising
2023-05,2023,Q2,J. Cole,Hip-Hop,South Korea,Asia,3383098,1860703,1522395,16.0,4103.26,4119.26,193442,101687,0.181,86,Stable
2023-05,2023,Q2,Frank Ocean,R&B,South Korea,Asia,2308216,1269518,1038698,10.43,2949.09,2959.52,95594,87263,0.255,85,Rising
2023-05,2023,Q2,Bts,K-Pop,South Korea,Asia,17391861,9565523,7826338,68.26,23144.49,23212.75,395103,499310,0.195,100,Stable
2023-05,2023,Q2,Fred Again..,Electronic,South Korea,Asia,1653471,909409,744062,6.75,1585.09,1591.84,54612,44498,0.235,79,Declining
2023-05,2023,Q2,Post Malone,Hip-Hop,South Korea,Asia,3584627,1971544,1613083,14.07,1687.88,1701.95,249178,156424,0.282,80,Declining
2023-05,2023,Q2,Imagine Dragons,Rock,India,Asia,2048516,450673,1597843,0.88,2819.99,2820.87,153266,39672,0.236,86,Stable
2023-05,2023,Q2,Harry Styles,Pop,India,Asia,2213687,487011,1726676,0.86,2126.04,2126.9,62673,41277,0.232,100,Stable
2023-05,2023,Q2,Miley Cyrus,Pop,India,Asia,6457335,1420613,5036722,2.76,5052.41,5055.17,413824,291609,0.171,100,Stable
2023-05,2023,Q2,Frank Ocean,R&B,India,Asia,3573794,786234,2787560,1.65,5415.55,5417.2,267810,91746,0.143,77,Rising
2023-05,2023,Q2,Fred Again..,Electronic,India,Asia,2052267,451498,1600769,0.92,3569.78,3570.7,150765,25469,0.321,70,Declining
2023-05,2023,Q2,The Weeknd,R&B/Pop,India,Asia,536729,118080,418649,0.23,656.0,656.23,13494,11125,0.167,100,Rising
2023-05,2023,Q2,Billie Eilish,Pop,India,Asia,2413838,531044,1882794,1.17,3448.44,3449.61,99540,77547,0.198,100,Declining
2023-05,2023,Q2,Asake,Afrobeats,India,Asia,2264817,498259,1766558,1.06,3887.16,3888.22,114182,85454,0.2,64,Rising
2023-05,2023,Q2,Arctic Monkeys,Rock,India,Asia,6165012,1356302,4808710,2.65,12568.16,12570.81,245617,102354,0.182,100,Rising
2023-05,2023,Q2,Karol G,Latin,India,Asia,2598703,571714,2026989,1.03,3809.3,3810.33,168821,92542,0.192,98,Rising
2023-05,2023,Q2,Post Malone,Hip-Hop,Indonesia,Asia,2638900,527780,2111120,1.36,5126.33,5127.69,192077,107865,0.33,88,Declining
2023-05,2023,Q2,Coldplay,Rock,Indonesia,Asia,521804,104360,417444,0.27,560.16,560.43,16124,7519,0.335,58,Stable
2023-05,2023,Q2,Harry Styles,Pop,Indonesia,Asia,2138176,427635,1710541,1.02,4612.91,4613.93,92030,60859,0.153,100,Stable
2023-05,2023,Q2,Bad Bunny,Latin,Indonesia,Asia,3690832,738166,2952666,1.75,4506.14,4507.89,259493,65672,0.224,76,Stable
2023-05,2023,Q2,Aespa,K-Pop,Indonesia,Asia,15641824,3128364,12513460,7.45,35874.5,35881.95,363769,251909,0.193,100,Rising
2023-05,2023,Q2,Karol G,Latin,Indonesia,Asia,4415647,883129,3532518,2.2,4567.95,4570.15,94922,208550,0.114,86,Rising
2023-05,2023,Q2,Arctic Monkeys,Rock,Indonesia,Asia,5879901,1175980,4703921,2.65,6381.6,6384.25,324098,187432,0.317,100,Rising
2023-05,2023,Q2,Blackpink,K-Pop,Indonesia,Asia,10162733,2032546,8130187,5.21,19475.83,19481.04,486183,409143,0.238,100,Rising
2023-05,2023,Q2,Imagine Dragons,Rock,Indonesia,Asia,3403824,680764,2723060,1.51,3202.54,3204.05,215211,129885,0.269,100,Stable
2023-05,2023,Q2,21 Savage,Hip-Hop,Indonesia,Asia,3268616,653723,2614893,1.84,6043.21,6045.05,192353,131982,0.314,56,Declining
2023-05,2023,Q2,Martin Garrix,Electronic,Indonesia,Asia,7842633,1568526,6274107,3.48,12803.16,12806.64,189580,136449,0.327,100,Rising
2023-05,2023,Q2,Wizkid,Afrobeats,Indonesia,Asia,2767178,553435,2213743,1.2,3141.43,3142.63,56683,113644,0.3,100,Rising
2023-05,2023,Q2,J Balvin,Latin,Argentina,Latam,5903174,1889015,4014159,6.0,4069.56,4075.56,296361,259253,0.229,100,Rising
2023-05,2023,Q2,H.E.R.,R&B,Argentina,Latam,554691,177501,377190,0.64,474.34,474.98,41903,10007,0.102,66,Rising
2023-05,2023,Q2,Dua Lipa,Pop,Argentina,Latam,3515226,1124872,2390354,3.16,5883.62,5886.78,257918,59872,0.173,100,Rising
2023-05,2023,Q2,Newjeans,K-Pop,Argentina,Latam,684184,218938,465246,0.78,803.32,804.1,47416,33280,0.141,62,Stable
2023-05,2023,Q2,Imagine Dragons,Rock,Argentina,Latam,2410381,771321,1639060,2.73,2696.54,2699.27,83501,95246,0.279,81,Stable
2023-05,2023,Q2,Aespa,K-Pop,Argentina,Latam,2163469,692310,1471159,2.17,2728.97,2731.14,137602,39944,0.207,91,Rising
2023-05,2023,Q2,Sza,R&B,Argentina,Latam,1823907,583650,1240257,1.95,1734.44,1736.39,81368,57050,0.291,78,Stable
2023-05,2023,Q2,Calvin Harris,Electronic,Argentina,Latam,976838,312588,664250,0.91,938.99,939.9,39541,18699,0.249,67,Rising
2023-05,2023,Q2,Ariana Grande,Pop,Chile,Latam,1965503,668271,1297232,2.51,2256.0,2258.51,107122,40908,0.127,93,Stable
2023-05,2023,Q2,Peso Pluma,Latin,Chile,Latam,1536619,522450,1014169,1.99,1940.44,1942.43,44556,42321,0.133,100,Rising
2023-05,2023,Q2,Kendrick Lamar,Hip-Hop,Chile,Latam,1519215,516533,1002682,2.04,2130.76,2132.8,107216,61420,0.259,100,Rising
2023-05,2023,Q2,Drake,Hip-Hop,Chile,Latam,1043419,354762,688657,1.26,1524.22,1525.48,50444,48462,0.28,100,Stable
2023-05,2023,Q2,Nicki Minaj,Hip-Hop,Chile,Latam,5557659,1889604,3668055,5.82,5861.62,5867.44,181687,267330,0.191,100,Stable
2023-05,2023,Q2,Travis Scott,Hip-Hop,Chile,Latam,609219,207134,402085,0.8,1156.17,1156.97,27749,28802,0.124,100,Declining
2023-05,2023,Q2,Ed Sheeran,Pop,Chile,Latam,4630870,1574495,3056375,4.98,6039.34,6044.32,310234,199483,0.313,100,Rising
2023-05,2023,Q2,Dua Lipa,Pop,Chile,Latam,1906859,648332,1258527,2.49,3420.25,3422.74,43801,49473,0.087,100,Rising
2023-05,2023,Q2,Rauw Alejandro,Latin,Chile,Latam,1014620,344970,669650,1.08,1062.17,1063.25,22247,40317,0.15,100,Stable
2023-06,2023,Q2,Sza,R&B,Netherlands,Europe,1347419,916244,431175,9.73,706.45,716.18,66579,17578,0.303,89,Stable
2023-06,2023,Q2,Rauw Alejandro,Latin,Netherlands,Europe,1130690,768869,361821,7.02,423.5,430.52,83429,55622,0.338,100,Stable
2023-06,2023,Q2,Travis Scott,Hip-Hop,Netherlands,Europe,2457430,1671052,786378,18.33,1114.05,1132.38,106344,87566,0.316,100,Declining
2023-06,2023,Q2,Martin Garrix,Electronic,Netherlands,Europe,9370468,6371918,2998550,58.0,8759.84,8817.84,364664,248112,0.177,100,Rising
2023-06,2023,Q2,Miley Cyrus,Pop,Netherlands,Europe,3952887,2687963,1264924,26.12,2324.15,2350.27,204091,42549,0.214,100,Stable
2023-06,2023,Q2,Paramore,Rock,Netherlands,Europe,2371651,1612722,758929,15.91,2197.05,2212.96,175649,90250,0.239,100,Stable
2023-06,2023,Q2,J. Cole,Hip-Hop,Netherlands,Europe,2712523,1844515,868008,19.87,2060.75,2080.62,121944,58304,0.226,100,Stable
2023-06,2023,Q2,Tyla,Afrobeats,Netherlands,Europe,2006673,1364537,642136,12.45,1154.26,1166.71,55795,26147,0.243,100,Rising
2023-06,2023,Q2,Billie Eilish,Pop,United Kingdom,Europe,8831120,5740228,3090892,50.81,5942.14,5992.95,241447,244391,0.093,100,Declining
2023-06,2023,Q2,Bad Bunny,Latin,United Kingdom,Europe,3883683,2524393,1359290,22.53,3081.48,3104.01,172015,111033,0.296,84,Stable
2023-06,2023,Q2,Coldplay,Rock,United Kingdom,Europe,3552786,2309310,1243476,20.31,3561.59,3581.9,111552,82893,0.223,97,Stable
2023-06,2023,Q2,J Balvin,Latin,United Kingdom,Europe,2441563,1587015,854548,14.07,1779.24,1793.31,91691,91698,0.08,77,Rising
2023-06,2023,Q2,H.E.R.,R&B,United Kingdom,Europe,1463535,951297,512238,9.28,714.06,723.34,60704,58130,0.194,85,Rising
2023-06,2023,Q2,Tyla,Afrobeats,United Kingdom,Europe,1550730,1007974,542756,9.45,1623.58,1633.03,102437,58459,0.311,100,Rising
2023-06,2023,Q2,Lil Baby,Hip-Hop,United Kingdom,Europe,2510830,1632039,878791,17.52,1076.64,1094.16,169399,27748,0.2,70,Declining
2023-06,2023,Q2,Aespa,K-Pop,United Kingdom,Europe,3444691,2239049,1205642,20.08,2453.58,2473.66,150695,100496,0.133,91,Rising
2023-06,2023,Q2,Taylor Swift,Pop,Germany,Europe,4251091,2975763,1275328,30.57,1475.63,1506.2,311931,147322,0.165,100,Stable
2023-06,2023,Q2,Frank Ocean,R&B,Germany,Europe,3470659,2429461,1041198,23.7,2974.61,2998.31,166132,38996,0.21,100,Rising
2023-06,2023,Q2,Calvin Harris,Electronic,Germany,Europe,9377624,6564336,2813288,60.1,6759.73,6819.83,676351,131598,0.144,100,Rising
2023-06,2023,Q2,Twenty One Pilots,Rock,Germany,Europe,2971495,2080046,891449,21.64,2191.61,2213.25,162483,129909,0.101,100,Stable
2023-06,2023,Q2,Aespa,K-Pop,Germany,Europe,1630359,1141251,489108,11.63,611.13,622.76,107406,33111,0.262,84,Rising
2023-06,2023,Q2,Karol G,Latin,Germany,Europe,2886934,2020853,866081,22.83,977.86,1000.69,152235,38961,0.2,89,Rising
2023-06,2023,Q2,Ariana Grande,Pop,Germany,Europe,6244232,4370962,1873270,45.68,3960.68,4006.36,149064,217736,0.3,100,Stable
2023-06,2023,Q2,Fred Again..,Electronic,Germany,Europe,6953883,4867718,2086165,47.38,2127.0,2174.38,395409,103592,0.182,100,Declining
2023-06,2023,Q2,Miley Cyrus,Pop,Germany,Europe,6567205,4597043,1970162,46.54,3257.41,3303.95,471676,121088,0.318,100,Stable
2023-06,2023,Q2,H.E.R.,R&B,Germany,Europe,3957036,2769925,1187111,28.91,2527.66,2556.57,165954,141218,0.088,97,Rising
2023-06,2023,Q2,Imagine Dragons,Rock,Germany,Europe,1792320,1254624,537696,11.95,1120.65,1132.6,63572,37076,0.248,100,Stable
2023-06,2023,Q2,Twenty One Pilots,Rock,Sweden,Europe,1788631,1287814,500817,12.49,1074.65,1087.14,130396,55130,0.259,100,Stable
2023-06,2023,Q2,The Weeknd,R&B/Pop,Sweden,Europe,557582,401459,156123,4.22,294.19,298.41,22708,15450,0.184,100,Rising
2023-06,2023,Q2,Giveon,R&B,Sweden,Europe,801194,576859,224335,6.79,257.91,264.7,18415,12097,0.111,100,Rising
2023-06,2023,Q2,Imagine Dragons,Rock,Sweden,Europe,4078514,2936530,1141984,26.95,1759.93,1786.88,282710,162677,0.215,100,Stable
2023-06,2023,Q2,H.E.R.,R&B,Sweden,Europe,1301254,936902,364352,8.53,840.56,849.09,83814,27752,0.234,77,Rising
2023-06,2023,Q2,Burna Boy,Afrobeats,Sweden,Europe,4865311,3503023,1362288,33.07,3656.55,3689.62,210887,151624,0.085,93,Rising
2023-06,2023,Q2,Arctic Monkeys,Rock,Sweden,Europe,6842496,4926597,1915899,53.68,2078.13,2131.81,295553,148603,0.142,100,Rising
2023-06,2023,Q2,Asake,Afrobeats,Sweden,Europe,1973378,1420832,552546,16.7,1487.05,1503.75,145223,20188,0.28,63,Rising
2023-06,2023,Q2,Karol G,Latin,Sweden,Europe,3650591,2628425,1022166,29.36,2122.44,2151.8,277344,71350,0.164,89,Rising
2023-06,2023,Q2,J. Cole,Hip-Hop,Sweden,Europe,4068621,2929407,1139214,29.07,2926.27,2955.34,94332,164249,0.3,100,Stable
2023-06,2023,Q2,Bad Bunny,Latin,Sweden,Europe,3341767,2406072,935695,28.72,2767.63,2796.35,173440,102271,0.157,98,Stable
2023-06,2023,Q2,Stray Kids,K-Pop,Sweden,Europe,3466404,2495810,970594,22.28,1648.52,1670.8,84186,137799,0.231,72,Declining
2023-06,2023,Q2,Paramore,Rock,France,Europe,5233304,3244648,1988656,33.71,2650.55,2684.26,206884,217933,0.126,100,Stable
2023-06,2023,Q2,Blackpink,K-Pop,France,Europe,318794,197652,121142,2.2,133.38,135.58,14495,5514,0.086,100,Rising
2023-06,2023,Q2,Dua Lipa,Pop,France,Europe,443783,275145,168638,3.01,171.07,174.08,22989,13611,0.248,100,Rising
2023-06,2023,Q2,Kendrick Lamar,Hip-Hop,France,Europe,7235953,4486290,2749663,43.25,5170.31,5213.56,328240,264577,0.287,100,Rising
2023-06,2023,Q2,Lil Baby,Hip-Hop,France,Europe,2769146,1716870,1052276,14.79,1083.65,1098.44,126007,93114,0.155,64,Declining
2023-06,2023,Q2,J Balvin,Latin,France,Europe,1102591,683606,418985,5.83,1092.61,1098.44,68576,21230,0.185,86,Rising
2023-06,2023,Q2,Miley Cyrus,Pop,France,Europe,4037615,2503321,1534294,22.52,1661.43,1683.95,162714,64720,0.251,100,Stable
2023-06,2023,Q2,Calvin Harris,Electronic,France,Europe,3595831,2229415,1366416,23.55,2232.93,2256.48,211859,102079,0.234,100,Rising
2023-06,2023,Q2,Brent Faiyaz,R&B,France,Europe,682508,423154,259354,3.91,632.92,636.83,23746,12683,0.228,89,Rising
2023-06,2023,Q2,Fred Again..,Electronic,France,Europe,5701770,3535097,2166673,31.62,6277.93,6309.55,198478,171428,0.125,100,Declining
2023-06,2023,Q2,H.E.R.,R&B,France,Europe,3192716,1979483,1213233,19.3,2015.9,2035.2,84136,93800,0.31,91,Rising
2023-06,2023,Q2,Martin Garrix,Electronic,France,Europe,1100944,682585,418359,7.25,807.88,815.13,31945,29463,0.116,100,Rising
2023-06,2023,Q2,Frank Ocean,R&B,Ireland,Europe,4810851,3078944,1731907,31.97,4480.25,4512.22,100399,217520,0.338,91,Rising
2023-06,2023,Q2,21 Savage,Hip-Hop,Ireland,Europe,401663,257064,144599,2.52,372.79,375.31,19894,11585,0.12,76,Declining
2023-06,2023,Q2,Harry Styles,Pop,Ireland,Europe,3598010,2302726,1295284,24.2,2609.37,2633.57,262232,41635,0.255,100,Stable
2023-06,2023,Q2,Blackpink,K-Pop,Ireland,Europe,958805,613635,345170,5.77,789.35,795.12,44060,40222,0.285,100,Rising
2023-06,2023,Q2,Lil Baby,Hip-Hop,Ireland,Europe,2497196,1598205,898991,17.87,1351.37,1369.24,172921,62708,0.299,70,Declining
2023-06,2023,Q2,Rema,Afrobeats,Ireland,Europe,2672485,1710390,962095,17.32,1245.79,1263.11,184526,50839,0.241,89,Rising
2023-06,2023,Q2,Doja Cat,Pop,Ireland,Europe,8837386,5655927,3181459,53.07,5620.76,5673.83,247300,186394,0.145,100,Stable
2023-06,2023,Q2,Davido,Afrobeats,Ireland,Europe,3496984,2238069,1258915,24.28,3668.15,3692.43,259089,51049,0.18,100,Rising
2023-06,2023,Q2,Wizkid,Afrobeats,Ireland,Europe,4459692,2854202,1605490,32.26,3034.94,3067.2,228624,220917,0.216,100,Rising
2023-06,2023,Q2,Calvin Harris,Electronic,Ireland,Europe,11593056,7419555,4173501,69.59,7064.76,7134.35,485737,569998,0.177,100,Rising
2023-06,2023,Q2,Stray Kids,K-Pop,Spain,Europe,3152645,1733954,1418691,17.95,4041.45,4059.4,171914,111944,0.254,69,Declining
2023-06,2023,Q2,Frank Ocean,R&B,Spain,Europe,2906992,1598845,1308147,18.33,2220.36,2238.69,80702,45857,0.285,85,Rising
2023-06,2023,Q2,Sza,R&B,Spain,Europe,2246715,1235693,1011022,11.58,2552.91,2564.49,146809,64685,0.274,84,Stable
2023-06,2023,Q2,The Weeknd,R&B/Pop,Spain,Europe,2533709,1393539,1140170,15.71,2376.76,2392.47,132110,93322,0.172,100,Rising
2023-06,2023,Q2,Post Malone,Hip-Hop,Spain,Europe,818102,449956,368146,4.56,633.33,637.89,42883,21466,0.306,92,Declining
2023-06,2023,Q2,Ed Sheeran,Pop,Spain,Europe,8782204,4830212,3951992,55.3,8811.16,8866.46,654516,214023,0.269,100,Rising
2023-06,2023,Q2,Wizkid,Afrobeats,Spain,Europe,4328415,2380628,1947787,23.08,4436.88,4459.96,309488,196269,0.109,100,Rising
2023-06,2023,Q2,Peso Pluma,Latin,Spain,Europe,4799617,2639789,2159828,24.99,2403.15,2428.14,156430,126454,0.28,83,Rising
2023-06,2023,Q2,Tyla,Afrobeats,Spain,Europe,879767,483871,395896,5.25,771.0,776.25,47586,9014,0.137,100,Rising
2023-06,2023,Q2,Lil Baby,Hip-Hop,Spain,Europe,3246661,1785663,1460998,19.89,3661.37,3681.26,138694,115609,0.11,78,Declining
2023-06,2023,Q2,Paramore,Rock,Italy,Europe,5988604,3114074,2874530,35.22,6165.59,6200.81,155236,73001,0.295,100,Stable
2023-06,2023,Q2,Disclosure,Electronic,Italy,Europe,8650015,4498007,4152008,50.61,6318.75,6369.36,603924,179192,0.173,100,Rising
2023-06,2023,Q2,Billie Eilish,Pop,Italy,Europe,7400005,3848002,3552003,35.27,4632.79,4668.06,434515,248229,0.081,100,Declining
2023-06,2023,Q2,Travis Scott,Hip-Hop,Italy,Europe,2520678,1310752,1209926,13.67,1851.81,1865.48,154827,95578,0.115,100,Declining
2023-06,2023,Q2,Peso Pluma,Latin,Italy,Europe,5115641,2660133,2455508,26.58,4676.74,4703.32,339844,68450,0.293,84,Rising
2023-06,2023,Q2,Nicki Minaj,Hip-Hop,Italy,Europe,2888870,1502212,1386658,16.53,2724.28,2740.81,213986,87799,0.258,100,Stable
2023-06,2023,Q2,Karol G,Latin,Italy,Europe,2987084,1553283,1433801,15.49,4052.42,4067.91,186725,110818,0.276,88,Rising
2023-06,2023,Q2,Stray Kids,K-Pop,Italy,Europe,2250237,1170123,1080114,12.04,2199.79,2211.83,67763,34145,0.232,61,Declining
2023-06,2023,Q2,Aespa,K-Pop,Italy,Europe,3434655,1786020,1648635,19.47,2448.18,2467.65,219190,59712,0.244,92,Rising
2023-06,2023,Q2,Rema,Afrobeats,Italy,Europe,4019436,2090106,1929330,21.71,3808.38,3830.09,308854,124101,0.137,98,Rising
2023-06,2023,Q2,Harry Styles,Pop,Italy,Europe,2650838,1378435,1272403,15.08,3017.67,3032.75,151009,117017,0.323,100,Stable
2023-06,2023,Q2,Drake,Hip-Hop,United States,Americas,9176765,5322523,3854242,54.06,7050.77,7104.83,358518,396066,0.081,100,Stable
2023-06,2023,Q2,Olivia Rodrigo,Pop,United States,Americas,10120544,5869915,4250629,74.03,6185.1,6259.13,362928,122026,0.334,100,Rising
2023-06,2023,Q2,Wizkid,Afrobeats,United States,Americas,6944256,4027668,2916588,49.24,6795.21,6844.45,373054,266747,0.283,100,Rising
2023-06,2023,Q2,Newjeans,K-Pop,United States,Americas,4248035,2463860,1784175,28.34,2445.3,2473.64,272165,143056,0.236,63,Stable
2023-06,2023,Q2,J Balvin,Latin,United States,Americas,8664945,5025668,3639277,50.59,8117.81,8168.4,676130,129734,0.217,100,Rising
2023-06,2023,Q2,Ed Sheeran,Pop,United States,Americas,12114559,7026444,5088115,74.38,5827.82,5902.2,575125,199396,0.27,100,Rising
2023-06,2023,Q2,Aespa,K-Pop,United States,Americas,2533172,1469239,1063933,18.08,2760.76,2778.84,187678,47040,0.26,83,Rising
2023-06,2023,Q2,Imagine Dragons,Rock,United States,Americas,1638503,950331,688172,10.05,1442.9,1452.95,115366,75600,0.335,100,Stable
2023-06,2023,Q2,Doja Cat,Pop,United States,Americas,11430661,6629783,4800878,70.99,6866.76,6937.75,818663,456953,0.175,100,Stable
2023-06,2023,Q2,Kendrick Lamar,Hip-Hop,United States,Americas,13625670,7902888,5722782,77.99,13944.13,14022.12,949849,307415,0.155,100,Rising
2023-06,2023,Q2,Travis Scott,Hip-Hop,United States,Americas,8390927,4866737,3524190,51.02,7237.07,7288.09,307633,319009,0.191,100,Declining
2023-06,2023,Q2,Twenty One Pilots,Rock,United States,Americas,1254282,727483,526799,8.39,1504.6,1512.99,30397,60373,0.326,86,Stable
2023-06,2023,Q2,21 Savage,Hip-Hop,Brazil,Americas,1467585,557682,909903,2.93,1741.74,1744.67,74062,30357,0.1,100,Declining
2023-06,2023,Q2,Dua Lipa,Pop,Brazil,Americas,15408526,5855239,9553287,32.62,15973.91,16006.53,460194,608335,0.289,100,Rising
2023-06,2023,Q2,Bts,K-Pop,Brazil,Americas,3471094,1319015,2152079,5.73,3555.66,3561.39,84463,132381,0.184,68,Stable
2023-06,2023,Q2,Harry Styles,Pop,Brazil,Americas,6875116,2612544,4262572,12.79,7129.74,7142.53,469091,98207,0.285,100,Stable
2023-06,2023,Q2,Rema,Afrobeats,Brazil,Americas,2602170,988824,1613346,4.39,3045.16,3049.55,150743,83737,0.344,91,Rising
2023-06,2023,Q2,Travis Scott,Hip-Hop,Brazil,Americas,3472772,1319653,2153119,7.34,5912.36,5919.7,152545,168480,0.265,100,Declining
2023-06,2023,Q2,Lil Baby,Hip-Hop,Brazil,Americas,7358471,2796218,4562253,12.57,8898.0,8910.57,499043,173854,0.325,100,Declining
2023-06,2023,Q2,Sza,R&B,Brazil,Americas,4993972,1897709,3096263,8.34,7887.75,7896.09,172677,106034,0.242,100,Stable
2023-06,2023,Q2,Newjeans,K-Pop,Mexico,Americas,3826951,1339432,2487519,4.83,4447.25,4452.08,298376,51873,0.243,61,Stable
2023-06,2023,Q2,J Balvin,Latin,Mexico,Americas,7340342,2569119,4771223,9.42,7467.57,7476.99,226492,269449,0.237,100,Rising
2023-06,2023,Q2,Martin Garrix,Electronic,Mexico,Americas,2574968,901238,1673730,3.55,4150.21,4153.76,132039,36643,0.118,100,Rising
2023-06,2023,Q2,Ariana Grande,Pop,Mexico,Americas,6975843,2441545,4534298,10.2,4647.02,4657.22,392360,285272,0.126,100,Stable
2023-06,2023,Q2,Sza,R&B,Mexico,Americas,4940705,1729246,3211459,7.23,3268.15,3275.38,217490,229492,0.319,100,Stable
2023-06,2023,Q2,Doja Cat,Pop,Mexico,Americas,11710072,4098525,7611547,15.08,15599.71,15614.79,268833,294901,0.127,100,Stable
2023-06,2023,Q2,21 Savage,Hip-Hop,Mexico,Americas,8647462,3026611,5620851,13.65,10962.48,10976.13,206324,197691,0.175,100,Declining
2023-06,2023,Q2,Rema,Afrobeats,Mexico,Americas,479425,167798,311627,0.57,879.22,879.79,15789,16857,0.097,86,Rising
2023-06,2023,Q2,Stray Kids,K-Pop,Mexico,Americas,4079142,1427699,2651443,5.98,4270.79,4276.77,250364,81806,0.341,78,Declining
2023-06,2023,Q2,Paramore,Rock,Mexico,Americas,2054092,718932,1335160,3.16,2015.69,2018.85,163974,49730,0.184,97,Stable
2023-06,2023,Q2,Peso Pluma,Latin,Mexico,Americas,6766789,2368376,4398413,9.96,11904.96,11914.92,253841,192540,0.302,100,Rising
2023-06,2023,Q2,Blackpink,K-Pop,Colombia,Americas,3569292,1070787,2498505,3.88,2951.08,2954.96,171141,72908,0.206,100,Rising
2023-06,2023,Q2,Twenty One Pilots,Rock,Colombia,Americas,2386962,716088,1670874,2.37,1958.33,1960.7,101545,78162,0.27,87,Stable
2023-06,2023,Q2,Coldplay,Rock,Colombia,Americas,3085987,925796,2160191,3.33,5040.11,5043.44,93578,98208,0.17,80,Stable
2023-06,2023,Q2,Asake,Afrobeats,Colombia,Americas,2933262,879978,2053284,2.89,3841.6,3844.49,216291,140785,0.274,60,Rising
2023-06,2023,Q2,Frank Ocean,R&B,Colombia,Americas,10183225,3054967,7128258,12.07,16735.62,16747.69,359572,124636,0.265,100,Rising
2023-06,2023,Q2,Drake,Hip-Hop,Colombia,Americas,9341615,2802484,6539131,10.57,12758.61,12769.18,306779,382374,0.166,100,Stable
2023-06,2023,Q2,J. Cole,Hip-Hop,Colombia,Americas,14924081,4477224,10446857,16.44,13304.54,13320.98,318908,664715,0.17,100,Stable
2023-06,2023,Q2,Billie Eilish,Pop,Colombia,Americas,3049300,914790,2134510,2.75,4119.05,4121.8,76172,92963,0.168,100,Declining
2023-06,2023,Q2,Burna Boy,Afrobeats,Colombia,Americas,317923,95376,222547,0.37,559.81,560.18,19299,7372,0.25,97,Rising
2023-06,2023,Q2,Bad Bunny,Latin,Nigeria,Africa,83362,15005,68357,0.04,167.88,167.92,5751,1010,0.236,69,Stable
2023-06,2023,Q2,Harry Styles,Pop,Nigeria,Africa,2066906,372043,1694863,0.99,2241.42,2242.41,67537,86791,0.164,100,Stable
2023-06,2023,Q2,Drake,Hip-Hop,Nigeria,Africa,1864681,335642,1529039,1.15,1889.35,1890.5,53259,46159,0.306,100,Stable
2023-06,2023,Q2,Imagine Dragons,Rock,Nigeria,Africa,2339378,421088,1918290,1.19,4421.52,4422.71,91065,65598,0.085,86,Stable
2023-06,2023,Q2,Nicki Minaj,Hip-Hop,Nigeria,Africa,2522161,453988,2068173,1.36,2585.52,2586.88,163466,85397,0.324,100,Stable
2023-06,2023,Q2,Post Malone,Hip-Hop,Nigeria,Africa,645482,116186,529296,0.39,1108.23,1108.62,40596,31362,0.236,100,Declining
2023-06,2023,Q2,Disclosure,Electronic,Nigeria,Africa,959779,172760,787019,0.54,1275.65,1276.19,29978,14058,0.094,99,Rising
2023-06,2023,Q2,Fred Again..,Electronic,Nigeria,Africa,884987,159297,725690,0.46,1426.14,1426.6,26685,10409,0.131,52,Declining
2023-06,2023,Q2,Lil Baby,Hip-Hop,South Africa,Africa,1532360,429060,1103300,1.56,1917.53,1919.09,55670,41012,0.223,100,Declining
2023-06,2023,Q2,Disclosure,Electronic,South Africa,Africa,1031370,288783,742587,1.14,874.28,875.42,69951,29998,0.228,94,Rising
2023-06,2023,Q2,Karol G,Latin,South Africa,Africa,1488337,416734,1071603,1.48,1167.95,1169.43,113647,33220,0.328,72,Rising
2023-06,2023,Q2,Newjeans,K-Pop,South Africa,Africa,1874162,524765,1349397,2.25,1806.47,1808.72,77977,32549,0.2,70,Stable
2023-06,2023,Q2,Doja Cat,Pop,South Africa,Africa,1959285,548599,1410686,2.06,3537.46,3539.52,47872,60620,0.113,100,Stable
2023-06,2023,Q2,Taylor Swift,Pop,South Africa,Africa,437486,122496,314990,0.54,535.11,535.65,10064,17496,0.149,100,Stable
2023-06,2023,Q2,Blackpink,K-Pop,South Africa,Africa,176791,49501,127290,0.22,141.3,141.52,6011,3108,0.262,100,Rising
2023-06,2023,Q2,Ed Sheeran,Pop,South Africa,Africa,3338538,934790,2403748,3.63,3861.52,3865.15,189199,62395,0.246,100,Rising
2023-06,2023,Q2,Kendrick Lamar,Hip-Hop,South Africa,Africa,3981142,1114719,2866423,4.68,6090.68,6095.36,283072,78286,0.091,100,Rising
2023-06,2023,Q2,Taylor Swift,Pop,Kenya,Africa,230090,34513,195577,0.08,369.77,369.85,13947,9218,0.188,100,Stable
2023-06,2023,Q2,Post Malone,Hip-Hop,Kenya,Africa,1008715,151307,857408,0.39,2379.4,2379.79,59288,42886,0.221,100,Declining
2023-06,2023,Q2,J. Cole,Hip-Hop,Kenya,Africa,2774426,416163,2358263,1.16,4391.74,4392.9,206010,96723,0.315,100,Stable
2023-06,2023,Q2,Paramore,Rock,Kenya,Africa,1030234,154535,875699,0.38,1170.93,1171.31,59532,28642,0.126,72,Stable
2023-06,2023,Q2,Wizkid,Afrobeats,Kenya,Africa,2379578,356936,2022642,0.83,5347.94,5348.77,49613,62194,0.247,100,Rising
2023-06,2023,Q2,Disclosure,Electronic,Kenya,Africa,992485,148872,843613,0.32,1662.28,1662.6,39130,43666,0.271,88,Rising
2023-06,2023,Q2,Lil Baby,Hip-Hop,Kenya,Africa,580721,87108,493613,0.19,619.86,620.05,28841,11502,0.102,95,Declining
2023-06,2023,Q2,Rauw Alejandro,Latin,Kenya,Africa,1789802,268470,1521332,0.57,1723.48,1724.05,138597,42674,0.314,74,Stable
2023-06,2023,Q2,Bad Bunny,Latin,Kenya,Africa,1736362,260454,1475908,0.73,2329.01,2329.74,50507,61763,0.212,65,Stable
2023-06,2023,Q2,Asake,Afrobeats,Kenya,Africa,3863696,579554,3284142,1.39,7538.04,7539.43,307174,75192,0.328,100,Rising
2023-06,2023,Q2,Bts,K-Pop,Kenya,Africa,1229512,184426,1045086,0.45,2415.88,2416.33,56533,26223,0.158,78,Stable
2023-06,2023,Q2,H.E.R.,R&B,Kenya,Africa,3316474,497471,2819003,1.4,4364.8,4366.2,118109,74899,0.205,100,Rising
2023-06,2023,Q2,Bts,K-Pop,Ghana,Africa,1415711,198199,1217512,0.43,3254.06,3254.49,50092,18469,0.089,80,Stable
2023-06,2023,Q2,Wizkid,Afrobeats,Ghana,Africa,2977043,416786,2560257,1.01,3339.98,3340.99,159638,49887,0.122,100,Rising
2023-06,2023,Q2,Sza,R&B,Ghana,Africa,2912666,407773,2504893,0.84,7095.59,7096.43,214975,143794,0.189,100,Stable
2023-06,2023,Q2,Aespa,K-Pop,Ghana,Africa,736829,103156,633673,0.22,1710.51,1710.73,15225,9638,0.178,90,Rising
2023-06,2023,Q2,Calvin Harris,Electronic,Ghana,Africa,202716,28380,174336,0.07,308.16,308.23,7067,7080,0.297,66,Rising
2023-06,2023,Q2,J Balvin,Latin,Ghana,Africa,1625134,227518,1397616,0.55,2295.92,2296.47,110776,79420,0.092,72,Rising
2023-06,2023,Q2,Twenty One Pilots,Rock,Ghana,Africa,474005,66360,407645,0.16,413.44,413.6,17033,21913,0.254,60,Stable
2023-06,2023,Q2,The Weeknd,R&B/Pop,Ghana,Africa,1119907,156786,963121,0.34,1592.15,1592.49,39330,31064,0.253,100,Rising
2023-06,2023,Q2,Taylor Swift,Pop,Ghana,Africa,2739462,383524,2355938,1.0,3446.02,3447.02,185561,85936,0.14,100,Stable
2023-06,2023,Q2,Fred Again..,Electronic,Japan,Asia,567380,340428,226952,3.03,388.29,391.32,29122,17702,0.266,68,Declining
2023-06,2023,Q2,Rema,Afrobeats,Japan,Asia,2546387,1527832,1018555,14.64,2259.68,2274.32,79383,116569,0.21,86,Rising
2023-06,2023,Q2,Coldplay,Rock,Japan,Asia,2070688,1242412,828276,12.54,1124.76,1137.3,43510,33942,0.182,48,Stable
2023-06,2023,Q2,Disclosure,Electronic,Japan,Asia,1744673,1046803,697870,10.74,1838.87,1849.61,122945,46787,0.314,100,Rising
2023-06,2023,Q2,Paramore,Rock,Japan,Asia,2432017,1459210,972807,15.05,1808.38,1823.43,67215,35926,0.125,76,Stable
2023-06,2023,Q2,Sza,R&B,Japan,Asia,4281151,2568690,1712461,22.8,2028.11,2050.91,315254,189115,0.342,86,Stable
2023-06,2023,Q2,Burna Boy,Afrobeats,Japan,Asia,6123115,3673869,2449246,35.43,5832.54,5867.97,350043,264811,0.306,99,Rising
2023-06,2023,Q2,Wizkid,Afrobeats,Japan,Asia,226033,135619,90414,1.31,238.9,240.21,15626,7673,0.086,100,Rising
2023-06,2023,Q2,The Weeknd,R&B/Pop,Japan,Asia,977758,586654,391104,5.76,443.09,448.85,20860,26863,0.294,96,Rising
2023-06,2023,Q2,Blackpink,K-Pop,Japan,Asia,5796084,3477650,2318434,29.37,5296.06,5325.43,395678,241392,0.274,100,Rising
2023-06,2023,Q2,Olivia Rodrigo,Pop,Japan,Asia,1982958,1189774,793184,12.11,2299.36,2311.47,123020,86174,0.211,100,Rising
2023-06,2023,Q2,Davido,Afrobeats,Japan,Asia,340426,204255,136171,2.1,190.16,192.26,7397,15806,0.321,100,Rising
2023-06,2023,Q2,Martin Garrix,Electronic,South Korea,Asia,2483135,1365724,1117411,9.66,2506.07,2515.73,117450,116379,0.213,100,Rising
2023-06,2023,Q2,Tyla,Afrobeats,South Korea,Asia,4008492,2204670,1803822,18.52,3267.34,3285.86,98365,136075,0.253,99,Rising
2023-06,2023,Q2,Lil Baby,Hip-Hop,South Korea,Asia,1293972,711684,582288,5.58,926.94,932.52,52932,39832,0.333,61,Declining
2023-06,2023,Q2,J. Cole,Hip-Hop,South Korea,Asia,2786110,1532360,1253750,10.96,2513.01,2523.97,177537,111557,0.141,80,Stable
2023-06,2023,Q2,Disclosure,Electronic,South Korea,Asia,2699779,1484878,1214901,12.46,2621.48,2633.94,124863,85280,0.109,100,Rising
2023-06,2023,Q2,Sza,R&B,South Korea,Asia,4751971,2613584,2138387,19.44,2532.35,2551.79,379653,160301,0.206,77,Stable
2023-06,2023,Q2,Wizkid,Afrobeats,South Korea,Asia,8541117,4697614,3843503,38.21,9327.48,9365.69,517633,91060,0.113,100,Rising
2023-06,2023,Q2,Travis Scott,Hip-Hop,South Korea,Asia,5528596,3040727,2487869,27.51,3143.04,3170.55,188278,153046,0.305,94,Declining
2023-06,2023,Q2,Miley Cyrus,Pop,South Korea,Asia,1501574,825865,675709,7.15,1029.47,1036.62,55748,36187,0.162,100,Stable
2023-06,2023,Q2,Aespa,K-Pop,South Korea,Asia,6622425,3642333,2980092,31.1,7888.68,7919.78,158690,82607,0.157,100,Rising
2023-06,2023,Q2,Harry Styles,Pop,India,Asia,11833322,2603330,9229992,5.25,26702.5,26707.75,338459,119261,0.101,100,Stable
2023-06,2023,Q2,Paramore,Rock,India,Asia,3861285,849482,3011803,1.69,5143.94,5145.63,149039,96730,0.245,69,Stable
2023-06,2023,Q2,J Balvin,Latin,India,Asia,611928,134624,477304,0.3,935.24,935.54,14037,6802,0.211,85,Rising
2023-06,2023,Q2,Fred Again..,Electronic,India,Asia,2840573,624926,2215647,1.14,6342.97,6344.11,166327,128102,0.169,83,Declining
2023-06,2023,Q2,Tyla,Afrobeats,India,Asia,2579788,567553,2012235,1.27,2383.37,2384.64,197542,73112,0.348,100,Rising
2023-06,2023,Q2,Ed Sheeran,Pop,India,Asia,4719846,1038366,3681480,2.22,4771.48,4773.7,226447,53963,0.261,100,Rising
2023-06,2023,Q2,Doja Cat,Pop,India,Asia,1627065,357954,1269111,0.7,3317.69,3318.39,61846,44423,0.339,100,Stable
2023-06,2023,Q2,Stray Kids,K-Pop,India,Asia,8617798,1895915,6721883,3.38,14395.24,14398.62,218242,170513,0.326,100,Declining
2023-06,2023,Q2,Burna Boy,Afrobeats,India,Asia,3378910,743360,2635550,1.35,4495.32,4496.67,141845,134518,0.242,100,Rising
2023-06,2023,Q2,Karol G,Latin,Indonesia,Asia,2292445,458489,1833956,1.23,4288.49,4289.72,157460,95153,0.121,88,Rising
2023-06,2023,Q2,J Balvin,Latin,Indonesia,Asia,1142725,228545,914180,0.65,1821.46,1822.11,82114,19924,0.243,82,Rising
2023-06,2023,Q2,Bad Bunny,Latin,Indonesia,Asia,3192944,638588,2554356,1.79,6592.63,6594.42,134094,40201,0.252,87,Stable
2023-06,2023,Q2,Dua Lipa,Pop,Indonesia,Asia,4728196,945639,3782557,2.52,9089.38,9091.9,312732,142848,0.204,100,Rising
2023-06,2023,Q2,Twenty One Pilots,Rock,Indonesia,Asia,4040832,808166,3232666,2.09,5297.89,5299.98,85765,71409,0.238,57,Stable
2023-06,2023,Q2,Imagine Dragons,Rock,Indonesia,Asia,5862218,1172443,4689775,2.95,9022.57,9025.52,311750,131672,0.325,98,Stable
2023-06,2023,Q2,Travis Scott,Hip-Hop,Indonesia,Asia,2086174,417234,1668940,1.08,2059.99,2061.07,119659,66816,0.323,97,Declining
2023-06,2023,Q2,Davido,Afrobeats,Indonesia,Asia,6397177,1279435,5117742,3.33,8689.52,8692.85,143203,128873,0.238,100,Rising
2023-06,2023,Q2,Post Malone,Hip-Hop,Indonesia,Asia,1277468,255493,1021975,0.55,2760.48,2761.03,31343,32872,0.105,78,Declining
2023-06,2023,Q2,Arctic Monkeys,Rock,Indonesia,Asia,3990151,798030,3192121,1.88,4515.47,4517.35,178321,72310,0.268,100,Rising
2023-06,2023,Q2,Fred Again..,Electronic,Argentina,Latam,189165,60532,128633,0.23,343.01,343.24,11509,8794,0.118,43,Declining
2023-06,2023,Q2,Asake,Afrobeats,Argentina,Latam,1188179,380217,807962,1.41,1901.25,1902.66,47490,53762,0.129,29,Rising
2023-06,2023,Q2,Newjeans,K-Pop,Argentina,Latam,1708041,546573,1161468,1.81,2150.31,2152.12,71899,70709,0.099,79,Stable
2023-06,2023,Q2,Wizkid,Afrobeats,Argentina,Latam,757158,242290,514868,0.84,1030.16,1031.0,47294,30740,0.297,62,Rising
2023-06,2023,Q2,Drake,Hip-Hop,Argentina,Latam,3070487,982555,2087932,2.9,4273.82,4276.72,198578,64235,0.333,100,Stable
2023-06,2023,Q2,Brent Faiyaz,R&B,Argentina,Latam,1274673,407895,866778,1.48,2519.09,2520.57,84166,22926,0.344,67,Rising
2023-06,2023,Q2,Coldplay,Rock,Argentina,Latam,568286,181851,386435,0.53,983.76,984.29,27784,25238,0.137,52,Stable
2023-06,2023,Q2,Kendrick Lamar,Hip-Hop,Argentina,Latam,3476460,1112467,2363993,3.97,3530.51,3534.48,151579,166976,0.286,100,Rising
2023-06,2023,Q2,Burna Boy,Afrobeats,Argentina,Latam,1238832,396426,842406,1.31,1812.12,1813.43,74581,20782,0.145,47,Rising
2023-06,2023,Q2,The Weeknd,R&B/Pop,Argentina,Latam,163496,52318,111178,0.16,128.72,128.88,10429,4891,0.295,100,Rising
2023-06,2023,Q2,Blackpink,K-Pop,Argentina,Latam,3888267,1244245,2644022,3.68,7029.24,7032.92,147196,123460,0.081,100,Rising
2023-06,2023,Q2,Brent Faiyaz,R&B,Chile,Latam,2059104,700095,1359009,2.14,1656.21,1658.35,145435,29617,0.091,69,Rising
2023-06,2023,Q2,J. Cole,Hip-Hop,Chile,Latam,876412,297980,578432,1.04,1305.69,1306.73,30392,9487,0.168,100,Stable
2023-06,2023,Q2,Coldplay,Rock,Chile,Latam,1494080,507987,986093,1.51,2516.7,2518.21,32685,60433,0.333,54,Stable
2023-06,2023,Q2,Kendrick Lamar,Hip-Hop,Chile,Latam,4528723,1539765,2988958,4.59,7077.44,7082.03,314653,140487,0.341,100,Rising
2023-06,2023,Q2,Sza,R&B,Chile,Latam,331620,112750,218870,0.44,340.56,341.0,10221,13404,0.13,72,Stable
2023-06,2023,Q2,Davido,Afrobeats,Chile,Latam,1559825,530340,1029485,1.78,2539.0,2540.78,105271,75162,0.293,61,Rising
2023-06,2023,Q2,Disclosure,Electronic,Chile,Latam,2475103,841535,1633568,2.8,4121.86,4124.66,73788,31506,0.292,100,Rising
2023-06,2023,Q2,Billie Eilish,Pop,Chile,Latam,99608,33866,65742,0.1,89.24,89.34,4807,4715,0.172,99,Declining
2023-06,2023,Q2,Post Malone,Hip-Hop,Chile,Latam,1406041,478053,927988,1.78,1031.16,1032.94,71475,19195,0.339,100,Declining
2023-07,2023,Q3,Post Malone,Hip-Hop,Netherlands,Europe,334326,227341,106985,2.42,262.13,264.55,20387,6384,0.138,97,Declining
2023-07,2023,Q3,Wizkid,Afrobeats,Netherlands,Europe,4194544,2852289,1342255,26.91,3997.72,4024.63,132995,177112,0.106,100,Rising
2023-07,2023,Q3,Karol G,Latin,Netherlands,Europe,2141908,1456497,685411,15.22,1998.46,2013.68,56507,93956,0.171,94,Rising
2023-07,2023,Q3,Davido,Afrobeats,Netherlands,Europe,222497,151297,71200,1.4,140.34,141.74,6205,8673,0.19,100,Rising
2023-07,2023,Q3,Rema,Afrobeats,Netherlands,Europe,3387436,2303456,1083980,23.53,2400.98,2424.51,256838,54331,0.256,94,Rising
2023-07,2023,Q3,J. Cole,Hip-Hop,Netherlands,Europe,2342990,1593233,749757,14.65,1441.31,1455.96,143416,66270,0.091,100,Stable
2023-07,2023,Q3,Twenty One Pilots,Rock,Netherlands,Europe,2312904,1572774,740130,13.67,838.25,851.92,48169,43526,0.264,100,Stable
2023-07,2023,Q3,Burna Boy,Afrobeats,Netherlands,Europe,677102,460429,216673,4.18,452.19,456.37,22400,27480,0.164,88,Rising
2023-07,2023,Q3,Bts,K-Pop,Netherlands,Europe,3530743,2400905,1129838,22.2,3170.13,3192.33,232969,104934,0.341,69,Stable
2023-07,2023,Q3,Ariana Grande,Pop,Netherlands,Europe,1799321,1223538,575783,13.54,1573.87,1587.41,101255,46310,0.256,100,Stable
2023-07,2023,Q3,Harry Styles,Pop,United Kingdom,Europe,12912834,8393342,4519492,84.92,8279.86,8364.78,286450,531325,0.274,100,Stable
2023-07,2023,Q3,Martin Garrix,Electronic,United Kingdom,Europe,16411529,10667493,5744036,103.01,12456.26,12559.27,1220208,762518,0.291,100,Rising
2023-07,2023,Q3,Twenty One Pilots,Rock,United Kingdom,Europe,5349276,3477029,1872247,38.84,5616.04,5654.88,283592,186079,0.295,100,Stable
2023-07,2023,Q3,H.E.R.,R&B,United Kingdom,Europe,4011861,2607709,1404152,27.66,2480.17,2507.83,157333,199256,0.239,90,Rising
2023-07,2023,Q3,Calvin Harris,Electronic,United Kingdom,Europe,8307685,5399995,2907690,48.47,7848.16,7896.63,470522,360469,0.213,100,Rising
2023-07,2023,Q3,Olivia Rodrigo,Pop,United Kingdom,Europe,2624178,1705715,918463,17.02,1923.11,1940.13,202619,118918,0.115,100,Rising
2023-07,2023,Q3,Blackpink,K-Pop,United Kingdom,Europe,3944689,2564047,1380642,23.75,3645.8,3669.55,144687,143211,0.302,100,Rising
2023-07,2023,Q3,Travis Scott,Hip-Hop,United Kingdom,Europe,5382219,3498442,1883777,30.54,3039.55,3070.09,119253,161559,0.187,100,Declining
2023-07,2023,Q3,Newjeans,K-Pop,United Kingdom,Europe,2232512,1451132,781380,15.14,2240.21,2255.35,128426,74228,0.256,67,Stable
2023-07,2023,Q3,Ariana Grande,Pop,United Kingdom,Europe,3607465,2344852,1262613,24.74,1405.73,1430.47,95910,153326,0.143,100,Stable
2023-07,2023,Q3,Bad Bunny,Latin,United Kingdom,Europe,288564,187566,100998,1.92,138.63,140.55,22471,3978,0.288,70,Stable
2023-07,2023,Q3,Wizkid,Afrobeats,Germany,Europe,6175010,4322507,1852503,46.46,3206.71,3253.17,360147,174690,0.098,100,Rising
2023-07,2023,Q3,Karol G,Latin,Germany,Europe,4274184,2991928,1282256,26.93,2139.1,2166.03,191652,197249,0.133,100,Rising
2023-07,2023,Q3,Harry Styles,Pop,Germany,Europe,12818007,8972604,3845403,82.87,8507.5,8590.37,345789,585457,0.093,100,Stable
2023-07,2023,Q3,Miley Cyrus,Pop,Germany,Europe,5037168,3526017,1511151,30.38,3816.43,3846.81,273968,214558,0.1,100,Stable
2023-07,2023,Q3,Ed Sheeran,Pop,Germany,Europe,8447606,5913324,2534282,52.16,6807.43,6859.59,213836,92956,0.143,100,Rising
2023-07,2023,Q3,Travis Scott,Hip-Hop,Germany,Europe,1695931,1187151,508780,12.17,1087.67,1099.84,88186,83820,0.224,100,Declining
2023-07,2023,Q3,Davido,Afrobeats,Germany,Europe,1391421,973994,417427,8.45,1119.48,1127.93,92939,64140,0.164,100,Rising
2023-07,2023,Q3,Giveon,R&B,Germany,Europe,3154539,2208177,946362,19.52,1826.73,1846.25,200611,120294,0.161,100,Rising
2023-07,2023,Q3,Imagine Dragons,Rock,Germany,Europe,2968163,2077714,890449,19.08,2617.16,2636.24,176933,53094,0.283,100,Stable
2023-07,2023,Q3,Bts,K-Pop,Germany,Europe,1331836,932285,399551,8.56,816.08,824.64,35481,33878,0.101,67,Stable
2023-07,2023,Q3,Frank Ocean,R&B,Germany,Europe,986570,690599,295971,6.49,698.64,705.13,33438,31575,0.184,100,Rising
2023-07,2023,Q3,Tyla,Afrobeats,Germany,Europe,1758358,1230850,527508,13.24,1266.19,1279.43,55987,63226,0.186,100,Rising
2023-07,2023,Q3,Billie Eilish,Pop,Sweden,Europe,4035278,2905400,1129878,29.57,1488.86,1518.43,219381,128598,0.131,100,Declining
2023-07,2023,Q3,Stray Kids,K-Pop,Sweden,Europe,3060664,2203678,856986,23.8,1465.28,1489.08,98293,130497,0.231,72,Declining
2023-07,2023,Q3,Davido,Afrobeats,Sweden,Europe,1742740,1254772,487968,15.01,840.1,855.11,80331,46809,0.157,100,Rising
2023-07,2023,Q3,Martin Garrix,Electronic,Sweden,Europe,16119591,11606105,4513486,119.42,9196.79,9316.21,632780,350219,0.279,100,Rising
2023-07,2023,Q3,Kendrick Lamar,Hip-Hop,Sweden,Europe,4691649,3377987,1313662,38.65,2567.44,2606.09,348477,154850,0.331,100,Rising
2023-07,2023,Q3,Tyla,Afrobeats,Sweden,Europe,5317598,3828670,1488928,36.81,4054.74,4091.55,295207,207492,0.102,100,Rising
2023-07,2023,Q3,Frank Ocean,R&B,Sweden,Europe,4500253,3240182,1260071,36.14,3519.18,3555.32,115706,200569,0.296,93,Rising
2023-07,2023,Q3,Harry Styles,Pop,Sweden,Europe,8869209,6385830,2483379,69.23,5898.31,5967.54,197774,192184,0.326,100,Stable
2023-07,2023,Q3,Taylor Swift,Pop,Sweden,Europe,12648240,9106732,3541508,102.79,7602.65,7705.44,781704,335099,0.313,100,Stable
2023-07,2023,Q3,Lil Baby,Hip-Hop,France,Europe,610718,378645,232073,4.09,461.96,466.05,31894,26423,0.305,68,Declining
2023-07,2023,Q3,Nicki Minaj,Hip-Hop,France,Europe,677386,419979,257407,4.01,312.53,316.54,40314,7582,0.21,100,Stable
2023-07,2023,Q3,Drake,Hip-Hop,France,Europe,4949866,3068916,1880950,26.21,4210.06,4236.27,265340,95662,0.255,99,Stable
2023-07,2023,Q3,Imagine Dragons,Rock,France,Europe,1224264,759043,465221,7.95,496.69,504.64,52042,37107,0.278,100,Stable
2023-07,2023,Q3,H.E.R.,R&B,France,Europe,268684,166584,102100,1.6,121.91,123.51,8297,7927,0.214,100,Rising
2023-07,2023,Q3,Stray Kids,K-Pop,France,Europe,674853,418408,256445,4.73,702.6,707.33,23335,18779,0.172,70,Declining
2023-07,2023,Q3,Billie Eilish,Pop,France,Europe,362975,225044,137931,2.01,242.67,244.68,7466,12380,0.302,100,Declining
2023-07,2023,Q3,Ed Sheeran,Pop,France,Europe,2445594,1516268,929326,16.23,1820.24,1836.47,62678,84213,0.18,100,Rising
2023-07,2023,Q3,Calvin Harris,Electronic,France,Europe,343501,212970,130531,2.18,350.66,352.84,12259,9151,0.13,100,Rising
2023-07,2023,Q3,Rauw Alejandro,Latin,France,Europe,1336014,828328,507686,8.7,627.29,635.99,31665,33929,0.191,89,Stable
2023-07,2023,Q3,Paramore,Rock,France,Europe,2179732,1351433,828299,12.14,1496.66,1508.8,161902,41364,0.265,100,Stable
2023-07,2023,Q3,Rauw Alejandro,Latin,Ireland,Europe,3938674,2520751,1417923,24.33,1856.03,1880.36,134477,106285,0.157,94,Stable
2023-07,2023,Q3,Blackpink,K-Pop,Ireland,Europe,493847,316062,177785,2.97,297.13,300.1,12625,17185,0.174,100,Rising
2023-07,2023,Q3,Bad Bunny,Latin,Ireland,Europe,3847574,2462447,1385127,27.54,2024.23,2051.77,85154,180718,0.298,77,Stable
2023-07,2023,Q3,Taylor Swift,Pop,Ireland,Europe,2154604,1378946,775658,12.4,1821.24,1833.64,97495,67895,0.093,100,Stable
2023-07,2023,Q3,Dua Lipa,Pop,Ireland,Europe,11314836,7241495,4073341,63.05,5187.75,5250.8,678301,426608,0.263,100,Rising
2023-07,2023,Q3,Arctic Monkeys,Rock,Ireland,Europe,7846854,5021986,2824868,45.83,5695.15,5740.98,348571,151298,0.159,100,Rising
2023-07,2023,Q3,Travis Scott,Hip-Hop,Ireland,Europe,2917288,1867064,1050224,19.97,1403.9,1423.87,168202,108308,0.297,100,Declining
2023-07,2023,Q3,Rema,Afrobeats,Ireland,Europe,4149305,2655555,1493750,24.37,3360.33,3384.7,258462,164498,0.136,91,Rising
2023-07,2023,Q3,Frank Ocean,R&B,Ireland,Europe,4642001,2970880,1671121,25.93,1840.39,1866.32,201029,51375,0.324,88,Rising
2023-07,2023,Q3,Tyla,Afrobeats,Ireland,Europe,2372909,1518661,854248,13.36,1508.66,1522.02,95651,34519,0.318,95,Rising
2023-07,2023,Q3,Aespa,K-Pop,Ireland,Europe,3534284,2261941,1272343,24.71,1399.29,1424.0,122183,144283,0.182,89,Rising
2023-07,2023,Q3,Doja Cat,Pop,Spain,Europe,9504142,5227278,4276864,48.14,12361.78,12409.92,609237,338395,0.281,100,Stable
2023-07,2023,Q3,Sza,R&B,Spain,Europe,4669977,2568487,2101490,22.95,3869.56,3892.51,137503,206324,0.236,79,Stable
2023-07,2023,Q3,Taylor Swift,Pop,Spain,Europe,3791742,2085458,1706284,23.7,3130.37,3154.07,169709,171168,0.196,100,Stable
2023-07,2023,Q3,Martin Garrix,Electronic,Spain,Europe,9856958,5421326,4435632,49.65,8610.06,8659.71,742808,215817,0.325,100,Rising
2023-07,2023,Q3,21 Savage,Hip-Hop,Spain,Europe,2136840,1175262,961578,12.32,2871.36,2883.68,137158,78447,0.3,71,Declining
2023-07,2023,Q3,Post Malone,Hip-Hop,Spain,Europe,4499532,2474742,2024790,28.1,4958.39,4986.49,277571,169939,0.318,90,Declining
2023-07,2023,Q3,Asake,Afrobeats,Spain,Europe,117598,64678,52920,0.65,147.14,147.79,8330,1726,0.34,62,Rising
2023-07,2023,Q3,Wizkid,Afrobeats,Spain,Europe,6106489,3358568,2747921,38.41,6412.53,6450.94,163764,125356,0.219,100,Rising
2023-07,2023,Q3,Ed Sheeran,Pop,Spain,Europe,5086431,2797537,2288894,28.62,4072.69,4101.31,131758,113420,0.322,100,Rising
2023-07,2023,Q3,Bad Bunny,Latin,Italy,Europe,4944294,2571032,2373262,27.88,2989.36,3017.24,216729,244197,0.347,91,Stable
2023-07,2023,Q3,Newjeans,K-Pop,Italy,Europe,751369,390711,360658,4.28,576.83,581.11,46749,14123,0.083,74,Stable
2023-07,2023,Q3,Twenty One Pilots,Rock,Italy,Europe,2645992,1375915,1270077,12.08,1699.06,1711.14,208925,78658,0.083,100,Stable
2023-07,2023,Q3,Wizkid,Afrobeats,Italy,Europe,3486394,1812924,1673470,17.66,4107.68,4125.34,163282,138013,0.348,100,Rising
2023-07,2023,Q3,Drake,Hip-Hop,Italy,Europe,2608595,1356469,1252126,13.75,3441.21,3454.96,106572,33639,0.296,96,Stable
2023-07,2023,Q3,Olivia Rodrigo,Pop,Italy,Europe,3485073,1812237,1672836,15.89,2605.39,2621.28,220027,92252,0.234,100,Rising
2023-07,2023,Q3,Dua Lipa,Pop,Italy,Europe,9439685,4908636,4531049,55.45,6800.41,6855.86,283787,280669,0.094,100,Rising
2023-07,2023,Q3,Frank Ocean,R&B,Italy,Europe,2339249,1216409,1122840,13.31,3090.52,3103.83,48333,84649,0.265,100,Rising
2023-07,2023,Q3,Bts,K-Pop,United States,Americas,735588,426641,308947,4.54,393.97,398.51,36756,33555,0.207,70,Stable
2023-07,2023,Q3,Giveon,R&B,United States,Americas,12376676,7178472,5198204,85.15,12913.2,12998.35,258595,579323,0.175,100,Rising
2023-07,2023,Q3,Aespa,K-Pop,United States,Americas,3987361,2312669,1674692,24.63,1808.34,1832.97,134236,183706,0.221,88,Rising
2023-07,2023,Q3,Paramore,Rock,United States,Americas,3016596,1749625,1266971,18.78,1440.85,1459.63,219066,99605,0.254,100,Stable
2023-07,2023,Q3,H.E.R.,R&B,United States,Americas,11744396,6811749,4932647,71.14,11703.95,11775.09,408717,324072,0.34,100,Rising
2023-07,2023,Q3,Davido,Afrobeats,United States,Americas,4449928,2580958,1868970,30.28,4081.3,4111.58,126967,137006,0.148,100,Rising
2023-07,2023,Q3,Rauw Alejandro,Latin,United States,Americas,4469456,2592284,1877172,30.98,4198.19,4229.17,313211,134656,0.346,100,Stable
2023-07,2023,Q3,Ed Sheeran,Pop,United States,Americas,6650497,3857288,2793209,41.95,4207.41,4249.36,222229,321278,0.178,100,Rising
2023-07,2023,Q3,Fred Again..,Electronic,United States,Americas,2613580,1515876,1097704,19.06,1211.67,1230.73,143262,80503,0.182,49,Declining
2023-07,2023,Q3,Stray Kids,K-Pop,United States,Americas,4681228,2715112,1966116,29.6,2049.6,2079.2,322363,68000,0.205,70,Declining
2023-07,2023,Q3,Travis Scott,Hip-Hop,Brazil,Americas,15754885,5986856,9768029,31.1,24675.51,24706.61,1207013,699906,0.193,100,Declining
2023-07,2023,Q3,Drake,Hip-Hop,Brazil,Americas,5506924,2092631,3414293,11.56,8206.08,8217.64,289558,187649,0.223,100,Stable
2023-07,2023,Q3,J Balvin,Latin,Brazil,Americas,843439,320506,522933,1.74,779.58,781.32,43381,22131,0.133,100,Rising
2023-07,2023,Q3,Doja Cat,Pop,Brazil,Americas,1654334,628646,1025688,2.8,2018.86,2021.66,80870,77421,0.1,100,Stable
2023-07,2023,Q3,Post Malone,Hip-Hop,Brazil,Americas,9786189,3718751,6067438,16.3,13990.72,14007.02,422315,305619,0.256,100,Declining
2023-07,2023,Q3,Sza,R&B,Brazil,Americas,2831879,1076114,1755765,4.99,1927.73,1932.72,71365,119136,0.326,100,Stable
2023-07,2023,Q3,Ed Sheeran,Pop,Brazil,Americas,4515253,1715796,2799457,9.03,3314.83,3323.86,325469,61432,0.144,100,Rising
2023-07,2023,Q3,Nicki Minaj,Hip-Hop,Brazil,Americas,10941233,4157668,6783565,23.57,13006.67,13030.24,566809,461621,0.275,100,Stable
2023-07,2023,Q3,Frank Ocean,R&B,Brazil,Americas,8949227,3400706,5548521,15.71,11311.43,11327.14,338639,183214,0.29,100,Rising
2023-07,2023,Q3,Twenty One Pilots,Rock,Brazil,Americas,4687369,1781200,2906169,9.56,7073.72,7083.28,365074,208810,0.3,79,Stable
2023-07,2023,Q3,Drake,Hip-Hop,Mexico,Americas,2513418,879696,1633722,3.65,2186.45,2190.1,61511,55456,0.09,100,Stable
2023-07,2023,Q3,Ariana Grande,Pop,Mexico,Americas,4446162,1556156,2890006,5.98,5043.28,5049.26,197420,111298,0.26,100,Stable
2023-07,2023,Q3,Rema,Afrobeats,Mexico,Americas,5018352,1756423,3261929,6.88,3581.57,3588.45,276100,90272,0.082,87,Rising
2023-07,2023,Q3,Disclosure,Electronic,Mexico,Americas,1071323,374963,696360,1.72,1458.5,1460.22,63008,50106,0.181,76,Rising
2023-07,2023,Q3,Dua Lipa,Pop,Mexico,Americas,10139083,3548679,6590404,15.4,15790.43,15805.83,741808,182244,0.128,100,Rising
2023-07,2023,Q3,Bad Bunny,Latin,Mexico,Americas,8209969,2873489,5336480,12.53,6850.5,6863.03,512055,148870,0.322,100,Stable
2023-07,2023,Q3,Martin Garrix,Electronic,Mexico,Americas,7983145,2794100,5189045,11.05,7883.16,7894.21,236793,139876,0.276,100,Rising
2023-07,2023,Q3,J. Cole,Hip-Hop,Mexico,Americas,2165030,757760,1407270,2.68,2876.91,2879.59,137541,76738,0.201,100,Stable
2023-07,2023,Q3,Arctic Monkeys,Rock,Mexico,Americas,6525147,2283801,4241346,8.68,5239.36,5248.04,297317,111878,0.29,100,Rising
2023-07,2023,Q3,Harry Styles,Pop,Mexico,Americas,14635234,5122331,9512903,22.25,13296.16,13318.41,511593,277576,0.094,100,Stable
2023-07,2023,Q3,Paramore,Rock,Mexico,Americas,2391127,836894,1554233,3.81,4554.05,4557.86,102809,115170,0.118,100,Stable
2023-07,2023,Q3,The Weeknd,R&B/Pop,Mexico,Americas,6527026,2284459,4242567,9.6,5656.84,5666.44,425347,126877,0.119,96,Rising
2023-07,2023,Q3,Harry Styles,Pop,Colombia,Americas,16518548,4955564,11562984,19.07,17739.77,17758.84,719906,362110,0.254,100,Stable
2023-07,2023,Q3,Frank Ocean,R&B,Colombia,Americas,9535951,2860785,6675166,9.74,15634.64,15644.38,423746,304425,0.239,100,Rising
2023-07,2023,Q3,Ariana Grande,Pop,Colombia,Americas,8793172,2637951,6155221,9.26,18320.58,18329.84,193974,250122,0.184,100,Stable
2023-07,2023,Q3,Karol G,Latin,Colombia,Americas,9610530,2883159,6727371,10.74,17049.29,17060.03,713560,324894,0.246,100,Rising
2023-07,2023,Q3,Peso Pluma,Latin,Colombia,Americas,14824219,4447265,10376954,13.73,16564.34,16578.07,1027445,228072,0.281,100,Rising
2023-07,2023,Q3,Bad Bunny,Latin,Colombia,Americas,11647573,3494271,8153302,13.31,23732.73,23746.04,411328,515946,0.289,100,Stable
2023-07,2023,Q3,H.E.R.,R&B,Colombia,Americas,8960710,2688213,6272497,10.35,16682.58,16692.93,702959,253448,0.106,100,Rising
2023-07,2023,Q3,Coldplay,Rock,Colombia,Americas,3007089,902126,2104963,3.13,6002.17,6005.3,91058,132155,0.193,73,Stable
2023-07,2023,Q3,Blackpink,K-Pop,Nigeria,Africa,2723343,490201,2233142,1.37,3588.82,3590.19,118282,115919,0.083,100,Rising
2023-07,2023,Q3,Frank Ocean,R&B,Nigeria,Africa,2498003,449640,2048363,1.32,2388.91,2390.23,128153,82869,0.218,100,Rising
2023-07,2023,Q3,Miley Cyrus,Pop,Nigeria,Africa,2305791,415042,1890749,1.11,4198.48,4199.59,49759,88392,0.278,92,Stable
2023-07,2023,Q3,Nicki Minaj,Hip-Hop,Nigeria,Africa,2349320,422877,1926443,1.34,5298.41,5299.75,103864,74927,0.279,100,Stable
2023-07,2023,Q3,Sza,R&B,Nigeria,Africa,1051029,189185,861844,0.61,1345.84,1346.45,62510,17949,0.227,100,Stable
2023-07,2023,Q3,Martin Garrix,Electronic,Nigeria,Africa,1008548,181538,827010,0.58,1917.73,1918.31,42268,30700,0.332,100,Rising
2023-07,2023,Q3,Taylor Swift,Pop,Nigeria,Africa,3825669,688620,3137049,2.28,8613.79,8616.07,183282,54113,0.319,100,Stable
2023-07,2023,Q3,Wizkid,Afrobeats,Nigeria,Africa,2571065,462791,2108274,1.3,2543.34,2544.64,80433,120136,0.25,100,Rising
2023-07,2023,Q3,Karol G,Latin,Nigeria,Africa,715895,128861,587034,0.36,1471.52,1471.88,18704,12562,0.296,67,Rising
2023-07,2023,Q3,The Weeknd,R&B/Pop,Nigeria,Africa,2600890,468160,2132730,1.49,2867.21,2868.7,93065,82480,0.114,100,Rising
2023-07,2023,Q3,Lil Baby,Hip-Hop,South Africa,Africa,711376,199185,512191,0.8,1314.5,1315.3,27753,21801,0.265,85,Declining
2023-07,2023,Q3,Calvin Harris,Electronic,South Africa,Africa,2104794,589342,1515452,2.34,2440.88,2443.22,95554,22509,0.274,67,Rising
2023-07,2023,Q3,Paramore,Rock,South Africa,Africa,1289297,361003,928294,1.4,2167.91,2169.31,94978,22109,0.219,65,Stable
2023-07,2023,Q3,Frank Ocean,R&B,South Africa,Africa,2696381,754986,1941395,3.01,2445.84,2448.85,212866,28086,0.094,100,Rising
2023-07,2023,Q3,Ed Sheeran,Pop,South Africa,Africa,2686747,752289,1934458,2.63,3536.28,3538.91,201948,48661,0.332,100,Rising
2023-07,2023,Q3,Karol G,Latin,South Africa,Africa,1924783,538939,1385844,2.04,2467.23,2469.27,68685,59979,0.142,63,Rising
2023-07,2023,Q3,The Weeknd,R&B/Pop,South Africa,Africa,3129144,876160,2252984,3.21,3649.58,3652.79,207082,34077,0.209,100,Rising
2023-07,2023,Q3,Newjeans,K-Pop,South Africa,Africa,1226948,343545,883403,1.17,932.45,933.62,63248,16982,0.34,78,Stable
2023-07,2023,Q3,Giveon,R&B,South Africa,Africa,1896917,531136,1365781,2.0,2122.86,2124.86,63466,19419,0.08,100,Rising
2023-07,2023,Q3,Ariana Grande,Pop,South Africa,Africa,2761728,773283,1988445,3.26,4091.84,4095.1,206846,119418,0.276,91,Stable
2023-07,2023,Q3,Burna Boy,Afrobeats,South Africa,Africa,8417497,2356899,6060598,9.6,17391.02,17400.62,342678,146740,0.334,100,Rising
2023-07,2023,Q3,H.E.R.,R&B,South Africa,Africa,3209539,898670,2310869,3.96,4173.39,4177.35,70086,89437,0.129,100,Rising
2023-07,2023,Q3,Stray Kids,K-Pop,Kenya,Africa,1356179,203426,1152753,0.5,2907.26,2907.76,106025,39473,0.082,71,Declining
2023-07,2023,Q3,Travis Scott,Hip-Hop,Kenya,Africa,4111737,616760,3494977,1.4,7160.0,7161.4,192543,150397,0.097,100,Declining
2023-07,2023,Q3,Paramore,Rock,Kenya,Africa,329077,49361,279716,0.14,738.4,738.54,23297,14621,0.247,75,Stable
2023-07,2023,Q3,Giveon,R&B,Kenya,Africa,2976080,446412,2529668,0.97,4095.42,4096.39,90695,103583,0.291,100,Rising
2023-07,2023,Q3,J. Cole,Hip-Hop,Kenya,Africa,867779,130166,737613,0.33,1537.56,1537.89,23775,23956,0.299,100,Stable
2023-07,2023,Q3,Aespa,K-Pop,Kenya,Africa,2382839,357425,2025414,0.77,4660.57,4661.34,119548,77747,0.092,88,Rising
2023-07,2023,Q3,Frank Ocean,R&B,Kenya,Africa,1443605,216540,1227065,0.61,1641.13,1641.74,92302,28626,0.195,100,Rising
2023-07,2023,Q3,Asake,Afrobeats,Kenya,Africa,4751346,712701,4038645,1.8,9303.78,9305.58,138642,137253,0.105,100,Rising
2023-07,2023,Q3,Burna Boy,Afrobeats,Ghana,Africa,5261641,736629,4525012,1.66,10757.31,10758.97,258387,126914,0.249,100,Rising
2023-07,2023,Q3,Drake,Hip-Hop,Ghana,Africa,2240057,313607,1926450,0.72,3340.0,3340.72,136485,75285,0.25,100,Stable
2023-07,2023,Q3,Dua Lipa,Pop,Ghana,Africa,2586099,362053,2224046,0.78,3798.94,3799.72,146850,62350,0.225,100,Rising
2023-07,2023,Q3,Coldplay,Rock,Ghana,Africa,1456968,203975,1252993,0.51,3520.28,3520.79,63386,47392,0.271,57,Stable
2023-07,2023,Q3,Stray Kids,K-Pop,Ghana,Africa,1570141,219819,1350322,0.43,3086.17,3086.6,34536,76043,0.268,61,Declining
2023-07,2023,Q3,Nicki Minaj,Hip-Hop,Ghana,Africa,2384275,333798,2050477,0.88,2052.12,2053.0,63348,52625,0.087,100,Stable
2023-07,2023,Q3,Blackpink,K-Pop,Ghana,Africa,2995391,419354,2576037,0.89,6910.36,6911.25,230841,79620,0.342,100,Rising
2023-07,2023,Q3,Davido,Afrobeats,Ghana,Africa,1379119,193076,1186043,0.43,3526.87,3527.3,53288,42404,0.225,100,Rising
2023-07,2023,Q3,21 Savage,Hip-Hop,Ghana,Africa,1153434,161480,991954,0.39,1808.92,1809.31,85093,30490,0.272,100,Declining
2023-07,2023,Q3,Taylor Swift,Pop,Ghana,Africa,2241444,313802,1927642,0.79,2653.66,2654.45,139467,25403,0.111,100,Stable
2023-07,2023,Q3,Paramore,Rock,Ghana,Africa,2069899,289785,1780114,0.68,4857.68,4858.36,44574,36929,0.204,78,Stable
2023-07,2023,Q3,Ariana Grande,Pop,Japan,Asia,896038,537622,358416,4.54,798.99,803.53,48999,25958,0.312,100,Stable
2023-07,2023,Q3,Imagine Dragons,Rock,Japan,Asia,1816282,1089769,726513,10.45,2111.58,2122.03,67639,53582,0.188,84,Stable
2023-07,2023,Q3,Fred Again..,Electronic,Japan,Asia,4228449,2537069,1691380,26.58,5033.94,5060.52,261840,106546,0.191,75,Declining
2023-07,2023,Q3,Stray Kids,K-Pop,Japan,Asia,4898335,2939001,1959334,28.86,4132.63,4161.49,298444,207981,0.254,100,Declining
2023-07,2023,Q3,Miley Cyrus,Pop,Japan,Asia,2105475,1263285,842190,12.1,1150.76,1162.86,57727,61960,0.123,100,Stable
2023-07,2023,Q3,Billie Eilish,Pop,Japan,Asia,2897103,1738261,1158842,15.51,2530.8,2546.31,140079,63362,0.313,100,Declining
2023-07,2023,Q3,Newjeans,K-Pop,Japan,Asia,14897794,8938676,5959118,74.37,10605.96,10680.33,658056,444446,0.109,100,Stable
2023-07,2023,Q3,Olivia Rodrigo,Pop,Japan,Asia,5697249,3418349,2278900,30.06,3195.82,3225.88,281234,59515,0.262,100,Rising
2023-07,2023,Q3,J. Cole,Hip-Hop,South Korea,Asia,3529641,1941302,1588339,16.18,3200.08,3216.26,116976,74775,0.166,81,Stable
2023-07,2023,Q3,Disclosure,Electronic,South Korea,Asia,5106054,2808329,2297725,19.7,4872.77,4892.47,110398,248435,0.172,100,Rising
2023-07,2023,Q3,Post Malone,Hip-Hop,South Korea,Asia,590256,324640,265616,2.85,393.81,396.66,46954,6391,0.139,81,Declining
2023-07,2023,Q3,Bts,K-Pop,South Korea,Asia,1120500,616275,504225,4.79,697.57,702.36,45143,12400,0.114,100,Stable
2023-07,2023,Q3,Burna Boy,Afrobeats,South Korea,Asia,3591598,1975378,1616220,16.49,3096.56,3113.05,194012,95738,0.222,100,Rising
2023-07,2023,Q3,Brent Faiyaz,R&B,South Korea,Asia,1750244,962634,787610,6.75,1838.43,1845.18,132831,20649,0.246,66,Rising
2023-07,2023,Q3,Frank Ocean,R&B,South Korea,Asia,1623057,892681,730376,7.71,1544.03,1551.74,90217,37843,0.114,86,Rising
2023-07,2023,Q3,Harry Styles,Pop,South Korea,Asia,9619758,5290866,4328892,44.1,5774.86,5818.96,579288,246861,0.205,100,Stable
2023-07,2023,Q3,Kendrick Lamar,Hip-Hop,India,Asia,6873763,1512227,5361536,3.28,9952.0,9955.28,493760,68777,0.243,99,Rising
2023-07,2023,Q3,Dua Lipa,Pop,India,Asia,9488071,2087375,7400696,3.57,11775.77,11779.34,651882,444242,0.191,100,Rising
2023-07,2023,Q3,Burna Boy,Afrobeats,India,Asia,788061,173373,614688,0.38,1725.13,1725.51,26296,9750,0.104,85,Rising
2023-07,2023,Q3,Rema,Afrobeats,India,Asia,2251200,495264,1755936,0.96,2837.5,2838.46,98401,85723,0.104,100,Rising
2023-07,2023,Q3,Sza,R&B,India,Asia,3580869,787791,2793078,1.73,6692.35,6694.08,74725,68983,0.244,77,Stable
2023-07,2023,Q3,Tyla,Afrobeats,India,Asia,4952451,1089539,3862912,2.26,5644.69,5646.95,231159,129654,0.094,100,Rising
2023-07,2023,Q3,Rauw Alejandro,Latin,India,Asia,5545522,1220014,4325508,2.21,5263.49,5265.7,179983,190113,0.278,98,Stable
2023-07,2023,Q3,Ariana Grande,Pop,India,Asia,9111683,2004570,7107113,3.39,8677.08,8680.47,567050,339864,0.167,100,Stable
2023-07,2023,Q3,Dua Lipa,Pop,Indonesia,Asia,7177852,1435570,5742282,3.07,12779.54,12782.61,407555,280079,0.083,100,Rising
2023-07,2023,Q3,Taylor Swift,Pop,Indonesia,Asia,4925661,985132,3940529,2.55,9366.05,9368.6,215856,69745,0.244,100,Stable
2023-07,2023,Q3,Ed Sheeran,Pop,Indonesia,Asia,8306717,1661343,6645374,3.73,17688.96,17692.69,471226,283995,0.209,100,Rising
2023-07,2023,Q3,Fred Again..,Electronic,Indonesia,Asia,495290,99058,396232,0.23,977.06,977.29,24359,13261,0.174,66,Declining
2023-07,2023,Q3,Disclosure,Electronic,Indonesia,Asia,5305648,1061129,4244519,2.39,7058.48,7060.87,408937,198074,0.082,100,Rising
2023-07,2023,Q3,Drake,Hip-Hop,Indonesia,Asia,275272,55054,220218,0.15,548.59,548.74,12192,9285,0.207,63,Stable
2023-07,2023,Q3,Davido,Afrobeats,Indonesia,Asia,7849068,1569813,6279255,3.94,13261.77,13265.71,369486,134750,0.14,100,Rising
2023-07,2023,Q3,Asake,Afrobeats,Indonesia,Asia,1940569,388113,1552456,1.02,3693.66,3694.68,105450,72911,0.345,60,Rising
2023-07,2023,Q3,Calvin Harris,Electronic,Argentina,Latam,742888,237724,505164,0.69,1135.25,1135.94,22693,27368,0.341,76,Rising
2023-07,2023,Q3,Lil Baby,Hip-Hop,Argentina,Latam,1673752,535600,1138152,1.7,1626.67,1628.37,82870,51839,0.174,93,Declining
2023-07,2023,Q3,Billie Eilish,Pop,Argentina,Latam,2937273,939927,1997346,3.19,2309.05,2312.24,207887,99639,0.315,98,Declining
2023-07,2023,Q3,Rema,Afrobeats,Argentina,Latam,1595320,510502,1084818,1.88,1462.82,1464.7,105012,62044,0.109,44,Rising
2023-07,2023,Q3,Davido,Afrobeats,Argentina,Latam,585807,187458,398349,0.58,670.02,670.6,35830,17054,0.102,48,Rising
2023-07,2023,Q3,Kendrick Lamar,Hip-Hop,Argentina,Latam,4470611,1430595,3040016,4.85,8515.82,8520.67,102070,137029,0.202,100,Rising
2023-07,2023,Q3,Ariana Grande,Pop,Argentina,Latam,3139620,1004678,2134942,2.96,3723.15,3726.11,226732,149976,0.203,97,Stable
2023-07,2023,Q3,J Balvin,Latin,Argentina,Latam,9307774,2978487,6329287,9.5,14499.73,14509.23,407737,421218,0.256,100,Rising
2023-07,2023,Q3,Martin Garrix,Electronic,Argentina,Latam,2578798,825215,1753583,3.11,3956.59,3959.7,195311,55315,0.145,100,Rising
2023-07,2023,Q3,Bts,K-Pop,Argentina,Latam,2432734,778474,1654260,2.71,1752.3,1755.01,149461,68815,0.266,76,Stable
2023-07,2023,Q3,Giveon,R&B,Argentina,Latam,2577077,824664,1752413,3.11,1980.14,1983.25,157267,72593,0.302,100,Rising
2023-07,2023,Q3,Frank Ocean,R&B,Chile,Latam,144861,49252,95609,0.17,252.51,252.68,8397,5328,0.148,94,Rising
2023-07,2023,Q3,Blackpink,K-Pop,Chile,Latam,4260936,1448718,2812218,4.47,6445.42,6449.89,336758,145020,0.267,100,Rising
2023-07,2023,Q3,Karol G,Latin,Chile,Latam,4991037,1696952,3294085,5.48,9282.87,9288.35,260951,243458,0.101,100,Rising
2023-07,2023,Q3,Disclosure,Electronic,Chile,Latam,712424,242224,470200,0.77,823.18,823.95,53174,10388,0.281,89,Rising
2023-07,2023,Q3,Drake,Hip-Hop,Chile,Latam,180014,61204,118810,0.23,273.8,274.03,12680,3867,0.252,100,Stable
2023-07,2023,Q3,Ariana Grande,Pop,Chile,Latam,3880447,1319351,2561096,4.09,7336.79,7340.88,138291,88293,0.26,97,Stable
2023-07,2023,Q3,Ed Sheeran,Pop,Chile,Latam,255741,86951,168790,0.26,303.42,303.68,17922,11925,0.144,100,Rising
2023-07,2023,Q3,Harry Styles,Pop,Chile,Latam,3574197,1215226,2358971,4.12,2667.85,2671.97,274724,84050,0.2,100,Stable
2023-07,2023,Q3,Sza,R&B,Chile,Latam,1857064,631401,1225663,2.39,3302.23,3304.62,122746,24097,0.286,72,Stable
2023-07,2023,Q3,The Weeknd,R&B/Pop,Chile,Latam,359939,122379,237560,0.46,585.29,585.75,11203,11728,0.089,100,Rising
2023-07,2023,Q3,H.E.R.,R&B,Chile,Latam,2385366,811024,1574342,2.51,1768.09,1770.6,169884,108899,0.173,74,Rising
2023-08,2023,Q3,Blackpink,K-Pop,Netherlands,Europe,2177278,1480549,696729,14.69,1730.13,1744.82,65606,72284,0.32,100,Rising
2023-08,2023,Q3,Imagine Dragons,Rock,Netherlands,Europe,9359606,6364532,2995074,63.69,3431.03,3494.72,321265,384697,0.321,100,Stable
2023-08,2023,Q3,Sza,R&B,Netherlands,Europe,2707924,1841388,866536,16.71,2355.27,2371.98,128184,117533,0.151,80,Stable
2023-08,2023,Q3,Peso Pluma,Latin,Netherlands,Europe,5228223,3555191,1673032,37.64,1886.08,1923.72,376211,117389,0.104,100,Rising
2023-08,2023,Q3,Kendrick Lamar,Hip-Hop,Netherlands,Europe,3097134,2106051,991083,22.07,1716.11,1738.18,194630,108792,0.256,100,Rising
2023-08,2023,Q3,Calvin Harris,Electronic,Netherlands,Europe,10694898,7272530,3422368,70.25,4240.88,4311.13,714062,432548,0.147,100,Rising
2023-08,2023,Q3,Bad Bunny,Latin,Netherlands,Europe,1263501,859180,404321,8.35,1093.75,1102.1,53981,58555,0.314,76,Stable
2023-08,2023,Q3,Asake,Afrobeats,Netherlands,Europe,1473245,1001806,471439,10.15,974.02,984.17,33333,71146,0.331,69,Rising
2023-08,2023,Q3,Fred Again..,Electronic,Netherlands,Europe,2999492,2039654,959838,18.44,1957.26,1975.7,97388,113476,0.227,100,Declining
2023-08,2023,Q3,Doja Cat,Pop,Netherlands,Europe,6065400,4124472,1940928,35.21,4365.34,4400.55,451537,85697,0.339,100,Stable
2023-08,2023,Q3,Ed Sheeran,Pop,Netherlands,Europe,13414670,9121975,4292695,80.1,10295.15,10375.25,495857,664445,0.337,100,Rising
2023-08,2023,Q3,Brent Faiyaz,R&B,Netherlands,Europe,1333091,906501,426590,7.75,1043.88,1051.63,94873,34961,0.102,94,Rising
2023-08,2023,Q3,Ariana Grande,Pop,United Kingdom,Europe,5404332,3512815,1891517,33.79,1962.67,1996.46,110063,98141,0.213,100,Stable
2023-08,2023,Q3,Karol G,Latin,United Kingdom,Europe,3747629,2435958,1311671,25.44,1460.81,1486.25,269442,173226,0.181,96,Rising
2023-08,2023,Q3,Peso Pluma,Latin,United Kingdom,Europe,639443,415637,223806,4.67,285.33,290.0,32093,8769,0.339,87,Rising
2023-08,2023,Q3,Dua Lipa,Pop,United Kingdom,Europe,3681008,2392655,1288353,23.78,2710.72,2734.5,255193,139830,0.129,100,Rising
2023-08,2023,Q3,Olivia Rodrigo,Pop,United Kingdom,Europe,10589286,6883035,3706251,61.99,10111.7,10173.69,546637,404865,0.181,100,Rising
2023-08,2023,Q3,J. Cole,Hip-Hop,United Kingdom,Europe,5820304,3783197,2037107,38.21,2210.77,2248.98,449601,245994,0.162,100,Stable
2023-08,2023,Q3,Disclosure,Electronic,United Kingdom,Europe,7121640,4629066,2492574,41.15,4233.97,4275.12,353648,80584,0.152,100,Rising
2023-08,2023,Q3,Tyla,Afrobeats,United Kingdom,Europe,3386872,2201466,1185406,23.78,1587.17,1610.95,111483,96166,0.236,96,Rising
2023-08,2023,Q3,Taylor Swift,Pop,United Kingdom,Europe,6597543,4288402,2309141,36.7,4947.22,4983.92,336771,247976,0.255,100,Stable
2023-08,2023,Q3,Aespa,K-Pop,United Kingdom,Europe,3863648,2511371,1352277,27.93,1571.45,1599.38,262835,137563,0.237,80,Rising
2023-08,2023,Q3,Imagine Dragons,Rock,United Kingdom,Europe,2218184,1441819,776365,13.3,1484.9,1498.2,109794,64522,0.242,100,Stable
2023-08,2023,Q3,Post Malone,Hip-Hop,Germany,Europe,3733654,2613557,1120097,24.97,2446.27,2471.24,290566,45620,0.091,93,Declining
2023-08,2023,Q3,Fred Again..,Electronic,Germany,Europe,1873474,1311431,562043,13.98,639.69,653.67,136655,39484,0.183,100,Declining
2023-08,2023,Q3,Davido,Afrobeats,Germany,Europe,3596628,2517639,1078989,23.01,1924.25,1947.26,250438,57317,0.197,100,Rising
2023-08,2023,Q3,Aespa,K-Pop,Germany,Europe,3679525,2575667,1103858,24.18,1522.23,1546.41,209670,119756,0.274,92,Rising
2023-08,2023,Q3,Frank Ocean,R&B,Germany,Europe,5512714,3858899,1653815,37.38,4395.97,4433.35,249790,259302,0.349,100,Rising
2023-08,2023,Q3,Calvin Harris,Electronic,Germany,Europe,5631844,3942290,1689554,36.17,2147.36,2183.53,353308,197918,0.214,100,Rising
2023-08,2023,Q3,The Weeknd,R&B/Pop,Germany,Europe,1200450,840315,360135,8.14,468.8,476.94,57238,57670,0.296,100,Rising
2023-08,2023,Q3,Rauw Alejandro,Latin,Germany,Europe,550139,385097,165042,3.36,369.04,372.4,27116,22205,0.191,100,Stable
2023-08,2023,Q3,21 Savage,Hip-Hop,Germany,Europe,477038,333926,143112,2.93,316.68,319.61,24052,14190,0.098,75,Declining
2023-08,2023,Q3,Blackpink,K-Pop,Germany,Europe,6307252,4415076,1892176,45.51,1949.07,1994.58,173534,122743,0.263,100,Rising
2023-08,2023,Q3,Asake,Afrobeats,Germany,Europe,2272503,1590752,681751,18.27,1054.49,1072.76,121345,34907,0.169,66,Rising
2023-08,2023,Q3,Bad Bunny,Latin,Germany,Europe,4262189,2983532,1278657,28.98,1822.05,1851.03,262213,84330,0.335,75,Stable
2023-08,2023,Q3,Coldplay,Rock,Sweden,Europe,4752770,3421994,1330776,33.35,1563.45,1596.8,235245,57059,0.216,100,Stable
2023-08,2023,Q3,Calvin Harris,Electronic,Sweden,Europe,7474803,5381858,2092945,62.71,4957.92,5020.63,240022,257000,0.105,100,Rising
2023-08,2023,Q3,Harry Styles,Pop,Sweden,Europe,6882657,4955513,1927144,55.97,2218.98,2274.95,201143,91310,0.166,100,Stable
2023-08,2023,Q3,Taylor Swift,Pop,Sweden,Europe,3397200,2445984,951216,21.95,1766.01,1787.96,151718,162722,0.145,100,Stable
2023-08,2023,Q3,Disclosure,Electronic,Sweden,Europe,11516263,8291709,3224554,90.67,5630.47,5721.14,670011,446876,0.249,100,Rising
2023-08,2023,Q3,Drake,Hip-Hop,Sweden,Europe,2178228,1568324,609904,18.1,1063.1,1081.2,80339,89295,0.136,83,Stable
2023-08,2023,Q3,Newjeans,K-Pop,Sweden,Europe,1744323,1255912,488411,13.5,939.44,952.94,117812,28672,0.183,60,Stable
2023-08,2023,Q3,Blackpink,K-Pop,Sweden,Europe,1897823,1366432,531391,13.63,1311.48,1325.11,101404,61054,0.265,100,Rising
2023-08,2023,Q3,Stray Kids,K-Pop,Sweden,Europe,2665906,1919452,746454,19.66,1409.69,1429.35,96903,57304,0.269,62,Declining
2023-08,2023,Q3,Olivia Rodrigo,Pop,France,Europe,8150035,5053021,3097014,53.1,3360.7,3413.8,229886,239871,0.136,100,Rising
2023-08,2023,Q3,Stray Kids,K-Pop,France,Europe,1879012,1164987,714025,9.99,1455.93,1465.92,143905,81852,0.253,64,Declining
2023-08,2023,Q3,Tyla,Afrobeats,France,Europe,2337366,1449166,888200,13.46,2318.36,2331.82,169760,88654,0.107,100,Rising
2023-08,2023,Q3,21 Savage,Hip-Hop,France,Europe,1177366,729966,447400,7.78,1020.38,1028.16,86767,36246,0.223,79,Declining
2023-08,2023,Q3,Davido,Afrobeats,France,Europe,2472011,1532646,939365,14.07,1386.53,1400.6,99225,118010,0.297,100,Rising
2023-08,2023,Q3,Lil Baby,Hip-Hop,France,Europe,1072878,665184,407694,6.41,941.17,947.58,33960,15137,0.145,61,Declining
2023-08,2023,Q3,Harry Styles,Pop,France,Europe,1492967,925639,567328,8.93,966.37,975.3,109341,18471,0.342,100,Stable
2023-08,2023,Q3,Newjeans,K-Pop,France,Europe,1229522,762303,467219,8.0,1165.98,1173.98,92478,31878,0.205,71,Stable
2023-08,2023,Q3,Post Malone,Hip-Hop,France,Europe,1015557,629645,385912,5.65,471.31,476.96,61643,18841,0.26,100,Declining
2023-08,2023,Q3,Disclosure,Electronic,Ireland,Europe,5004930,3203155,1801775,36.05,4758.13,4794.18,301448,247869,0.084,100,Rising
2023-08,2023,Q3,Bad Bunny,Latin,Ireland,Europe,2934246,1877917,1056329,18.63,1728.63,1747.26,230855,144133,0.166,85,Stable
2023-08,2023,Q3,J Balvin,Latin,Ireland,Europe,1513646,968733,544913,10.83,1195.29,1206.12,70292,24960,0.135,76,Rising
2023-08,2023,Q3,21 Savage,Hip-Hop,Ireland,Europe,3639580,2329331,1310249,22.46,3275.22,3297.68,228454,120474,0.234,63,Declining
2023-08,2023,Q3,Billie Eilish,Pop,Ireland,Europe,7605228,4867345,2737883,42.7,7227.78,7270.48,464065,213623,0.147,100,Declining
2023-08,2023,Q3,Bts,K-Pop,Ireland,Europe,3011163,1927144,1084019,18.38,1637.71,1656.09,190570,69636,0.117,76,Stable
2023-08,2023,Q3,Peso Pluma,Latin,Ireland,Europe,564243,361115,203128,3.71,557.32,561.03,28706,24375,0.337,100,Rising
2023-08,2023,Q3,Imagine Dragons,Rock,Ireland,Europe,1552603,993665,558938,11.13,1645.68,1656.81,58088,74908,0.215,100,Stable
2023-08,2023,Q3,Brent Faiyaz,R&B,Ireland,Europe,2954442,1890842,1063600,19.98,2967.32,2987.3,179893,81590,0.336,100,Rising
2023-08,2023,Q3,Sza,R&B,Ireland,Europe,1064252,681121,383131,7.46,989.36,996.82,84061,30446,0.279,93,Stable
2023-08,2023,Q3,Stray Kids,K-Pop,Ireland,Europe,2590127,1657681,932446,16.95,2674.61,2691.56,192943,110294,0.232,72,Declining
2023-08,2023,Q3,Calvin Harris,Electronic,Ireland,Europe,3844381,2460403,1383978,24.67,2983.25,3007.92,133290,180317,0.23,100,Rising
2023-08,2023,Q3,Ariana Grande,Pop,Spain,Europe,6401099,3520604,2880495,33.83,4582.11,4615.94,459202,172177,0.133,100,Stable
2023-08,2023,Q3,Stray Kids,K-Pop,Spain,Europe,1962013,1079107,882906,9.25,2596.81,2606.06,94249,32314,0.285,76,Declining
2023-08,2023,Q3,Disclosure,Electronic,Spain,Europe,1149734,632353,517381,5.61,1215.29,1220.9,37314,34906,0.163,100,Rising
2023-08,2023,Q3,Doja Cat,Pop,Spain,Europe,3816148,2098881,1717267,23.86,2811.94,2835.8,223914,86508,0.11,100,Stable
2023-08,2023,Q3,The Weeknd,R&B/Pop,Spain,Europe,4319777,2375877,1943900,23.09,5392.68,5415.77,244527,181933,0.299,100,Rising
2023-08,2023,Q3,J Balvin,Latin,Spain,Europe,2585173,1421845,1163328,15.76,1973.78,1989.54,150219,47919,0.148,87,Rising
2023-08,2023,Q3,Karol G,Latin,Spain,Europe,1745959,960277,785682,9.6,2286.34,2295.94,45421,44034,0.219,100,Rising
2023-08,2023,Q3,Dua Lipa,Pop,Spain,Europe,11349192,6242055,5107137,67.02,10892.95,10959.97,315986,212801,0.145,100,Rising
2023-08,2023,Q3,Coldplay,Rock,Spain,Europe,1511641,831402,680239,8.88,1828.09,1836.97,80421,58969,0.162,100,Stable
2023-08,2023,Q3,Calvin Harris,Electronic,Spain,Europe,8589986,4724492,3865494,44.73,4135.59,4180.32,603729,286402,0.093,100,Rising
2023-08,2023,Q3,Billie Eilish,Pop,Italy,Europe,8316921,4324798,3992123,40.66,7854.54,7895.2,435310,225933,0.259,100,Declining
2023-08,2023,Q3,Paramore,Rock,Italy,Europe,3012259,1566374,1445885,17.31,3316.52,3333.83,218621,82327,0.244,100,Stable
2023-08,2023,Q3,Calvin Harris,Electronic,Italy,Europe,5415429,2816023,2599406,27.18,3526.44,3553.62,254486,145532,0.115,100,Rising
2023-08,2023,Q3,Martin Garrix,Electronic,Italy,Europe,14356448,7465352,6891096,69.15,15136.42,15205.57,1044315,560302,0.207,100,Rising
2023-08,2023,Q3,Wizkid,Afrobeats,Italy,Europe,693290,360510,332780,3.35,412.19,415.54,33418,16946,0.343,100,Rising
2023-08,2023,Q3,Newjeans,K-Pop,Italy,Europe,112785,58648,54137,0.55,113.95,114.5,4408,2236,0.121,69,Stable
2023-08,2023,Q3,Coldplay,Rock,Italy,Europe,2414468,1255523,1158945,12.76,2393.71,2406.47,53397,105280,0.092,100,Stable
2023-08,2023,Q3,Nicki Minaj,Hip-Hop,Italy,Europe,5515903,2868269,2647634,32.94,7285.82,7318.76,240237,111006,0.329,100,Stable
2023-08,2023,Q3,Davido,Afrobeats,United States,Americas,4510983,2616370,1894613,32.67,4234.93,4267.6,181209,94817,0.2,100,Rising
2023-08,2023,Q3,Rema,Afrobeats,United States,Americas,2221510,1288475,933035,14.32,2560.35,2574.67,151285,46789,0.25,90,Rising
2023-08,2023,Q3,Harry Styles,Pop,United States,Americas,15468993,8972015,6496978,86.02,17206.55,17292.57,411148,494069,0.224,100,Stable
2023-08,2023,Q3,Post Malone,Hip-Hop,United States,Americas,10719277,6217180,4502097,68.52,7740.91,7809.43,753626,143368,0.198,100,Declining
2023-08,2023,Q3,Bts,K-Pop,United States,Americas,4100602,2378349,1722253,23.68,2199.67,2223.35,133352,131817,0.328,79,Stable
2023-08,2023,Q3,Brent Faiyaz,R&B,United States,Americas,10212063,5922996,4289067,71.82,4712.12,4783.94,507631,434090,0.309,100,Rising
2023-08,2023,Q3,Coldplay,Rock,United States,Americas,5466459,3170546,2295913,39.42,5976.55,6015.97,116861,234298,0.239,83,Stable
2023-08,2023,Q3,Calvin Harris,Electronic,United States,Americas,4339972,2517183,1822789,27.87,2580.15,2608.02,206997,62284,0.227,64,Rising
2023-08,2023,Q3,Paramore,Rock,United States,Americas,1147685,665657,482028,6.56,945.8,952.36,42488,57076,0.237,100,Stable
2023-08,2023,Q3,Blackpink,K-Pop,United States,Americas,5752521,3336462,2416059,41.31,5919.33,5960.64,381019,201318,0.267,100,Rising
2023-08,2023,Q3,Giveon,R&B,United States,Americas,2606313,1511661,1094652,14.13,2396.91,2411.04,201147,93520,0.103,100,Rising
2023-08,2023,Q3,Ariana Grande,Pop,Brazil,Americas,12694583,4823941,7870642,25.15,23337.11,23362.26,540462,577798,0.313,100,Stable
2023-08,2023,Q3,The Weeknd,R&B/Pop,Brazil,Americas,4754288,1806629,2947659,8.65,8602.06,8610.71,173374,223806,0.129,100,Rising
2023-08,2023,Q3,Fred Again..,Electronic,Brazil,Americas,1524981,579492,945489,2.64,2477.13,2479.77,50607,15863,0.217,52,Declining
2023-08,2023,Q3,Post Malone,Hip-Hop,Brazil,Americas,3989049,1515838,2473211,6.82,2921.15,2927.97,249855,101435,0.326,100,Declining
2023-08,2023,Q3,Taylor Swift,Pop,Brazil,Americas,8208025,3119049,5088976,14.69,10585.14,10599.83,216255,157936,0.281,100,Stable
2023-08,2023,Q3,Davido,Afrobeats,Brazil,Americas,2705121,1027945,1677176,4.81,3113.18,3117.99,210571,97716,0.291,100,Rising
2023-08,2023,Q3,Asake,Afrobeats,Brazil,Americas,4094453,1555892,2538561,8.44,5206.68,5215.12,223319,132757,0.188,70,Rising
2023-08,2023,Q3,Martin Garrix,Electronic,Brazil,Americas,381786,145078,236708,0.66,671.31,671.97,12204,15072,0.174,100,Rising
2023-08,2023,Q3,Burna Boy,Afrobeats,Brazil,Americas,2620090,995634,1624456,5.2,4669.41,4674.61,171076,55322,0.274,91,Rising
2023-08,2023,Q3,Coldplay,Rock,Brazil,Americas,3378051,1283659,2094392,6.87,5932.79,5939.66,219228,160264,0.132,74,Stable
2023-08,2023,Q3,Aespa,K-Pop,Brazil,Americas,354136,134571,219565,0.75,232.91,233.66,25605,13424,0.126,85,Rising
2023-08,2023,Q3,Frank Ocean,R&B,Mexico,Americas,9157534,3205136,5952398,13.43,16898.49,16911.92,428289,434663,0.205,100,Rising
2023-08,2023,Q3,The Weeknd,R&B/Pop,Mexico,Americas,7238903,2533616,4705287,10.43,13053.88,13064.31,326179,214329,0.189,100,Rising
2023-08,2023,Q3,Dua Lipa,Pop,Mexico,Americas,13867939,4853778,9014161,21.82,18259.8,18281.62,974871,318315,0.344,100,Rising
2023-08,2023,Q3,Drake,Hip-Hop,Mexico,Americas,8441117,2954390,5486727,10.74,5899.72,5910.46,205093,187749,0.107,100,Stable
2023-08,2023,Q3,Stray Kids,K-Pop,Mexico,Americas,2652308,928307,1724001,4.12,2442.51,2446.63,64428,37719,0.231,74,Declining
2023-08,2023,Q3,Ed Sheeran,Pop,Mexico,Americas,6297675,2204186,4093489,9.28,9724.35,9733.63,424384,69267,0.335,100,Rising
2023-08,2023,Q3,Karol G,Latin,Mexico,Americas,12451331,4357965,8093366,15.76,12557.92,12573.68,479038,436211,0.127,100,Rising
2023-08,2023,Q3,Giveon,R&B,Mexico,Americas,999597,349858,649739,1.53,792.85,794.38,60943,26252,0.239,100,Rising
2023-08,2023,Q3,J. Cole,Hip-Hop,Mexico,Americas,3787993,1325797,2462196,4.97,2672.44,2677.41,231402,77656,0.339,100,Stable
2023-08,2023,Q3,Travis Scott,Hip-Hop,Mexico,Americas,3183347,1114171,2069176,4.24,6078.93,6083.17,169758,150662,0.262,100,Declining
2023-08,2023,Q3,Ariana Grande,Pop,Colombia,Americas,8362299,2508689,5853610,9.01,15749.84,15758.85,435180,263652,0.232,100,Stable
2023-08,2023,Q3,J Balvin,Latin,Colombia,Americas,1265891,379767,886124,1.24,1526.31,1527.55,31434,30461,0.348,100,Rising
2023-08,2023,Q3,Nicki Minaj,Hip-Hop,Colombia,Americas,17318015,5195404,12122611,20.06,26155.91,26175.97,615436,761060,0.297,100,Stable
2023-08,2023,Q3,Bts,K-Pop,Colombia,Americas,1389488,416846,972642,1.67,2549.39,2551.06,50126,68458,0.084,78,Stable
2023-08,2023,Q3,Travis Scott,Hip-Hop,Colombia,Americas,11400866,3420259,7980607,10.23,21703.53,21713.76,485967,264255,0.174,100,Declining
2023-08,2023,Q3,Davido,Afrobeats,Colombia,Americas,489327,146798,342529,0.49,909.56,910.05,25663,9397,0.117,100,Rising
2023-08,2023,Q3,The Weeknd,R&B/Pop,Colombia,Americas,7096232,2128869,4967363,6.8,11499.94,11506.74,270309,315018,0.227,95,Rising
2023-08,2023,Q3,Karol G,Latin,Colombia,Americas,450473,135141,315332,0.43,903.63,904.06,23308,9482,0.332,100,Rising
2023-08,2023,Q3,Dua Lipa,Pop,Colombia,Americas,2091075,627322,1463753,1.94,3451.0,3452.94,135333,63924,0.101,100,Rising
2023-08,2023,Q3,Ariana Grande,Pop,Nigeria,Africa,3117849,561212,2556637,1.62,7633.26,7634.88,189659,84057,0.263,100,Stable
2023-08,2023,Q3,Peso Pluma,Latin,Nigeria,Africa,523750,94275,429475,0.29,1113.07,1113.36,15343,16516,0.287,79,Rising
2023-08,2023,Q3,Bts,K-Pop,Nigeria,Africa,362043,65167,296876,0.17,601.22,601.39,14634,10350,0.251,76,Stable
2023-08,2023,Q3,Fred Again..,Electronic,Nigeria,Africa,801030,144185,656845,0.37,1482.44,1482.81,38281,30491,0.292,50,Declining
2023-08,2023,Q3,Twenty One Pilots,Rock,Nigeria,Africa,391564,70481,321083,0.21,335.5,335.71,28157,4365,0.251,58,Stable
2023-08,2023,Q3,Newjeans,K-Pop,Nigeria,Africa,1747913,314624,1433289,0.85,2445.61,2446.46,76303,81564,0.258,57,Stable
2023-08,2023,Q3,Ed Sheeran,Pop,Nigeria,Africa,1870010,336601,1533409,1.05,1586.42,1587.47,56805,44801,0.336,100,Rising
2023-08,2023,Q3,Stray Kids,K-Pop,Nigeria,Africa,378859,68194,310665,0.2,789.18,789.38,15395,10309,0.324,61,Declining
2023-08,2023,Q3,Taylor Swift,Pop,Nigeria,Africa,238550,42939,195611,0.11,497.2,497.31,13948,9062,0.208,100,Stable
2023-08,2023,Q3,Aespa,K-Pop,Nigeria,Africa,1433773,258079,1175694,0.83,2859.41,2860.24,74618,42596,0.342,89,Rising
2023-08,2023,Q3,Harry Styles,Pop,Nigeria,Africa,2186002,393480,1792522,1.29,4480.52,4481.81,173834,33489,0.273,100,Stable
2023-08,2023,Q3,Coldplay,Rock,Nigeria,Africa,65129,11723,53406,0.03,125.41,125.44,3547,2262,0.233,57,Stable
2023-08,2023,Q3,Twenty One Pilots,Rock,South Africa,Africa,1045734,292805,752929,1.24,811.79,813.03,77689,32115,0.255,52,Stable
2023-08,2023,Q3,Blackpink,K-Pop,South Africa,Africa,2670941,747863,1923078,2.73,3780.47,3783.2,117817,93928,0.132,100,Rising
2023-08,2023,Q3,Newjeans,K-Pop,South Africa,Africa,1273336,356534,916802,1.51,1167.24,1168.75,64511,22679,0.216,61,Stable
2023-08,2023,Q3,Kendrick Lamar,Hip-Hop,South Africa,Africa,3102464,868689,2233775,3.14,2953.74,2956.88,133598,75921,0.314,100,Rising
2023-08,2023,Q3,Brent Faiyaz,R&B,South Africa,Africa,1967429,550880,1416549,2.45,3223.88,3226.33,106145,64471,0.214,100,Rising
2023-08,2023,Q3,Frank Ocean,R&B,South Africa,Africa,2079584,582283,1497301,2.13,3729.61,3731.74,56188,97595,0.335,100,Rising
2023-08,2023,Q3,Ed Sheeran,Pop,South Africa,Africa,1163664,325825,837839,1.37,1890.48,1891.85,34681,35590,0.155,100,Rising
2023-08,2023,Q3,The Weeknd,R&B/Pop,South Africa,Africa,1065953,298466,767487,1.29,1802.23,1803.52,39723,33981,0.144,100,Rising
2023-08,2023,Q3,Bad Bunny,Latin,South Africa,Africa,657687,184152,473535,0.74,828.91,829.65,20751,7384,0.233,62,Stable
2023-08,2023,Q3,Paramore,Rock,South Africa,Africa,508079,142262,365817,0.63,552.2,552.83,12758,10948,0.198,64,Stable
2023-08,2023,Q3,Tyla,Afrobeats,South Africa,Africa,7781466,2178810,5602656,9.63,8130.96,8140.59,324340,217199,0.159,100,Rising
2023-08,2023,Q3,Bad Bunny,Latin,Kenya,Africa,836361,125454,710907,0.36,1386.54,1386.9,43461,15675,0.219,61,Stable
2023-08,2023,Q3,Karol G,Latin,Kenya,Africa,978670,146800,831870,0.32,2083.76,2084.08,70632,48412,0.17,68,Rising
2023-08,2023,Q3,Frank Ocean,R&B,Kenya,Africa,3651478,547721,3103757,1.31,5721.25,5722.56,195505,175033,0.147,100,Rising
2023-08,2023,Q3,21 Savage,Hip-Hop,Kenya,Africa,2589895,388484,2201411,1.06,2600.36,2601.42,166622,100051,0.266,89,Declining
2023-08,2023,Q3,Lil Baby,Hip-Hop,Kenya,Africa,346577,51986,294591,0.13,768.47,768.6,21235,7270,0.121,96,Declining
2023-08,2023,Q3,J Balvin,Latin,Kenya,Africa,526001,78900,447101,0.18,457.89,458.07,27302,16669,0.215,66,Rising
2023-08,2023,Q3,Davido,Afrobeats,Kenya,Africa,9806412,1470961,8335451,3.59,14345.06,14348.65,449150,225036,0.257,100,Rising
2023-08,2023,Q3,Burna Boy,Afrobeats,Kenya,Africa,4855323,728298,4127025,1.61,7923.55,7925.16,307871,120574,0.23,100,Rising
2023-08,2023,Q3,Peso Pluma,Latin,Kenya,Africa,1250757,187613,1063144,0.41,2310.67,2311.08,34310,19982,0.288,81,Rising
2023-08,2023,Q3,Ed Sheeran,Pop,Kenya,Africa,1732939,259940,1472999,0.7,3699.13,3699.83,99878,53954,0.173,100,Rising
2023-08,2023,Q3,Twenty One Pilots,Rock,Kenya,Africa,934692,140203,794489,0.33,1699.69,1700.02,54506,21883,0.288,49,Stable
2023-08,2023,Q3,Paramore,Rock,Ghana,Africa,930961,130334,800627,0.3,2180.01,2180.31,23450,28589,0.123,81,Stable
2023-08,2023,Q3,Frank Ocean,R&B,Ghana,Africa,2199864,307980,1891884,0.71,5374.04,5374.75,149735,89194,0.293,100,Rising
2023-08,2023,Q3,Newjeans,K-Pop,Ghana,Africa,98739,13823,84916,0.03,106.7,106.73,4833,1610,0.267,61,Stable
2023-08,2023,Q3,Wizkid,Afrobeats,Ghana,Africa,7980948,1117332,6863616,2.17,11331.04,11333.21,485066,94220,0.103,100,Rising
2023-08,2023,Q3,Coldplay,Rock,Ghana,Africa,949479,132927,816552,0.28,1136.19,1136.47,52536,28840,0.278,52,Stable
2023-08,2023,Q3,Tyla,Afrobeats,Ghana,Africa,5175194,724527,4450667,1.49,10455.81,10457.3,398165,126748,0.278,100,Rising
2023-08,2023,Q3,Sza,R&B,Ghana,Africa,3342382,467933,2874449,1.06,3103.58,3104.64,246175,72179,0.117,100,Stable
2023-08,2023,Q3,Martin Garrix,Electronic,Ghana,Africa,787359,110230,677129,0.24,1373.0,1373.24,19902,18979,0.261,100,Rising
2023-08,2023,Q3,Nicki Minaj,Hip-Hop,Ghana,Africa,897919,125708,772211,0.28,1306.96,1307.24,31148,32479,0.158,100,Stable
2023-08,2023,Q3,Travis Scott,Hip-Hop,Ghana,Africa,2473723,346321,2127402,0.68,4417.0,4417.68,131327,79725,0.275,100,Declining
2023-08,2023,Q3,Calvin Harris,Electronic,Ghana,Africa,2246210,314469,1931741,0.72,2476.47,2477.19,96700,73896,0.35,79,Rising
2023-08,2023,Q3,H.E.R.,R&B,Japan,Asia,4671651,2802990,1868661,25.63,2407.27,2432.9,231674,60080,0.221,74,Rising
2023-08,2023,Q3,Burna Boy,Afrobeats,Japan,Asia,6270824,3762494,2508330,36.38,5417.04,5453.42,329715,308746,0.083,100,Rising
2023-08,2023,Q3,Sza,R&B,Japan,Asia,2526733,1516039,1010694,13.44,2338.71,2352.15,132469,68063,0.262,73,Stable
2023-08,2023,Q3,Asake,Afrobeats,Japan,Asia,837994,502796,335198,4.65,678.27,682.92,23538,25253,0.136,81,Rising
2023-08,2023,Q3,Brent Faiyaz,R&B,Japan,Asia,574596,344757,229839,2.83,288.49,291.32,26771,25842,0.23,72,Rising
2023-08,2023,Q3,Ed Sheeran,Pop,Japan,Asia,8352104,5011262,3340842,46.25,8437.98,8484.23,229637,147505,0.231,100,Rising
2023-08,2023,Q3,Disclosure,Electronic,Japan,Asia,1827108,1096264,730844,10.05,1700.38,1710.43,113765,65410,0.241,100,Rising
2023-08,2023,Q3,Kendrick Lamar,Hip-Hop,Japan,Asia,2371287,1422772,948515,14.35,2571.14,2585.49,67084,60301,0.123,100,Rising
2023-08,2023,Q3,Newjeans,K-Pop,Japan,Asia,12533651,7520190,5013461,70.91,10459.33,10530.24,256754,173590,0.265,100,Stable
2023-08,2023,Q3,Arctic Monkeys,Rock,Japan,Asia,5529195,3317517,2211678,29.76,5180.99,5210.75,221217,181923,0.161,100,Rising
2023-08,2023,Q3,Tyla,Afrobeats,Japan,Asia,2009622,1205773,803849,9.81,2076.71,2086.52,114991,35549,0.138,95,Rising
2023-08,2023,Q3,Ariana Grande,Pop,Japan,Asia,6155240,3693144,2462096,34.55,3604.33,3638.88,462735,157597,0.227,100,Stable
2023-08,2023,Q3,Coldplay,Rock,South Korea,Asia,1446412,795526,650886,5.44,925.0,930.44,34294,47382,0.254,53,Stable
2023-08,2023,Q3,Blackpink,K-Pop,South Korea,Asia,22662995,12464647,10198348,95.26,10396.87,10492.13,1261847,823468,0.147,100,Rising
2023-08,2023,Q3,Twenty One Pilots,Rock,South Korea,Asia,1055194,580356,474838,4.97,1143.86,1148.83,25366,12378,0.268,61,Stable
2023-08,2023,Q3,Imagine Dragons,Rock,South Korea,Asia,3623615,1992988,1630627,15.55,3378.39,3393.94,124604,103754,0.164,92,Stable
2023-08,2023,Q3,Fred Again..,Electronic,South Korea,Asia,3989946,2194470,1795476,18.99,1944.61,1963.6,98614,72667,0.346,76,Declining
2023-08,2023,Q3,Karol G,Latin,South Korea,Asia,5803945,3192169,2611776,27.76,2976.54,3004.3,344258,215242,0.213,100,Rising
2023-08,2023,Q3,Arctic Monkeys,Rock,South Korea,Asia,5690612,3129836,2560776,23.42,7404.45,7427.87,290692,223700,0.277,100,Rising
2023-08,2023,Q3,Burna Boy,Afrobeats,South Korea,Asia,3278042,1802923,1475119,13.91,4182.61,4196.52,137947,153015,0.194,100,Rising
2023-08,2023,Q3,Rauw Alejandro,Latin,South Korea,Asia,2792062,1535634,1256428,12.08,2322.84,2334.92,99383,60268,0.13,90,Stable
2023-08,2023,Q3,Taylor Swift,Pop,South Korea,Asia,8373212,4605266,3767946,39.14,11205.71,11244.85,356917,238683,0.124,100,Stable
2023-08,2023,Q3,The Weeknd,R&B/Pop,India,Asia,6850092,1507020,5343072,2.8,13717.87,13720.67,308589,68885,0.095,100,Rising
2023-08,2023,Q3,Doja Cat,Pop,India,Asia,1234339,271554,962785,0.47,1731.27,1731.74,63352,37798,0.116,100,Stable
2023-08,2023,Q3,Bad Bunny,Latin,India,Asia,1988593,437490,1551103,0.77,4457.34,4458.11,108651,27254,0.14,78,Stable
2023-08,2023,Q3,Miley Cyrus,Pop,India,Asia,892611,196374,696237,0.37,1201.25,1201.62,44762,33292,0.216,100,Stable
2023-08,2023,Q3,Harry Styles,Pop,India,Asia,1110773,244370,866403,0.46,1520.62,1521.08,69456,52400,0.273,100,Stable
2023-08,2023,Q3,Fred Again..,Electronic,India,Asia,4406005,969321,3436684,1.77,10281.03,10282.8,89583,70880,0.308,65,Declining
2023-08,2023,Q3,Sza,R&B,India,Asia,1459379,321063,1138316,0.7,2991.97,2992.67,49688,56445,0.13,62,Stable
2023-08,2023,Q3,Travis Scott,Hip-Hop,India,Asia,3820883,840594,2980289,1.75,6405.99,6407.74,302522,68475,0.127,97,Declining
2023-08,2023,Q3,Lil Baby,Hip-Hop,India,Asia,2705018,595103,2109915,1.31,2852.71,2854.02,103416,53287,0.28,53,Declining
2023-08,2023,Q3,Drake,Hip-Hop,India,Asia,483699,106413,377286,0.23,504.37,504.6,32107,7712,0.193,72,Stable
2023-08,2023,Q3,Burna Boy,Afrobeats,India,Asia,3820861,840589,2980272,1.61,3529.95,3531.56,206285,96770,0.093,95,Rising
2023-08,2023,Q3,J. Cole,Hip-Hop,India,Asia,4143318,911529,3231789,1.63,4304.12,4305.75,327848,161657,0.202,85,Stable
2023-08,2023,Q3,Harry Styles,Pop,Indonesia,Asia,8443286,1688657,6754629,4.29,19420.15,19424.44,469902,419751,0.311,100,Stable
2023-08,2023,Q3,Frank Ocean,R&B,Indonesia,Asia,3818447,763689,3054758,2.07,7858.04,7860.11,124813,154989,0.237,74,Rising
2023-08,2023,Q3,Burna Boy,Afrobeats,Indonesia,Asia,4310250,862050,3448200,2.42,3986.91,3989.33,203554,167857,0.089,100,Rising
2023-08,2023,Q3,Nicki Minaj,Hip-Hop,Indonesia,Asia,3457322,691464,2765858,1.8,7834.35,7836.15,105815,90401,0.122,100,Stable
2023-08,2023,Q3,Arctic Monkeys,Rock,Indonesia,Asia,4704445,940889,3763556,2.49,7857.34,7859.83,199368,214801,0.294,100,Rising
2023-08,2023,Q3,Dua Lipa,Pop,Indonesia,Asia,11007242,2201448,8805794,5.49,15089.64,15095.13,396125,538659,0.216,100,Rising
2023-08,2023,Q3,Asake,Afrobeats,Indonesia,Asia,3428187,685637,2742550,1.86,7178.31,7180.17,148734,100876,0.24,68,Rising
2023-08,2023,Q3,Peso Pluma,Latin,Indonesia,Asia,6580020,1316004,5264016,3.37,7230.13,7233.5,454711,210188,0.301,100,Rising
2023-08,2023,Q3,The Weeknd,R&B/Pop,Indonesia,Asia,5657482,1131496,4525986,3.21,5829.47,5832.68,343940,109350,0.14,100,Rising
2023-08,2023,Q3,Sza,R&B,Argentina,Latam,1073866,343637,730229,1.06,1559.54,1560.6,61181,28666,0.343,73,Stable
2023-08,2023,Q3,Coldplay,Rock,Argentina,Latam,555569,177782,377787,0.63,718.32,718.95,43797,23219,0.082,48,Stable
2023-08,2023,Q3,Post Malone,Hip-Hop,Argentina,Latam,2176727,696552,1480175,2.02,1920.02,1922.04,65300,38978,0.193,100,Declining
2023-08,2023,Q3,Disclosure,Electronic,Argentina,Latam,542231,173513,368718,0.58,837.2,837.78,12869,18129,0.161,91,Rising
2023-08,2023,Q3,Giveon,R&B,Argentina,Latam,1122781,359289,763492,1.06,1261.27,1262.33,55521,37928,0.231,85,Rising
2023-08,2023,Q3,Bad Bunny,Latin,Argentina,Latam,1263380,404281,859099,1.37,2188.23,2189.6,42783,22536,0.158,100,Stable
2023-08,2023,Q3,21 Savage,Hip-Hop,Argentina,Latam,3159492,1011037,2148455,3.29,2690.13,2693.42,146476,52148,0.283,83,Declining
2023-08,2023,Q3,Newjeans,K-Pop,Argentina,Latam,245549,78575,166974,0.24,392.96,393.2,9429,10925,0.174,71,Stable
2023-08,2023,Q3,Burna Boy,Afrobeats,Argentina,Latam,139014,44484,94530,0.15,270.12,270.27,6709,6931,0.122,53,Rising
2023-08,2023,Q3,Harry Styles,Pop,Argentina,Latam,1833927,586856,1247071,1.75,3447.88,3449.63,45701,45507,0.166,100,Stable
2023-08,2023,Q3,Fred Again..,Electronic,Argentina,Latam,1357686,434459,923227,1.27,1470.77,1472.04,75800,59479,0.184,55,Declining
2023-08,2023,Q3,Twenty One Pilots,Rock,Argentina,Latam,559153,178928,380225,0.56,654.75,655.31,30936,23259,0.142,51,Stable
2023-08,2023,Q3,Sza,R&B,Chile,Latam,169365,57584,111781,0.2,114.79,114.99,11316,7971,0.308,63,Stable
2023-08,2023,Q3,Tyla,Afrobeats,Chile,Latam,1515868,515395,1000473,1.75,1289.7,1291.45,102627,42672,0.303,51,Rising
2023-08,2023,Q3,Coldplay,Rock,Chile,Latam,325320,110608,214712,0.42,633.46,633.88,24333,3807,0.33,54,Stable
2023-08,2023,Q3,Harry Styles,Pop,Chile,Latam,3304986,1123695,2181291,3.91,3102.75,3106.66,70268,36162,0.253,100,Stable
2023-08,2023,Q3,Taylor Swift,Pop,Chile,Latam,3329928,1132175,2197753,3.45,5023.85,5027.3,101450,145121,0.327,100,Stable
2023-08,2023,Q3,J. Cole,Hip-Hop,Chile,Latam,3128271,1063612,2064659,3.31,3369.02,3372.33,126696,81004,0.181,100,Stable
2023-08,2023,Q3,Travis Scott,Hip-Hop,Chile,Latam,3262746,1109333,2153413,3.84,3272.5,3276.34,75470,69101,0.207,100,Declining
2023-08,2023,Q3,Calvin Harris,Electronic,Chile,Latam,2887462,981737,1905725,3.05,5000.87,5003.92,218538,59225,0.119,82,Rising
2023-08,2023,Q3,Peso Pluma,Latin,Chile,Latam,6570111,2233837,4336274,7.76,6126.86,6134.62,386751,218918,0.152,100,Rising
2023-08,2023,Q3,Post Malone,Hip-Hop,Chile,Latam,3046140,1035687,2010453,3.72,5622.07,5625.79,213191,34386,0.117,100,Declining
2023-08,2023,Q3,Rema,Afrobeats,Chile,Latam,422696,143716,278980,0.47,724.71,725.18,25642,10122,0.317,50,Rising
2023-09,2023,Q3,Arctic Monkeys,Rock,Netherlands,Europe,10706239,7280242,3425997,75.69,6970.68,7046.37,601107,114793,0.081,100,Rising
2023-09,2023,Q3,Paramore,Rock,Netherlands,Europe,733798,498982,234816,4.51,552.07,556.58,18143,19775,0.103,100,Stable
2023-09,2023,Q3,Travis Scott,Hip-Hop,Netherlands,Europe,3340171,2271316,1068855,20.29,2188.67,2208.96,185434,49658,0.1,100,Declining
2023-09,2023,Q3,H.E.R.,R&B,Netherlands,Europe,1412402,960433,451969,8.16,1094.73,1102.89,88646,39238,0.173,100,Rising
2023-09,2023,Q3,Burna Boy,Afrobeats,Netherlands,Europe,4948202,3364777,1583425,37.65,3317.17,3354.82,265605,225330,0.095,100,Rising
2023-09,2023,Q3,Peso Pluma,Latin,Netherlands,Europe,4636959,3153132,1483827,31.99,4167.21,4199.2,93471,163218,0.191,97,Rising
2023-09,2023,Q3,Kendrick Lamar,Hip-Hop,Netherlands,Europe,7440811,5059751,2381060,51.65,5538.15,5589.8,176905,259679,0.327,100,Rising
2023-09,2023,Q3,Olivia Rodrigo,Pop,Netherlands,Europe,353461,240353,113108,2.04,245.84,247.88,19914,14074,0.32,100,Rising
2023-09,2023,Q3,Disclosure,Electronic,Netherlands,Europe,570449,387905,182544,3.69,207.55,211.24,38887,24118,0.193,100,Rising
2023-09,2023,Q3,Calvin Harris,Electronic,Netherlands,Europe,10741276,7304067,3437209,71.05,7531.73,7602.78,253649,182763,0.141,100,Rising
2023-09,2023,Q3,Newjeans,K-Pop,Netherlands,Europe,2785816,1894354,891462,16.94,913.52,930.46,73242,62822,0.261,60,Stable
2023-09,2023,Q3,Ariana Grande,Pop,Netherlands,Europe,6223936,4232276,1991660,48.57,2072.57,2121.14,441526,235527,0.253,100,Stable
2023-09,2023,Q3,Dua Lipa,Pop,United Kingdom,Europe,4778267,3105873,1672394,33.01,3914.46,3947.47,104352,83011,0.34,100,Rising
2023-09,2023,Q3,Rauw Alejandro,Latin,United Kingdom,Europe,5228299,3398394,1829905,32.08,1934.5,1966.58,117166,68912,0.155,94,Stable
2023-09,2023,Q3,Lil Baby,Hip-Hop,United Kingdom,Europe,3688809,2397725,1291084,23.92,3688.15,3712.07,92587,46710,0.324,73,Declining
2023-09,2023,Q3,Coldplay,Rock,United Kingdom,Europe,2039080,1325402,713678,12.56,1237.47,1250.03,92222,46711,0.231,100,Stable
2023-09,2023,Q3,J. Cole,Hip-Hop,United Kingdom,Europe,1603662,1042380,561282,11.28,1424.23,1435.51,90727,30025,0.301,100,Stable
2023-09,2023,Q3,Ed Sheeran,Pop,United Kingdom,Europe,3485225,2265396,1219829,19.39,1366.68,1386.07,262585,158762,0.217,100,Rising
2023-09,2023,Q3,Drake,Hip-Hop,United Kingdom,Europe,3094496,2011422,1083074,22.28,1270.91,1293.19,230226,62676,0.245,91,Stable
2023-09,2023,Q3,Twenty One Pilots,Rock,United Kingdom,Europe,2656083,1726453,929630,17.66,1572.71,1590.37,188924,45877,0.156,100,Stable
2023-09,2023,Q3,Sza,R&B,United Kingdom,Europe,3158469,2053004,1105465,18.14,1165.15,1183.29,191965,117728,0.242,98,Stable
2023-09,2023,Q3,Taylor Swift,Pop,United Kingdom,Europe,1335388,868002,467386,9.62,937.83,947.45,48585,52782,0.321,100,Stable
2023-09,2023,Q3,Davido,Afrobeats,United Kingdom,Europe,2812644,1828218,984426,19.61,2249.35,2268.96,213492,93167,0.218,100,Rising
2023-09,2023,Q3,H.E.R.,R&B,Germany,Europe,2703617,1892531,811086,19.79,879.45,899.24,103336,99922,0.12,83,Rising
2023-09,2023,Q3,Miley Cyrus,Pop,Germany,Europe,6722308,4705615,2016693,52.77,5031.01,5083.78,514213,181161,0.242,100,Stable
2023-09,2023,Q3,Dua Lipa,Pop,Germany,Europe,3519924,2463946,1055978,24.44,1278.92,1303.36,92890,170943,0.344,100,Rising
2023-09,2023,Q3,Giveon,R&B,Germany,Europe,5440627,3808438,1632189,36.49,3564.0,3600.49,217697,152830,0.093,100,Rising
2023-09,2023,Q3,Tyla,Afrobeats,Germany,Europe,3632338,2542636,1089702,27.57,2500.78,2528.35,179378,116650,0.216,98,Rising
2023-09,2023,Q3,Paramore,Rock,Germany,Europe,1304523,913166,391357,10.08,1143.21,1153.29,70657,36870,0.308,100,Stable
2023-09,2023,Q3,Harry Styles,Pop,Germany,Europe,6953314,4867319,2085995,52.01,3822.11,3874.12,509894,167285,0.251,100,Stable
2023-09,2023,Q3,Martin Garrix,Electronic,Germany,Europe,16610283,11627198,4983085,128.17,14914.77,15042.94,1286570,420470,0.134,100,Rising
2023-09,2023,Q3,Calvin Harris,Electronic,Germany,Europe,6387485,4471239,1916246,47.66,4935.15,4982.81,273356,126958,0.087,100,Rising
2023-09,2023,Q3,Wizkid,Afrobeats,Germany,Europe,5049264,3534484,1514780,40.5,3608.06,3648.56,325102,56974,0.086,100,Rising
2023-09,2023,Q3,Stray Kids,K-Pop,Germany,Europe,235190,164633,70557,1.8,72.22,74.02,8492,4281,0.12,67,Declining
2023-09,2023,Q3,Coldplay,Rock,Sweden,Europe,5730766,4126151,1604615,39.25,2495.56,2534.81,237059,237364,0.347,100,Stable
2023-09,2023,Q3,Asake,Afrobeats,Sweden,Europe,1815361,1307059,508302,11.84,731.16,743.0,134512,79357,0.125,65,Rising
2023-09,2023,Q3,Olivia Rodrigo,Pop,Sweden,Europe,4401260,3168907,1232353,34.14,1825.21,1859.35,144990,141867,0.325,100,Rising
2023-09,2023,Q3,Tyla,Afrobeats,Sweden,Europe,2481404,1786610,694794,16.77,1516.56,1533.33,136967,111185,0.311,100,Rising
2023-09,2023,Q3,Aespa,K-Pop,Sweden,Europe,4647828,3346436,1301392,36.27,3092.43,3128.7,288984,145449,0.337,94,Rising
2023-09,2023,Q3,Post Malone,Hip-Hop,Sweden,Europe,1038042,747390,290652,8.38,526.56,534.94,77006,36405,0.344,87,Declining
2023-09,2023,Q3,Kendrick Lamar,Hip-Hop,Sweden,Europe,7990985,5753509,2237476,60.36,5279.92,5340.28,603907,269532,0.261,100,Rising
2023-09,2023,Q3,Sza,R&B,Sweden,Europe,2282320,1643270,639050,16.44,1174.59,1191.03,90601,98843,0.321,100,Stable
2023-09,2023,Q3,H.E.R.,R&B,Sweden,Europe,2501324,1800953,700371,18.75,1689.19,1707.94,184404,74409,0.109,90,Rising
2023-09,2023,Q3,Newjeans,K-Pop,Sweden,Europe,2928395,2108444,819951,25.41,2123.48,2148.89,62931,72478,0.147,73,Stable
2023-09,2023,Q3,Drake,Hip-Hop,Sweden,Europe,252370,181706,70664,1.98,79.23,81.21,15755,12314,0.312,88,Stable
2023-09,2023,Q3,Karol G,Latin,Sweden,Europe,4479034,3224904,1254130,36.2,2556.08,2592.28,177857,153414,0.228,97,Rising
2023-09,2023,Q3,Arctic Monkeys,Rock,France,Europe,4998561,3099107,1899454,27.94,2499.89,2527.83,266563,216934,0.152,100,Rising
2023-09,2023,Q3,J Balvin,Latin,France,Europe,157205,97467,59738,0.88,156.43,157.31,4886,4738,0.14,86,Rising
2023-09,2023,Q3,Billie Eilish,Pop,France,Europe,4683879,2904004,1779875,33.33,5139.94,5173.27,282321,127724,0.096,100,Declining
2023-09,2023,Q3,Asake,Afrobeats,France,Europe,2839124,1760256,1078868,17.62,2131.98,2149.6,118532,70975,0.196,59,Rising
2023-09,2023,Q3,Post Malone,Hip-Hop,France,Europe,1506527,934046,572481,10.11,984.69,994.8,115432,40650,0.322,100,Declining
2023-09,2023,Q3,Nicki Minaj,Hip-Hop,France,Europe,4595730,2849352,1746378,25.41,2877.5,2902.91,177527,193091,0.308,100,Stable
2023-09,2023,Q3,Davido,Afrobeats,France,Europe,3283394,2035704,1247690,22.34,2597.0,2619.34,170187,150710,0.217,100,Rising
2023-09,2023,Q3,Disclosure,Electronic,France,Europe,695043,430926,264117,4.54,416.74,421.28,17011,20548,0.123,100,Rising
2023-09,2023,Q3,Rema,Afrobeats,France,Europe,2270501,1407710,862791,12.96,1008.57,1021.53,146824,70709,0.199,91,Rising
2023-09,2023,Q3,Burna Boy,Afrobeats,France,Europe,3035793,1882191,1153602,16.91,2591.1,2608.01,140724,128464,0.266,88,Rising
2023-09,2023,Q3,Fred Again..,Electronic,France,Europe,3936466,2440608,1495858,26.06,1936.3,1962.36,115691,127748,0.145,100,Declining
2023-09,2023,Q3,Aespa,K-Pop,France,Europe,2579218,1599115,980103,13.61,1241.62,1255.23,141134,76739,0.178,100,Rising
2023-09,2023,Q3,Coldplay,Rock,Ireland,Europe,496979,318066,178913,2.82,432.78,435.6,36961,8518,0.306,96,Stable
2023-09,2023,Q3,Disclosure,Electronic,Ireland,Europe,10464861,6697511,3767350,70.05,4277.12,4347.17,699861,319181,0.257,100,Rising
2023-09,2023,Q3,Taylor Swift,Pop,Ireland,Europe,11973630,7663123,4310507,70.55,9716.71,9787.26,272109,497575,0.227,100,Stable
2023-09,2023,Q3,Ariana Grande,Pop,Ireland,Europe,5692953,3643489,2049464,31.28,4633.8,4665.08,221983,224615,0.092,100,Stable
2023-09,2023,Q3,Fred Again..,Electronic,Ireland,Europe,1477376,945520,531856,8.4,1589.33,1597.73,54760,57383,0.139,100,Declining
2023-09,2023,Q3,Asake,Afrobeats,Ireland,Europe,2876181,1840755,1035426,16.85,1582.82,1599.67,71769,96516,0.207,72,Rising
2023-09,2023,Q3,Peso Pluma,Latin,Ireland,Europe,3578894,2290492,1288402,19.7,2549.82,2569.52,185474,134382,0.09,100,Rising
2023-09,2023,Q3,21 Savage,Hip-Hop,Ireland,Europe,3318278,2123697,1194581,24.22,2307.81,2332.03,201366,98513,0.153,70,Declining
2023-09,2023,Q3,Calvin Harris,Electronic,Ireland,Europe,6380313,4083400,2296913,46.88,6830.43,6877.31,263014,192411,0.324,100,Rising
2023-09,2023,Q3,Martin Garrix,Electronic,Ireland,Europe,16443573,10523886,5919687,115.71,15070.33,15186.04,814530,567616,0.103,100,Rising
2023-09,2023,Q3,Dua Lipa,Pop,Ireland,Europe,11261010,7207046,4053964,66.95,5866.9,5933.85,392302,355163,0.159,100,Rising
2023-09,2023,Q3,Bad Bunny,Latin,Spain,Europe,439993,241996,197997,2.06,440.37,442.43,33949,8922,0.3,89,Stable
2023-09,2023,Q3,Ariana Grande,Pop,Spain,Europe,3772280,2074754,1697526,18.41,2943.02,2961.43,176373,178861,0.258,100,Stable
2023-09,2023,Q3,Brent Faiyaz,R&B,Spain,Europe,2180142,1199078,981064,10.85,1260.16,1271.01,152789,69017,0.249,94,Rising
2023-09,2023,Q3,J. Cole,Hip-Hop,Spain,Europe,5365140,2950827,2414313,26.85,5047.38,5074.23,246861,173074,0.117,99,Stable
2023-09,2023,Q3,Arctic Monkeys,Rock,Spain,Europe,7892925,4341108,3551817,44.0,7180.57,7224.57,604859,373988,0.177,100,Rising
2023-09,2023,Q3,Burna Boy,Afrobeats,Spain,Europe,3509075,1929991,1579084,18.14,2308.2,2326.34,117214,124713,0.184,92,Rising
2023-09,2023,Q3,Doja Cat,Pop,Spain,Europe,2417860,1329823,1088037,14.6,1263.72,1278.32,103097,67316,0.113,100,Stable
2023-09,2023,Q3,Aespa,K-Pop,Spain,Europe,309841,170412,139429,1.94,272.06,274.0,15683,11860,0.265,80,Rising
2023-09,2023,Q3,Rema,Afrobeats,Spain,Europe,805656,443110,362546,4.54,604.34,608.88,60113,27767,0.263,81,Rising
2023-09,2023,Q3,Newjeans,K-Pop,Spain,Europe,2731517,1502334,1229183,14.1,3378.97,3393.07,158686,27470,0.168,64,Stable
2023-09,2023,Q3,Peso Pluma,Latin,Italy,Europe,2268652,1179699,1088953,10.72,2854.22,2864.94,67467,64161,0.107,100,Rising
2023-09,2023,Q3,Stray Kids,K-Pop,Italy,Europe,1339391,696483,642908,7.77,963.23,971.0,91254,40933,0.147,69,Declining
2023-09,2023,Q3,Dua Lipa,Pop,Italy,Europe,4878522,2536831,2341691,26.73,2928.17,2954.9,201260,205227,0.144,100,Rising
2023-09,2023,Q3,Burna Boy,Afrobeats,Italy,Europe,2250995,1170517,1080478,10.57,2831.58,2842.15,179139,100603,0.251,100,Rising
2023-09,2023,Q3,Disclosure,Electronic,Italy,Europe,13823669,7188307,6635362,79.68,10482.03,10561.71,836388,535142,0.197,100,Rising
2023-09,2023,Q3,Travis Scott,Hip-Hop,Italy,Europe,873028,453974,419054,4.16,760.87,765.03,40190,34350,0.247,100,Declining
2023-09,2023,Q3,Tyla,Afrobeats,Italy,Europe,3272978,1701948,1571030,15.91,1997.32,2013.23,114599,80134,0.263,97,Rising
2023-09,2023,Q3,Newjeans,K-Pop,Italy,Europe,1798495,935217,863278,8.33,1154.83,1163.16,136820,50704,0.189,65,Stable
2023-09,2023,Q3,Billie Eilish,Pop,Italy,Europe,4044325,2103049,1941276,22.64,5290.38,5313.02,311846,112546,0.192,100,Declining
2023-09,2023,Q3,The Weeknd,R&B/Pop,Italy,Europe,701603,364833,336770,3.4,518.57,521.97,53138,15527,0.287,100,Rising
2023-09,2023,Q3,Drake,Hip-Hop,Italy,Europe,3205405,1666810,1538595,15.05,2767.65,2782.7,120341,53685,0.237,91,Stable
2023-09,2023,Q3,Arctic Monkeys,Rock,Italy,Europe,10981867,5710570,5271297,57.17,12242.35,12299.52,756588,256223,0.323,100,Rising
2023-09,2023,Q3,Taylor Swift,Pop,United States,Americas,2016762,1169721,847041,14.66,2379.66,2394.32,114075,23305,0.245,100,Stable
2023-09,2023,Q3,Martin Garrix,Electronic,United States,Americas,5563007,3226544,2336463,35.12,6317.32,6352.44,402663,135029,0.182,100,Rising
2023-09,2023,Q3,Olivia Rodrigo,Pop,United States,Americas,11910885,6908313,5002572,74.4,6671.63,6746.03,783306,223520,0.119,100,Rising
2023-09,2023,Q3,Nicki Minaj,Hip-Hop,United States,Americas,6917777,4012310,2905467,37.55,7028.44,7065.99,329862,216339,0.151,100,Stable
2023-09,2023,Q3,Fred Again..,Electronic,United States,Americas,1596563,926006,670557,11.53,1989.54,2001.07,110951,20819,0.232,46,Declining
2023-09,2023,Q3,Giveon,R&B,United States,Americas,8523276,4943500,3579776,60.58,4791.37,4851.95,342914,134792,0.243,100,Rising
2023-09,2023,Q3,Frank Ocean,R&B,United States,Americas,8563344,4966739,3596605,60.78,4587.01,4647.79,305029,253317,0.097,100,Rising
2023-09,2023,Q3,Rauw Alejandro,Latin,United States,Americas,10121216,5870305,4250911,59.44,12716.41,12775.85,678071,449388,0.329,100,Stable
2023-09,2023,Q3,The Weeknd,R&B/Pop,United States,Americas,4547110,2637323,1909787,25.62,2022.79,2048.41,127895,182248,0.319,100,Rising
2023-09,2023,Q3,Disclosure,Electronic,United States,Americas,4354894,2525838,1829056,25.65,4062.17,4087.82,192927,154224,0.208,82,Rising
2023-09,2023,Q3,Arctic Monkeys,Rock,United States,Americas,9142314,5302542,3839772,53.94,8188.59,8242.53,235808,411705,0.117,100,Rising
2023-09,2023,Q3,Sza,R&B,United States,Americas,7063377,4096758,2966619,47.78,7553.91,7601.69,193954,254509,0.34,100,Stable
2023-09,2023,Q3,Brent Faiyaz,R&B,Brazil,Americas,10250643,3895244,6355399,21.25,12285.29,12306.54,483485,195496,0.212,100,Rising
2023-09,2023,Q3,Sza,R&B,Brazil,Americas,7332680,2786418,4546262,12.49,12428.89,12441.38,201023,186160,0.17,100,Stable
2023-09,2023,Q3,Miley Cyrus,Pop,Brazil,Americas,5804595,2205746,3598849,10.05,6912.85,6922.9,461720,142261,0.256,100,Stable
2023-09,2023,Q3,Doja Cat,Pop,Brazil,Americas,487681,185318,302363,0.83,381.08,381.91,27737,9369,0.209,100,Stable
2023-09,2023,Q3,Bts,K-Pop,Brazil,Americas,2590296,984312,1605984,5.46,3383.49,3388.95,146350,63935,0.096,72,Stable
2023-09,2023,Q3,Davido,Afrobeats,Brazil,Americas,3608705,1371307,2237398,6.03,3410.88,3416.91,232843,46627,0.201,100,Rising
2023-09,2023,Q3,Dua Lipa,Pop,Brazil,Americas,2820732,1071878,1748854,5.04,1802.34,1807.38,180786,28994,0.316,100,Rising
2023-09,2023,Q3,Billie Eilish,Pop,Brazil,Americas,3915039,1487714,2427325,8.32,5106.58,5114.9,215788,160524,0.163,100,Declining
2023-09,2023,Q3,Harry Styles,Pop,Mexico,Americas,1234991,432246,802745,1.93,1972.79,1974.72,81744,15546,0.131,100,Stable
2023-09,2023,Q3,Kendrick Lamar,Hip-Hop,Mexico,Americas,9369671,3279384,6090287,14.37,15131.43,15145.8,668757,283819,0.249,100,Rising
2023-09,2023,Q3,J. Cole,Hip-Hop,Mexico,Americas,14178924,4962623,9216301,22.11,11529.43,11551.54,666671,381806,0.167,100,Stable
2023-09,2023,Q3,Coldplay,Rock,Mexico,Americas,424557,148594,275963,0.61,764.76,765.37,24717,8347,0.313,89,Stable
2023-09,2023,Q3,Olivia Rodrigo,Pop,Mexico,Americas,6625337,2318867,4306470,10.4,9134.65,9145.05,262716,235836,0.163,100,Rising
2023-09,2023,Q3,Imagine Dragons,Rock,Mexico,Americas,2752952,963533,1789419,4.01,2734.84,2738.85,90137,41945,0.145,100,Stable
2023-09,2023,Q3,Post Malone,Hip-Hop,Mexico,Americas,3322226,1162779,2159447,5.05,2712.71,2717.76,229999,160564,0.175,100,Declining
2023-09,2023,Q3,H.E.R.,R&B,Mexico,Americas,3480325,1218113,2262212,4.31,5222.72,5227.03,171214,140372,0.195,100,Rising
2023-09,2023,Q3,Bad Bunny,Latin,Colombia,Americas,2227253,668175,1559078,2.11,2422.74,2424.85,177549,59410,0.215,100,Stable
2023-09,2023,Q3,Peso Pluma,Latin,Colombia,Americas,12859776,3857932,9001844,13.72,20431.47,20445.19,587152,547532,0.22,100,Rising
2023-09,2023,Q3,Martin Garrix,Electronic,Colombia,Americas,3435377,1030613,2404764,3.73,6049.57,6053.3,184308,56225,0.166,100,Rising
2023-09,2023,Q3,J Balvin,Latin,Colombia,Americas,5977582,1793274,4184308,6.74,5558.72,5565.46,142706,259673,0.247,100,Rising
2023-09,2023,Q3,Rauw Alejandro,Latin,Colombia,Americas,5928369,1778510,4149859,5.9,7272.18,7278.08,174017,257351,0.217,100,Stable
2023-09,2023,Q3,Tyla,Afrobeats,Colombia,Americas,2607917,782375,1825542,2.63,3295.75,3298.38,183249,28872,0.083,100,Rising
2023-09,2023,Q3,Doja Cat,Pop,Colombia,Americas,4251511,1275453,2976058,3.98,8649.86,8653.84,261936,142073,0.167,100,Stable
2023-09,2023,Q3,Brent Faiyaz,R&B,Colombia,Americas,1768009,530402,1237607,1.91,2144.55,2146.46,116820,55615,0.137,100,Rising
2023-09,2023,Q3,Ariana Grande,Pop,Colombia,Americas,4862805,1458841,3403964,4.98,7813.29,7818.27,184146,171754,0.326,100,Stable
2023-09,2023,Q3,Arctic Monkeys,Rock,Colombia,Americas,8030188,2409056,5621132,9.55,15296.02,15305.57,487085,144712,0.1,100,Rising
2023-09,2023,Q3,Taylor Swift,Pop,Colombia,Americas,1709603,512880,1196723,1.63,2162.78,2164.41,99197,18855,0.347,100,Stable
2023-09,2023,Q3,Olivia Rodrigo,Pop,Nigeria,Africa,1728354,311103,1417251,0.85,2496.0,2496.85,48527,70860,0.216,100,Rising
2023-09,2023,Q3,Twenty One Pilots,Rock,Nigeria,Africa,399343,71881,327462,0.25,763.24,763.49,9634,13392,0.129,49,Stable
2023-09,2023,Q3,Dua Lipa,Pop,Nigeria,Africa,2463826,443488,2020338,1.3,5865.32,5866.62,81993,46413,0.243,100,Rising
2023-09,2023,Q3,Frank Ocean,R&B,Nigeria,Africa,4039399,727091,3312308,2.24,9843.61,9845.85,166684,49387,0.133,100,Rising
2023-09,2023,Q3,Brent Faiyaz,R&B,Nigeria,Africa,942311,169615,772696,0.47,1476.22,1476.69,71646,13559,0.281,100,Rising
2023-09,2023,Q3,Asake,Afrobeats,Nigeria,Africa,5878135,1058064,4820071,3.21,6704.1,6707.31,341606,68915,0.348,100,Rising
2023-09,2023,Q3,Newjeans,K-Pop,Nigeria,Africa,1070830,192749,878081,0.51,2280.52,2281.03,64514,24188,0.227,62,Stable
2023-09,2023,Q3,The Weeknd,R&B/Pop,Nigeria,Africa,2695308,485155,2210153,1.54,5681.82,5683.36,191420,41378,0.203,100,Rising
2023-09,2023,Q3,Burna Boy,Afrobeats,Nigeria,Africa,8967371,1614126,7353245,4.83,20918.23,20923.06,416106,390051,0.214,100,Rising
2023-09,2023,Q3,Wizkid,Afrobeats,Nigeria,Africa,7560531,1360895,6199636,3.7,17279.8,17283.5,446161,299051,0.248,100,Rising
2023-09,2023,Q3,Billie Eilish,Pop,Nigeria,Africa,774741,139453,635288,0.43,1901.8,1902.23,44433,31069,0.132,98,Declining
2023-09,2023,Q3,Calvin Harris,Electronic,Nigeria,Africa,630939,113569,517370,0.39,958.06,958.45,12702,18903,0.247,74,Rising
2023-09,2023,Q3,Bad Bunny,Latin,South Africa,Africa,427648,119741,307907,0.48,787.74,788.22,19100,5848,0.247,72,Stable
2023-09,2023,Q3,J Balvin,Latin,South Africa,Africa,113562,31797,81765,0.14,88.7,88.84,7737,1757,0.128,72,Rising
2023-09,2023,Q3,Fred Again..,Electronic,South Africa,Africa,786194,220134,566060,0.99,1310.3,1311.29,29418,13299,0.193,48,Declining
2023-09,2023,Q3,Doja Cat,Pop,South Africa,Africa,1891915,529736,1362179,2.12,2354.73,2356.85,88530,27428,0.305,100,Stable
2023-09,2023,Q3,Blackpink,K-Pop,South Africa,Africa,3011268,843155,2168113,3.51,4326.44,4329.95,224567,113696,0.183,100,Rising
2023-09,2023,Q3,Drake,Hip-Hop,South Africa,Africa,1520347,425697,1094650,1.89,2086.41,2088.3,85651,65544,0.228,100,Stable
2023-09,2023,Q3,Arctic Monkeys,Rock,South Africa,Africa,2914128,815955,2098173,3.35,5955.34,5958.69,224332,127756,0.311,100,Rising
2023-09,2023,Q3,Post Malone,Hip-Hop,South Africa,Africa,1226619,343453,883166,1.22,2526.11,2527.33,55328,23595,0.293,100,Declining
2023-09,2023,Q3,Ed Sheeran,Pop,South Africa,Africa,4088587,1144804,2943783,4.69,6549.03,6553.72,156835,66278,0.248,100,Rising
2023-09,2023,Q3,Giveon,R&B,South Africa,Africa,3484558,975676,2508882,3.71,4967.0,4970.71,273500,141272,0.31,100,Rising
2023-09,2023,Q3,Disclosure,Electronic,South Africa,Africa,868891,243289,625602,1.07,1791.96,1793.03,39188,27847,0.325,87,Rising
2023-09,2023,Q3,Martin Garrix,Electronic,Kenya,Africa,2887793,433168,2454625,1.0,7017.13,7018.13,171702,42081,0.119,100,Rising
2023-09,2023,Q3,Miley Cyrus,Pop,Kenya,Africa,377057,56558,320499,0.16,425.06,425.22,20039,13867,0.301,93,Stable
2023-09,2023,Q3,Wizkid,Afrobeats,Kenya,Africa,2340336,351050,1989286,0.87,4054.08,4054.95,177697,62824,0.201,100,Rising
2023-09,2023,Q3,Sza,R&B,Kenya,Africa,3358573,503785,2854788,1.1,8546.77,8547.87,121505,52535,0.269,100,Stable
2023-09,2023,Q3,Disclosure,Electronic,Kenya,Africa,1953499,293024,1660475,0.64,1816.42,1817.06,116364,65505,0.259,81,Rising
2023-09,2023,Q3,Rema,Afrobeats,Kenya,Africa,6635977,995396,5640581,2.47,14560.13,14562.6,294913,181885,0.309,100,Rising
2023-09,2023,Q3,Taylor Swift,Pop,Kenya,Africa,437836,65675,372161,0.18,812.42,812.6,20527,8945,0.326,100,Stable
2023-09,2023,Q3,Coldplay,Rock,Kenya,Africa,985811,147871,837940,0.38,1687.24,1687.62,63028,47761,0.193,55,Stable
2023-09,2023,Q3,Brent Faiyaz,R&B,Kenya,Africa,1575632,236344,1339288,0.64,2946.28,2946.92,79444,50457,0.256,100,Rising
2023-09,2023,Q3,Giveon,R&B,Kenya,Africa,454742,68211,386531,0.16,696.24,696.4,19907,14480,0.238,100,Rising
2023-09,2023,Q3,Dua Lipa,Pop,Ghana,Africa,2466303,345282,2121021,0.8,5304.0,5304.8,90441,29693,0.212,100,Rising
2023-09,2023,Q3,Taylor Swift,Pop,Ghana,Africa,1170131,163818,1006313,0.33,2894.23,2894.56,48626,55765,0.255,100,Stable
2023-09,2023,Q3,Imagine Dragons,Rock,Ghana,Africa,2431765,340447,2091318,0.76,6176.51,6177.27,108058,58281,0.11,96,Stable
2023-09,2023,Q3,Paramore,Rock,Ghana,Africa,1364223,190991,1173232,0.44,1582.78,1583.22,41720,64923,0.32,72,Stable
2023-09,2023,Q3,J Balvin,Latin,Ghana,Africa,1625765,227607,1398158,0.51,3436.37,3436.88,70285,22806,0.186,54,Rising
2023-09,2023,Q3,Arctic Monkeys,Rock,Ghana,Africa,2700466,378065,2322401,0.91,4369.93,4370.84,78050,83070,0.332,100,Rising
2023-09,2023,Q3,Coldplay,Rock,Ghana,Africa,1070505,149870,920635,0.31,1602.3,1602.61,48949,25251,0.189,53,Stable
2023-09,2023,Q3,Billie Eilish,Pop,Ghana,Africa,485997,68039,417958,0.13,842.32,842.45,12976,10346,0.168,89,Declining
2023-09,2023,Q3,Nicki Minaj,Hip-Hop,Japan,Asia,274585,164751,109834,1.75,110.22,111.97,15386,12806,0.217,93,Stable
2023-09,2023,Q3,Giveon,R&B,Japan,Asia,4982077,2989246,1992831,32.15,2385.29,2417.44,177772,222877,0.088,95,Rising
2023-09,2023,Q3,Asake,Afrobeats,Japan,Asia,177319,106391,70928,0.94,107.14,108.08,12138,2867,0.081,74,Rising
2023-09,2023,Q3,Brent Faiyaz,R&B,Japan,Asia,132515,79509,53006,0.7,72.28,72.98,2671,3911,0.331,66,Rising
2023-09,2023,Q3,Karol G,Latin,Japan,Asia,2579749,1547849,1031900,12.77,1641.39,1654.16,114502,80843,0.211,89,Rising
2023-09,2023,Q3,Disclosure,Electronic,Japan,Asia,6921605,4152963,2768642,38.0,5677.77,5715.77,139765,155176,0.314,100,Rising
2023-09,2023,Q3,Newjeans,K-Pop,Japan,Asia,15095150,9057090,6038060,77.78,17366.8,17444.58,1174333,459721,0.207,100,Stable
2023-09,2023,Q3,Miley Cyrus,Pop,Japan,Asia,4919708,2951824,1967884,28.66,4986.06,5014.72,318536,85666,0.161,100,Stable
2023-09,2023,Q3,Drake,Hip-Hop,Japan,Asia,2897814,1738688,1159126,17.62,2464.76,2482.38,101382,104858,0.116,67,Stable
2023-09,2023,Q3,Kendrick Lamar,Hip-Hop,Japan,Asia,2837419,1702451,1134968,15.23,1246.27,1261.5,87518,97390,0.084,100,Rising
2023-09,2023,Q3,Calvin Harris,Electronic,South Korea,Asia,3490339,1919686,1570653,14.98,1623.91,1638.89,199848,157704,0.288,100,Rising
2023-09,2023,Q3,J. Cole,Hip-Hop,South Korea,Asia,1625176,893846,731330,8.14,973.19,981.33,46791,44059,0.266,79,Stable
2023-09,2023,Q3,Travis Scott,Hip-Hop,South Korea,Asia,4803821,2642101,2161720,18.76,2703.53,2722.29,328482,185398,0.115,80,Declining
2023-09,2023,Q3,Ariana Grande,Pop,South Korea,Asia,2908152,1599483,1308669,14.65,1999.71,2014.36,87244,92634,0.229,100,Stable
2023-09,2023,Q3,Kendrick Lamar,Hip-Hop,South Korea,Asia,1614599,888029,726570,7.67,978.27,985.94,69277,18137,0.303,100,Rising
2023-09,2023,Q3,Fred Again..,Electronic,South Korea,Asia,3946879,2170783,1776096,18.41,4663.66,4682.07,161297,167710,0.206,69,Declining
2023-09,2023,Q3,Imagine Dragons,Rock,South Korea,Asia,2808053,1544429,1263624,12.72,3632.9,3645.62,150368,28707,0.315,88,Stable
2023-09,2023,Q3,Harry Styles,Pop,South Korea,Asia,8046451,4425548,3620903,33.21,8593.48,8626.69,368321,282311,0.302,100,Stable
2023-09,2023,Q3,Coldplay,Rock,South Korea,Asia,1304176,717296,586880,5.51,790.66,796.17,61546,52818,0.101,49,Stable
2023-09,2023,Q3,Disclosure,Electronic,India,Asia,380491,83708,296783,0.15,871.03,871.18,25393,8342,0.091,100,Rising
2023-09,2023,Q3,Coldplay,Rock,India,Asia,901015,198223,702792,0.35,1989.09,1989.44,32003,35014,0.096,59,Stable
2023-09,2023,Q3,Olivia Rodrigo,Pop,India,Asia,3775931,830704,2945227,1.54,5298.34,5299.88,76035,64486,0.114,100,Rising
2023-09,2023,Q3,Burna Boy,Afrobeats,India,Asia,4936765,1086088,3850677,2.23,7664.92,7667.15,318814,119148,0.132,94,Rising
2023-09,2023,Q3,Fred Again..,Electronic,India,Asia,1365622,300436,1065186,0.67,2654.27,2654.94,50456,46458,0.118,71,Declining
2023-09,2023,Q3,H.E.R.,R&B,India,Asia,3980554,875721,3104833,1.84,7101.75,7103.59,100258,158165,0.136,79,Rising
2023-09,2023,Q3,J. Cole,Hip-Hop,India,Asia,5559376,1223062,4336314,2.48,8840.74,8843.22,279611,237177,0.348,94,Stable
2023-09,2023,Q3,The Weeknd,R&B/Pop,India,Asia,5042985,1109456,3933529,2.01,10668.92,10670.93,401124,191228,0.338,100,Rising
2023-09,2023,Q3,Travis Scott,Hip-Hop,India,Asia,4765314,1048369,3716945,1.78,8865.29,8867.07,264156,201981,0.091,97,Declining
2023-09,2023,Q3,Twenty One Pilots,Rock,India,Asia,3155772,694269,2461503,1.22,6123.83,6125.05,172814,76772,0.101,57,Stable
2023-09,2023,Q3,Stray Kids,K-Pop,India,Asia,9643948,2121668,7522280,4.14,11751.91,11756.05,231634,209609,0.159,100,Declining
2023-09,2023,Q3,Asake,Afrobeats,Indonesia,Asia,632846,126569,506277,0.36,1492.83,1493.19,48570,28589,0.348,66,Rising
2023-09,2023,Q3,Ed Sheeran,Pop,Indonesia,Asia,5691609,1138321,4553288,2.68,10063.17,10065.85,188951,174801,0.236,100,Rising
2023-09,2023,Q3,Fred Again..,Electronic,Indonesia,Asia,3956414,791282,3165132,2.06,8615.83,8617.89,101812,154992,0.157,77,Declining
2023-09,2023,Q3,Disclosure,Electronic,Indonesia,Asia,3823996,764799,3059197,1.98,9145.55,9147.53,214134,179990,0.149,100,Rising
2023-09,2023,Q3,21 Savage,Hip-Hop,Indonesia,Asia,3397402,679480,2717922,1.66,3358.34,3360.0,241429,43692,0.089,53,Declining
2023-09,2023,Q3,The Weeknd,R&B/Pop,Indonesia,Asia,3558256,711651,2846605,1.84,8432.82,8434.66,79874,108469,0.107,100,Rising
2023-09,2023,Q3,Burna Boy,Afrobeats,Indonesia,Asia,1278530,255706,1022824,0.58,1216.01,1216.59,45569,46910,0.1,97,Rising
2023-09,2023,Q3,Calvin Harris,Electronic,Indonesia,Asia,3009705,601941,2407764,1.28,5352.48,5353.76,235994,133141,0.148,100,Rising
2023-09,2023,Q3,Olivia Rodrigo,Pop,Indonesia,Asia,5650506,1130101,4520405,2.71,9632.64,9635.35,387434,86713,0.091,100,Rising
2023-09,2023,Q3,Travis Scott,Hip-Hop,Indonesia,Asia,320390,64078,256312,0.15,483.88,484.03,7284,9608,0.331,79,Declining
2023-09,2023,Q3,Stray Kids,K-Pop,Argentina,Latam,2331149,745967,1585182,2.31,4200.47,4202.78,143093,101436,0.184,68,Declining
2023-09,2023,Q3,Peso Pluma,Latin,Argentina,Latam,2748090,879388,1868702,3.11,2784.34,2787.45,166303,40511,0.267,100,Rising
2023-09,2023,Q3,Davido,Afrobeats,Argentina,Latam,1811977,579832,1232145,1.83,1985.39,1987.22,53269,55479,0.342,54,Rising
2023-09,2023,Q3,Calvin Harris,Electronic,Argentina,Latam,788651,252368,536283,0.9,1459.37,1460.27,16057,11604,0.231,82,Rising
2023-09,2023,Q3,Fred Again..,Electronic,Argentina,Latam,319532,102250,217282,0.39,534.73,535.12,18993,11371,0.326,52,Declining
2023-09,2023,Q3,Wizkid,Afrobeats,Argentina,Latam,808810,258819,549991,0.95,1554.3,1555.25,16920,39722,0.179,61,Rising
2023-09,2023,Q3,Twenty One Pilots,Rock,Argentina,Latam,705356,225713,479643,0.78,1342.64,1343.42,24415,10495,0.306,59,Stable
2023-09,2023,Q3,Miley Cyrus,Pop,Argentina,Latam,3092112,989475,2102637,3.1,5306.51,5309.61,151824,109821,0.341,86,Stable
2023-09,2023,Q3,Imagine Dragons,Rock,Argentina,Latam,2138223,684231,1453992,2.09,2514.79,2516.88,92987,39037,0.316,78,Stable
2023-09,2023,Q3,Frank Ocean,R&B,Argentina,Latam,3049025,975688,2073337,2.95,4588.88,4591.83,228663,146379,0.081,83,Rising
2023-09,2023,Q3,Tyla,Afrobeats,Chile,Latam,953374,324147,629227,1.19,1319.03,1320.22,34627,32176,0.17,53,Rising
2023-09,2023,Q3,Rauw Alejandro,Latin,Chile,Latam,9053908,3078328,5975580,11.63,16779.34,16790.97,334439,440016,0.248,100,Stable
2023-09,2023,Q3,Drake,Hip-Hop,Chile,Latam,2817160,957834,1859326,3.61,3666.94,3670.55,76409,137489,0.249,100,Stable
2023-09,2023,Q3,Taylor Swift,Pop,Chile,Latam,3458702,1175958,2282744,3.66,4775.07,4778.73,275356,112777,0.081,100,Stable
2023-09,2023,Q3,Brent Faiyaz,R&B,Chile,Latam,239289,81358,157931,0.26,200.89,201.15,11356,9196,0.243,71,Rising
2023-09,2023,Q3,21 Savage,Hip-Hop,Chile,Latam,1532859,521172,1011687,1.75,1159.36,1161.11,115201,44472,0.165,87,Declining
2023-09,2023,Q3,Post Malone,Hip-Hop,Chile,Latam,3269455,1111614,2157841,4.14,3729.05,3733.19,162734,128113,0.276,100,Declining
2023-09,2023,Q3,Giveon,R&B,Chile,Latam,236294,80339,155955,0.3,354.62,354.92,9405,11688,0.176,100,Rising
2023-09,2023,Q3,Lil Baby,Hip-Hop,Chile,Latam,94439,32109,62330,0.11,87.13,87.24,6318,3971,0.149,72,Declining
2023-09,2023,Q3,Rema,Afrobeats,Chile,Latam,1488828,506201,982627,1.7,1465.01,1466.71,59337,44566,0.147,49,Rising
2023-10,2023,Q4,Sza,R&B,Netherlands,Europe,3147336,2140188,1007148,18.8,1007.51,1026.31,175631,58082,0.083,91,Stable
2023-10,2023,Q4,Giveon,R&B,Netherlands,Europe,5418285,3684433,1733852,32.28,3006.91,3039.19,407885,184727,0.259,100,Rising
2023-10,2023,Q4,Davido,Afrobeats,Netherlands,Europe,4551909,3095298,1456611,29.94,3584.59,3614.53,175694,143012,0.349,100,Rising
2023-10,2023,Q4,Blackpink,K-Pop,Netherlands,Europe,5789506,3936864,1852642,42.63,2986.71,3029.34,152157,125403,0.189,100,Rising
2023-10,2023,Q4,Bts,K-Pop,Netherlands,Europe,1080768,734922,345846,8.05,630.65,638.7,32991,30748,0.232,88,Stable
2023-10,2023,Q4,Peso Pluma,Latin,Netherlands,Europe,2402341,1633591,768750,18.7,1916.1,1934.8,107834,113959,0.105,88,Rising
2023-10,2023,Q4,Asake,Afrobeats,Netherlands,Europe,1501514,1021029,480485,11.67,1430.18,1441.85,37088,60212,0.158,80,Rising
2023-10,2023,Q4,Wizkid,Afrobeats,Netherlands,Europe,6123965,4164296,1959669,39.81,2676.4,2716.21,199839,187272,0.241,100,Rising
2023-10,2023,Q4,Stray Kids,K-Pop,Netherlands,Europe,1793760,1219756,574004,10.44,786.7,797.14,101176,24139,0.348,73,Declining
2023-10,2023,Q4,The Weeknd,R&B/Pop,United Kingdom,Europe,1188176,772314,415862,7.69,832.25,839.94,60583,22572,0.219,100,Rising
2023-10,2023,Q4,Kendrick Lamar,Hip-Hop,United Kingdom,Europe,778859,506258,272601,5.61,756.51,762.12,47614,12770,0.233,100,Rising
2023-10,2023,Q4,Disclosure,Electronic,United Kingdom,Europe,3153917,2050046,1103871,19.84,1572.19,1592.03,134656,155613,0.275,100,Rising
2023-10,2023,Q4,Paramore,Rock,United Kingdom,Europe,6689727,4348322,2341405,39.12,5300.36,5339.48,523918,298147,0.176,100,Stable
2023-10,2023,Q4,Billie Eilish,Pop,United Kingdom,Europe,6811567,4427518,2384049,48.38,5528.38,5576.76,535726,291486,0.29,100,Declining
2023-10,2023,Q4,Lil Baby,Hip-Hop,United Kingdom,Europe,2427958,1578172,849786,15.25,1609.79,1625.04,65991,115364,0.335,68,Declining
2023-10,2023,Q4,Ed Sheeran,Pop,United Kingdom,Europe,7743292,5033139,2710153,46.16,4614.04,4660.2,503658,250938,0.338,100,Rising
2023-10,2023,Q4,Arctic Monkeys,Rock,United Kingdom,Europe,5573769,3622949,1950820,33.43,3895.3,3928.73,135288,141419,0.176,100,Rising
2023-10,2023,Q4,Travis Scott,Hip-Hop,United Kingdom,Europe,1404943,913212,491731,8.4,1053.96,1062.36,94135,41382,0.17,99,Declining
2023-10,2023,Q4,J. Cole,Hip-Hop,United Kingdom,Europe,1297541,843401,454140,8.74,486.05,494.79,63419,58898,0.273,100,Stable
2023-10,2023,Q4,Olivia Rodrigo,Pop,United Kingdom,Europe,1753263,1139620,613643,12.99,717.87,730.86,116816,35651,0.182,100,Rising
2023-10,2023,Q4,Twenty One Pilots,Rock,United Kingdom,Europe,6636839,4313945,2322894,38.32,5087.03,5125.35,472429,238452,0.174,100,Stable
2023-10,2023,Q4,Newjeans,K-Pop,Germany,Europe,924667,647266,277401,6.78,583.18,589.96,35734,23220,0.165,79,Stable
2023-10,2023,Q4,Martin Garrix,Electronic,Germany,Europe,7431825,5202277,2229548,45.84,2483.68,2529.52,538259,256551,0.162,100,Rising
2023-10,2023,Q4,Doja Cat,Pop,Germany,Europe,10035199,7024639,3010560,65.19,7194.09,7259.28,447466,435163,0.295,100,Stable
2023-10,2023,Q4,Twenty One Pilots,Rock,Germany,Europe,572647,400852,171795,4.07,363.25,367.32,37308,25310,0.145,100,Stable
2023-10,2023,Q4,Frank Ocean,R&B,Germany,Europe,4490205,3143143,1347062,29.4,1627.67,1657.07,152529,214721,0.205,100,Rising
2023-10,2023,Q4,J Balvin,Latin,Germany,Europe,1484628,1039239,445389,11.43,781.16,792.59,36566,51888,0.287,71,Rising
2023-10,2023,Q4,Sza,R&B,Germany,Europe,4539038,3177326,1361712,35.39,1692.55,1727.94,136847,132131,0.335,90,Stable
2023-10,2023,Q4,Nicki Minaj,Hip-Hop,Germany,Europe,2194371,1536059,658312,13.73,985.05,998.78,166353,38167,0.268,100,Stable
2023-10,2023,Q4,Coldplay,Rock,Sweden,Europe,1807108,1301117,505991,12.52,730.21,742.73,49043,65023,0.282,100,Stable
2023-10,2023,Q4,J. Cole,Hip-Hop,Sweden,Europe,1762731,1269166,493565,14.21,816.4,830.61,103878,66122,0.219,100,Stable
2023-10,2023,Q4,Arctic Monkeys,Rock,Sweden,Europe,6675986,4806709,1869277,44.82,4946.69,4991.51,463813,170632,0.11,100,Rising
2023-10,2023,Q4,H.E.R.,R&B,Sweden,Europe,1823974,1313261,510713,13.71,914.37,928.08,63531,90000,0.148,89,Rising
2023-10,2023,Q4,Blackpink,K-Pop,Sweden,Europe,1121492,807474,314018,8.52,784.56,793.08,60412,50390,0.165,100,Rising
2023-10,2023,Q4,Disclosure,Electronic,Sweden,Europe,9141352,6581773,2559579,63.11,6230.62,6293.73,354634,151091,0.236,100,Rising
2023-10,2023,Q4,Miley Cyrus,Pop,Sweden,Europe,3078887,2216798,862089,23.27,1428.82,1452.09,142887,41167,0.143,100,Stable
2023-10,2023,Q4,Rema,Afrobeats,Sweden,Europe,1431991,1031033,400958,11.35,729.35,740.7,89642,29017,0.168,96,Rising
2023-10,2023,Q4,Post Malone,Hip-Hop,France,Europe,1184448,734357,450091,6.37,1091.57,1097.94,37321,32011,0.13,91,Declining
2023-10,2023,Q4,Twenty One Pilots,Rock,France,Europe,4469283,2770955,1698328,30.68,3716.52,3747.2,188273,75717,0.256,99,Stable
2023-10,2023,Q4,Burna Boy,Afrobeats,France,Europe,4804488,2978782,1825706,25.58,3216.38,3241.96,306278,120768,0.082,93,Rising
2023-10,2023,Q4,Ed Sheeran,Pop,France,Europe,8422197,5221762,3200435,53.11,5161.41,5214.52,403961,163796,0.125,100,Rising
2023-10,2023,Q4,Bts,K-Pop,France,Europe,2399086,1487433,911653,15.67,1750.23,1765.9,59774,25716,0.169,74,Stable
2023-10,2023,Q4,Newjeans,K-Pop,France,Europe,398458,247043,151415,2.46,170.89,173.35,27815,13058,0.095,71,Stable
2023-10,2023,Q4,Fred Again..,Electronic,France,Europe,6406763,3972193,2434570,38.07,4132.31,4170.38,178820,298122,0.088,100,Declining
2023-10,2023,Q4,Billie Eilish,Pop,France,Europe,6497328,4028343,2468985,36.33,6385.91,6422.24,461931,119866,0.273,100,Declining
2023-10,2023,Q4,J Balvin,Latin,France,Europe,4088513,2534878,1553635,26.55,4524.86,4551.41,293774,78331,0.327,85,Rising
2023-10,2023,Q4,Rema,Afrobeats,France,Europe,2952531,1830569,1121962,15.75,1600.24,1615.99,73003,42125,0.084,98,Rising
2023-10,2023,Q4,Disclosure,Electronic,France,Europe,4621847,2865545,1756302,31.53,2470.84,2502.37,365866,215643,0.243,100,Rising
2023-10,2023,Q4,Fred Again..,Electronic,Ireland,Europe,5306563,3396200,1910363,29.67,4617.21,4646.88,342611,171714,0.138,100,Declining
2023-10,2023,Q4,21 Savage,Hip-Hop,Ireland,Europe,805143,515291,289852,4.88,800.06,804.94,50496,33359,0.289,65,Declining
2023-10,2023,Q4,Calvin Harris,Electronic,Ireland,Europe,4347032,2782100,1564932,29.76,4126.93,4156.69,172257,96526,0.308,100,Rising
2023-10,2023,Q4,Sza,R&B,Ireland,Europe,2942507,1883204,1059303,19.3,3162.3,3181.6,112096,138948,0.167,87,Stable
2023-10,2023,Q4,Drake,Hip-Hop,Ireland,Europe,1130255,723363,406892,6.27,917.23,923.5,74189,32648,0.108,86,Stable
2023-10,2023,Q4,Newjeans,K-Pop,Ireland,Europe,1537062,983719,553343,9.03,1009.53,1018.56,61801,55673,0.346,73,Stable
2023-10,2023,Q4,Ed Sheeran,Pop,Ireland,Europe,9862099,6311743,3550356,59.42,7050.71,7110.13,583066,178411,0.27,100,Rising
2023-10,2023,Q4,Peso Pluma,Latin,Ireland,Europe,2144054,1372194,771860,12.53,1334.1,1346.63,85314,41677,0.348,95,Rising
2023-10,2023,Q4,Kendrick Lamar,Hip-Hop,Spain,Europe,6051668,3328417,2723251,29.45,7383.08,7412.53,132688,293964,0.193,100,Rising
2023-10,2023,Q4,Imagine Dragons,Rock,Spain,Europe,1667678,917222,750456,9.95,2205.34,2215.29,110352,51245,0.303,100,Stable
2023-10,2023,Q4,Giveon,R&B,Spain,Europe,6356364,3496000,2860364,34.99,7239.18,7274.17,318219,262519,0.111,100,Rising
2023-10,2023,Q4,Fred Again..,Electronic,Spain,Europe,6132223,3372722,2759501,35.31,4883.69,4919.0,319034,135932,0.22,100,Declining
2023-10,2023,Q4,Miley Cyrus,Pop,Spain,Europe,2646034,1455318,1190716,15.66,1799.95,1815.61,136702,59743,0.141,100,Stable
2023-10,2023,Q4,Blackpink,K-Pop,Spain,Europe,3944399,2169419,1774980,20.32,3891.65,3911.97,184512,155068,0.087,100,Rising
2023-10,2023,Q4,Asake,Afrobeats,Spain,Europe,2807268,1543997,1263271,15.76,1302.05,1317.81,206368,131463,0.278,71,Rising
2023-10,2023,Q4,Dua Lipa,Pop,Spain,Europe,4077659,2242712,1834947,25.31,2416.75,2442.06,195520,92197,0.176,100,Rising
2023-10,2023,Q4,Post Malone,Hip-Hop,Spain,Europe,3667147,2016930,1650217,21.74,3851.31,3873.05,118195,144365,0.214,91,Declining
2023-10,2023,Q4,Post Malone,Hip-Hop,Italy,Europe,262599,136551,126048,1.23,238.07,239.3,10114,7176,0.148,100,Declining
2023-10,2023,Q4,Olivia Rodrigo,Pop,Italy,Europe,9277737,4824423,4453314,42.95,11795.83,11838.78,487549,456259,0.194,100,Rising
2023-10,2023,Q4,J. Cole,Hip-Hop,Italy,Europe,5448716,2833332,2615384,26.3,6580.57,6606.87,319885,205993,0.196,100,Stable
2023-10,2023,Q4,Rema,Afrobeats,Italy,Europe,3873314,2014123,1859191,21.43,3031.16,3052.59,230519,123230,0.346,100,Rising
2023-10,2023,Q4,Brent Faiyaz,R&B,Italy,Europe,1461114,759779,701335,7.52,1338.78,1346.3,106926,46102,0.272,85,Rising
2023-10,2023,Q4,Dua Lipa,Pop,Italy,Europe,10564987,5493793,5071194,51.53,12054.57,12106.1,571838,289139,0.273,100,Rising
2023-10,2023,Q4,Nicki Minaj,Hip-Hop,Italy,Europe,3884330,2019851,1864479,22.52,3441.1,3463.62,277044,160500,0.3,100,Stable
2023-10,2023,Q4,Aespa,K-Pop,Italy,Europe,2844587,1479185,1365402,13.47,1461.51,1474.98,89305,35436,0.215,83,Rising
2023-10,2023,Q4,Frank Ocean,R&B,Italy,Europe,3436746,1787107,1649639,17.25,3771.37,3788.62,152181,38784,0.256,100,Rising
2023-10,2023,Q4,Bad Bunny,Latin,Italy,Europe,3635638,1890531,1745107,16.26,2559.22,2575.48,226450,148759,0.234,71,Stable
2023-10,2023,Q4,Blackpink,K-Pop,Italy,Europe,3322824,1727868,1594956,18.27,3323.29,3341.56,176235,159945,0.317,100,Rising
2023-10,2023,Q4,Dua Lipa,Pop,United States,Americas,12679488,7354103,5325385,87.02,8236.15,8323.17,258231,532258,0.195,100,Rising
2023-10,2023,Q4,Brent Faiyaz,R&B,United States,Americas,4747913,2753789,1994124,28.11,4153.94,4182.05,118768,232087,0.191,100,Rising
2023-10,2023,Q4,Disclosure,Electronic,United States,Americas,5162043,2993984,2168059,35.23,2962.1,2997.33,208055,205425,0.258,87,Rising
2023-10,2023,Q4,Tyla,Afrobeats,United States,Americas,4952992,2872735,2080257,32.49,5015.41,5047.9,321495,128967,0.274,90,Rising
2023-10,2023,Q4,The Weeknd,R&B/Pop,United States,Americas,3224370,1870134,1354236,20.82,1599.01,1619.83,154352,55154,0.137,100,Rising
2023-10,2023,Q4,Aespa,K-Pop,United States,Americas,2972067,1723798,1248269,16.78,1949.03,1965.81,149558,133078,0.341,95,Rising
2023-10,2023,Q4,Martin Garrix,Electronic,United States,Americas,1307169,758158,549011,7.15,1553.67,1560.82,92172,34788,0.318,100,Rising
2023-10,2023,Q4,Lil Baby,Hip-Hop,United States,Americas,309283,179384,129899,2.14,340.43,342.57,24602,4178,0.213,100,Declining
2023-10,2023,Q4,J. Cole,Hip-Hop,United States,Americas,1285844,745789,540055,7.38,1246.67,1254.05,82266,14998,0.106,100,Stable
2023-10,2023,Q4,Twenty One Pilots,Rock,United States,Americas,2849609,1652773,1196836,19.4,1726.92,1746.32,90912,126728,0.246,94,Stable
2023-10,2023,Q4,Arctic Monkeys,Rock,United States,Americas,11798332,6843032,4955300,79.61,11761.01,11840.62,438559,536342,0.092,100,Rising
2023-10,2023,Q4,Kendrick Lamar,Hip-Hop,Brazil,Americas,4962496,1885748,3076748,8.19,5754.19,5762.38,215806,84880,0.116,100,Rising
2023-10,2023,Q4,Bad Bunny,Latin,Brazil,Americas,10703421,4067299,6636122,23.18,10975.8,10998.98,332912,525555,0.096,100,Stable
2023-10,2023,Q4,Disclosure,Electronic,Brazil,Americas,1811142,688233,1122909,3.62,2700.9,2704.52,120981,78282,0.152,100,Rising
2023-10,2023,Q4,Giveon,R&B,Brazil,Americas,12514272,4755423,7758849,23.41,9089.74,9113.15,954812,165402,0.123,100,Rising
2023-10,2023,Q4,Rema,Afrobeats,Brazil,Americas,1624108,617161,1006947,2.78,1220.38,1223.16,55832,36632,0.228,100,Rising
2023-10,2023,Q4,Twenty One Pilots,Rock,Brazil,Americas,2283535,867743,1415792,3.76,2316.07,2319.83,99963,85920,0.09,92,Stable
2023-10,2023,Q4,H.E.R.,R&B,Brazil,Americas,11636176,4421746,7214430,22.36,8495.7,8518.06,679840,473431,0.157,100,Rising
2023-10,2023,Q4,Olivia Rodrigo,Pop,Brazil,Americas,12183272,4629643,7553629,25.96,14229.03,14254.99,422483,316363,0.148,100,Rising
2023-10,2023,Q4,Aespa,K-Pop,Brazil,Americas,5096996,1936858,3160138,8.98,4071.49,4080.47,107552,222340,0.342,94,Rising
2023-10,2023,Q4,J. Cole,Hip-Hop,Brazil,Americas,14456696,5493544,8963152,27.21,17161.24,17188.45,653335,363327,0.214,100,Stable
2023-10,2023,Q4,Frank Ocean,R&B,Brazil,Americas,8678674,3297896,5380778,18.74,11891.47,11910.21,657374,326469,0.325,100,Rising
2023-10,2023,Q4,Post Malone,Hip-Hop,Brazil,Americas,9021041,3427995,5593046,16.58,13918.48,13935.06,697624,421811,0.209,100,Declining
2023-10,2023,Q4,J Balvin,Latin,Mexico,Americas,1232092,431232,800860,1.98,1428.68,1430.66,43473,21383,0.219,100,Rising
2023-10,2023,Q4,Asake,Afrobeats,Mexico,Americas,3965297,1387853,2577444,5.7,3362.12,3367.82,270305,69209,0.299,69,Rising
2023-10,2023,Q4,Giveon,R&B,Mexico,Americas,4536778,1587872,2948906,6.86,4793.37,4800.23,121523,141818,0.327,100,Rising
2023-10,2023,Q4,Stray Kids,K-Pop,Mexico,Americas,211480,74018,137462,0.3,291.26,291.56,13648,9748,0.185,71,Declining
2023-10,2023,Q4,Blackpink,K-Pop,Mexico,Americas,5810351,2033622,3776729,7.97,8029.92,8037.89,435510,265389,0.252,100,Rising
2023-10,2023,Q4,Paramore,Rock,Mexico,Americas,5996094,2098632,3897462,7.91,7551.37,7559.28,199620,183704,0.254,100,Stable
2023-10,2023,Q4,Taylor Swift,Pop,Mexico,Americas,778711,272548,506163,1.18,1106.8,1107.98,27316,35485,0.299,100,Stable
2023-10,2023,Q4,Newjeans,K-Pop,Mexico,Americas,251570,88049,163521,0.37,255.68,256.05,14187,5962,0.263,71,Stable
2023-10,2023,Q4,Ed Sheeran,Pop,Mexico,Americas,3633777,1271821,2361956,4.96,5906.38,5911.34,122330,157348,0.233,100,Rising
2023-10,2023,Q4,Peso Pluma,Latin,Mexico,Americas,1537286,538050,999236,1.86,1893.17,1895.03,59474,27941,0.174,100,Rising
2023-10,2023,Q4,Drake,Hip-Hop,Mexico,Americas,2145997,751098,1394899,2.56,2235.9,2238.46,157347,86608,0.225,100,Stable
2023-10,2023,Q4,Post Malone,Hip-Hop,Mexico,Americas,2375480,831418,1544062,2.87,4322.09,4324.96,189750,91096,0.143,100,Declining
2023-10,2023,Q4,Newjeans,K-Pop,Colombia,Americas,2281760,684528,1597232,2.54,2559.0,2561.54,65788,23499,0.235,67,Stable
2023-10,2023,Q4,Disclosure,Electronic,Colombia,Americas,2132728,639818,1492910,2.21,3290.62,3292.83,145200,59944,0.127,85,Rising
2023-10,2023,Q4,Lil Baby,Hip-Hop,Colombia,Americas,6690883,2007264,4683619,7.18,6650.82,6658.0,386354,273156,0.319,100,Declining
2023-10,2023,Q4,Nicki Minaj,Hip-Hop,Colombia,Americas,11796760,3539028,8257732,12.62,13631.37,13643.99,716138,359191,0.27,100,Stable
2023-10,2023,Q4,Miley Cyrus,Pop,Colombia,Americas,5326831,1598049,3728782,5.72,3982.02,3987.74,233149,252980,0.158,100,Stable
2023-10,2023,Q4,Kendrick Lamar,Hip-Hop,Colombia,Americas,6436079,1930823,4505256,6.24,13052.69,13058.93,367823,123631,0.184,100,Rising
2023-10,2023,Q4,Drake,Hip-Hop,Colombia,Americas,11815693,3544707,8270986,11.16,11680.22,11691.38,715805,138942,0.302,100,Stable
2023-10,2023,Q4,Rema,Afrobeats,Colombia,Americas,1473317,441995,1031322,1.62,2242.54,2244.16,113130,40993,0.316,97,Rising
2023-10,2023,Q4,H.E.R.,R&B,Nigeria,Africa,2000636,360114,1640522,1.09,2920.23,2921.32,47922,65962,0.294,100,Rising
2023-10,2023,Q4,Ariana Grande,Pop,Nigeria,Africa,691461,124462,566999,0.42,1242.25,1242.67,32360,28954,0.282,96,Stable
2023-10,2023,Q4,Fred Again..,Electronic,Nigeria,Africa,696322,125337,570985,0.38,1483.24,1483.62,50542,31083,0.335,43,Declining
2023-10,2023,Q4,Post Malone,Hip-Hop,Nigeria,Africa,1538984,277017,1261967,0.92,2160.19,2161.11,101751,57006,0.252,100,Declining
2023-10,2023,Q4,Karol G,Latin,Nigeria,Africa,1250286,225051,1025235,0.73,2917.52,2918.25,54063,49489,0.228,64,Rising
2023-10,2023,Q4,Davido,Afrobeats,Nigeria,Africa,6302936,1134528,5168408,3.63,6575.98,6579.61,145916,258533,0.324,100,Rising
2023-10,2023,Q4,Giveon,R&B,Nigeria,Africa,2405081,432914,1972167,1.44,3931.33,3932.77,190721,33999,0.298,100,Rising
2023-10,2023,Q4,Blackpink,K-Pop,Nigeria,Africa,1194047,214928,979119,0.63,1216.97,1217.6,94000,30127,0.303,100,Rising
2023-10,2023,Q4,Martin Garrix,Electronic,Nigeria,Africa,1505064,270911,1234153,0.91,1516.86,1517.77,83313,20164,0.299,100,Rising
2023-10,2023,Q4,Calvin Harris,Electronic,Nigeria,Africa,1536130,276503,1259627,0.72,1712.26,1712.98,55960,62050,0.198,75,Rising
2023-10,2023,Q4,Nicki Minaj,Hip-Hop,Nigeria,Africa,5152799,927503,4225296,2.4,5806.71,5809.11,134137,166148,0.177,100,Stable
2023-10,2023,Q4,Drake,Hip-Hop,Nigeria,Africa,2095462,377183,1718279,1.05,4500.61,4501.66,157290,47436,0.085,100,Stable
2023-10,2023,Q4,Doja Cat,Pop,South Africa,Africa,932901,261212,671689,1.04,1340.65,1341.69,24346,28508,0.232,100,Stable
2023-10,2023,Q4,21 Savage,Hip-Hop,South Africa,Africa,364030,101928,262102,0.46,383.3,383.76,10185,16120,0.112,92,Declining
2023-10,2023,Q4,Dua Lipa,Pop,South Africa,Africa,2900057,812015,2088042,3.42,4062.56,4065.98,126001,36337,0.213,100,Rising
2023-10,2023,Q4,Ed Sheeran,Pop,South Africa,Africa,1670042,467611,1202431,2.09,3520.8,3522.89,63466,52083,0.251,100,Rising
2023-10,2023,Q4,Imagine Dragons,Rock,South Africa,Africa,1853172,518888,1334284,2.38,3747.12,3749.5,94974,68785,0.224,77,Stable
2023-10,2023,Q4,Twenty One Pilots,Rock,South Africa,Africa,1151926,322539,829387,1.2,1999.94,2001.14,83305,24790,0.271,58,Stable
2023-10,2023,Q4,Drake,Hip-Hop,South Africa,Africa,168248,47109,121139,0.18,308.36,308.54,9226,4385,0.252,100,Stable
2023-10,2023,Q4,Frank Ocean,R&B,South Africa,Africa,206279,57758,148521,0.26,190.26,190.52,8938,7267,0.239,100,Rising
2023-10,2023,Q4,Newjeans,K-Pop,South Africa,Africa,1324047,370733,953314,1.58,1069.81,1071.39,69275,26215,0.296,54,Stable
2023-10,2023,Q4,H.E.R.,R&B,South Africa,Africa,1547631,433336,1114295,1.5,2451.61,2453.11,111604,47108,0.137,100,Rising
2023-10,2023,Q4,Sza,R&B,South Africa,Africa,2504623,701294,1803329,3.18,1856.1,1859.28,86197,56711,0.287,100,Stable
2023-10,2023,Q4,Harry Styles,Pop,Kenya,Africa,721119,108167,612952,0.24,1166.48,1166.72,55422,14345,0.086,100,Stable
2023-10,2023,Q4,Drake,Hip-Hop,Kenya,Africa,737749,110662,627087,0.3,1268.25,1268.55,43307,27035,0.302,100,Stable
2023-10,2023,Q4,J. Cole,Hip-Hop,Kenya,Africa,1096059,164408,931651,0.46,2250.44,2250.9,71655,40861,0.109,100,Stable
2023-10,2023,Q4,Kendrick Lamar,Hip-Hop,Kenya,Africa,2585935,387890,2198045,1.01,6096.84,6097.85,192634,65674,0.331,100,Rising
2023-10,2023,Q4,Aespa,K-Pop,Kenya,Africa,2247944,337191,1910753,0.83,4463.4,4464.23,163255,37341,0.321,90,Rising
2023-10,2023,Q4,J Balvin,Latin,Kenya,Africa,1699245,254886,1444359,0.7,3359.07,3359.77,85850,38235,0.342,76,Rising
2023-10,2023,Q4,Paramore,Rock,Kenya,Africa,392263,58839,333424,0.16,993.57,993.73,14411,18292,0.114,76,Stable
2023-10,2023,Q4,Imagine Dragons,Rock,Kenya,Africa,1274839,191225,1083614,0.45,2478.09,2478.54,70894,59608,0.287,91,Stable
2023-10,2023,Q4,Doja Cat,Pop,Kenya,Africa,1262407,189361,1073046,0.52,2877.79,2878.31,94872,16037,0.238,100,Stable
2023-10,2023,Q4,Billie Eilish,Pop,Ghana,Africa,927463,129844,797619,0.33,1305.6,1305.93,44300,16719,0.148,97,Declining
2023-10,2023,Q4,Nicki Minaj,Hip-Hop,Ghana,Africa,2220989,310938,1910051,0.76,5314.31,5315.07,92509,65213,0.331,100,Stable
2023-10,2023,Q4,Peso Pluma,Latin,Ghana,Africa,720388,100854,619534,0.2,1338.56,1338.76,40228,29907,0.337,80,Rising
2023-10,2023,Q4,Paramore,Rock,Ghana,Africa,1165364,163150,1002214,0.41,2024.29,2024.7,81923,37500,0.165,64,Stable
2023-10,2023,Q4,Blackpink,K-Pop,Ghana,Africa,952506,133350,819156,0.28,1852.1,1852.38,69660,33634,0.259,100,Rising
2023-10,2023,Q4,Sza,R&B,Ghana,Africa,1456159,203862,1252297,0.41,3282.79,3283.2,89913,70126,0.225,100,Stable
2023-10,2023,Q4,Drake,Hip-Hop,Ghana,Africa,2013792,281930,1731862,0.62,4282.53,4283.15,125629,93348,0.251,100,Stable
2023-10,2023,Q4,Post Malone,Hip-Hop,Ghana,Africa,1596901,223566,1373335,0.46,3426.23,3426.69,44636,27348,0.285,100,Declining
2023-10,2023,Q4,Karol G,Latin,Ghana,Africa,1220963,170934,1050029,0.42,2397.64,2398.06,46896,57923,0.137,88,Rising
2023-10,2023,Q4,Frank Ocean,R&B,Ghana,Africa,269352,37709,231643,0.09,376.42,376.51,17278,8624,0.231,100,Rising
2023-10,2023,Q4,Twenty One Pilots,Rock,Japan,Asia,726752,436051,290701,4.45,712.36,716.81,22928,31511,0.091,56,Stable
2023-10,2023,Q4,Kendrick Lamar,Hip-Hop,Japan,Asia,1223776,734265,489511,7.38,1232.67,1240.05,89684,26070,0.141,100,Rising
2023-10,2023,Q4,Calvin Harris,Electronic,Japan,Asia,4658519,2795111,1863408,29.34,5015.75,5045.09,260101,135461,0.164,100,Rising
2023-10,2023,Q4,Fred Again..,Electronic,Japan,Asia,4105068,2463040,1642028,25.5,1939.04,1964.54,232255,138647,0.17,64,Declining
2023-10,2023,Q4,Newjeans,K-Pop,Japan,Asia,831080,498648,332432,4.17,780.66,784.83,61293,22873,0.267,100,Stable
2023-10,2023,Q4,J. Cole,Hip-Hop,Japan,Asia,1155668,693400,462268,5.69,497.28,502.97,25308,43806,0.225,79,Stable
2023-10,2023,Q4,Drake,Hip-Hop,Japan,Asia,2932863,1759717,1173146,14.23,3140.63,3154.86,120279,76202,0.291,71,Stable
2023-10,2023,Q4,Davido,Afrobeats,Japan,Asia,6130404,3678242,2452162,37.51,2512.16,2549.67,224254,263601,0.217,100,Rising
2023-10,2023,Q4,Bts,K-Pop,Japan,Asia,23348191,14008914,9339277,125.45,23776.06,23901.51,525067,801417,0.166,100,Stable
2023-10,2023,Q4,Twenty One Pilots,Rock,South Korea,Asia,887995,488397,399598,4.44,1035.04,1039.48,36173,13789,0.206,60,Stable
2023-10,2023,Q4,Olivia Rodrigo,Pop,South Korea,Asia,9915348,5453441,4461907,40.91,10917.75,10958.66,336434,435551,0.164,100,Rising
2023-10,2023,Q4,Post Malone,Hip-Hop,South Korea,Asia,1734605,954032,780573,8.54,1068.83,1077.37,118659,18608,0.329,82,Declining
2023-10,2023,Q4,Bad Bunny,Latin,South Korea,Asia,1752429,963835,788594,7.11,1784.22,1791.33,64612,23694,0.216,79,Stable
2023-10,2023,Q4,Frank Ocean,R&B,South Korea,Asia,357968,196882,161086,1.55,316.26,317.81,10549,16075,0.267,84,Rising
2023-10,2023,Q4,Ed Sheeran,Pop,South Korea,Asia,3896679,2143173,1753506,16.76,4553.29,4570.05,154104,127515,0.1,100,Rising
2023-10,2023,Q4,The Weeknd,R&B/Pop,South Korea,Asia,7140999,3927549,3213450,34.56,6784.27,6818.83,483945,177626,0.335,100,Rising
2023-10,2023,Q4,Doja Cat,Pop,South Korea,Asia,9654879,5310183,4344696,47.99,7279.4,7327.39,677304,252690,0.287,100,Stable
2023-10,2023,Q4,Travis Scott,Hip-Hop,South Korea,Asia,533911,293651,240260,2.23,266.54,268.77,31580,7894,0.176,87,Declining
2023-10,2023,Q4,Aespa,K-Pop,South Korea,Asia,8130596,4471827,3658769,32.24,9354.27,9386.51,284219,174738,0.173,100,Rising
2023-10,2023,Q4,Newjeans,K-Pop,South Korea,Asia,7092781,3901029,3191752,32.8,6258.68,6291.48,199279,293766,0.088,100,Stable
2023-10,2023,Q4,Karol G,Latin,South Korea,Asia,288794,158836,129958,1.27,334.7,335.97,16944,3326,0.21,100,Rising
2023-10,2023,Q4,Paramore,Rock,India,Asia,1911846,420606,1491240,0.91,2991.22,2992.13,92687,42211,0.226,65,Stable
2023-10,2023,Q4,The Weeknd,R&B/Pop,India,Asia,4454532,979997,3474535,1.84,7470.42,7472.26,175106,129721,0.324,100,Rising
2023-10,2023,Q4,Kendrick Lamar,Hip-Hop,India,Asia,1850753,407165,1443588,0.85,1604.94,1605.79,121564,27966,0.341,100,Rising
2023-10,2023,Q4,Blackpink,K-Pop,India,Asia,17694468,3892782,13801686,7.26,35819.57,35826.83,535678,607608,0.094,100,Rising
2023-10,2023,Q4,Calvin Harris,Electronic,India,Asia,1112797,244815,867982,0.48,1298.75,1299.23,38162,52388,0.143,100,Rising
2023-10,2023,Q4,Brent Faiyaz,R&B,India,Asia,3080693,677752,2402941,1.42,3819.83,3821.25,173038,126438,0.174,66,Rising
2023-10,2023,Q4,Dua Lipa,Pop,India,Asia,3318206,730005,2588201,1.63,7304.27,7305.9,219764,110486,0.232,100,Rising
2023-10,2023,Q4,Arctic Monkeys,Rock,India,Asia,1570148,345432,1224716,0.73,3094.46,3095.19,37732,41629,0.16,100,Rising
2023-10,2023,Q4,Newjeans,K-Pop,India,Asia,10297463,2265441,8032022,4.07,12931.99,12936.06,600859,341597,0.315,100,Stable
2023-10,2023,Q4,Billie Eilish,Pop,Indonesia,Asia,5629500,1125900,4503600,2.6,4520.82,4523.42,446255,164744,0.311,100,Declining
2023-10,2023,Q4,Blackpink,K-Pop,Indonesia,Asia,2736029,547205,2188824,1.48,5856.89,5858.37,77832,61813,0.195,100,Rising
2023-10,2023,Q4,Fred Again..,Electronic,Indonesia,Asia,382513,76502,306011,0.2,353.64,353.84,17050,11271,0.287,74,Declining
2023-10,2023,Q4,Ed Sheeran,Pop,Indonesia,Asia,7041018,1408203,5632815,3.81,10181.97,10185.78,179626,304002,0.206,100,Rising
2023-10,2023,Q4,Paramore,Rock,Indonesia,Asia,3192308,638461,2553847,1.6,6044.1,6045.7,80226,143030,0.24,71,Stable
2023-10,2023,Q4,Arctic Monkeys,Rock,Indonesia,Asia,4635497,927099,3708398,2.32,11100.57,11102.89,183131,143977,0.111,100,Rising
2023-10,2023,Q4,Taylor Swift,Pop,Indonesia,Asia,3214337,642867,2571470,1.41,5004.71,5006.12,190103,110385,0.151,100,Stable
2023-10,2023,Q4,Rauw Alejandro,Latin,Indonesia,Asia,384885,76977,307908,0.2,465.61,465.81,26930,10772,0.347,87,Stable
2023-10,2023,Q4,Karol G,Latin,Argentina,Latam,11892742,3805677,8087065,12.73,12020.7,12033.43,764092,538439,0.137,100,Rising
2023-10,2023,Q4,Rema,Afrobeats,Argentina,Latam,1562238,499916,1062322,1.61,1531.8,1533.41,71111,30076,0.26,51,Rising
2023-10,2023,Q4,Dua Lipa,Pop,Argentina,Latam,1757317,562341,1194976,1.69,1823.62,1825.31,116650,73310,0.213,100,Rising
2023-10,2023,Q4,Frank Ocean,R&B,Argentina,Latam,1935907,619490,1316417,2.18,2898.27,2900.45,122129,55889,0.284,77,Rising
2023-10,2023,Q4,Aespa,K-Pop,Argentina,Latam,1880979,601913,1279066,2.16,2892.28,2894.44,116295,93400,0.24,72,Rising
2023-10,2023,Q4,Rauw Alejandro,Latin,Argentina,Latam,10544572,3374263,7170309,9.91,13879.34,13889.25,617486,116642,0.215,100,Stable
2023-10,2023,Q4,Post Malone,Hip-Hop,Argentina,Latam,3098079,991385,2106694,3.71,4477.11,4480.82,166682,147909,0.331,100,Declining
2023-10,2023,Q4,Blackpink,K-Pop,Argentina,Latam,2122864,679316,1443548,2.47,3406.69,3409.16,106146,92071,0.297,100,Rising
2023-10,2023,Q4,Bad Bunny,Latin,Argentina,Latam,4563392,1460285,3103107,5.3,7044.05,7049.35,343466,194032,0.14,100,Stable
2023-10,2023,Q4,Asake,Afrobeats,Argentina,Latam,452843,144909,307934,0.55,323.33,323.88,23244,18546,0.293,41,Rising
2023-10,2023,Q4,Twenty One Pilots,Rock,Argentina,Latam,1756069,561942,1194127,1.75,2895.6,2897.35,43642,85436,0.13,56,Stable
2023-10,2023,Q4,Imagine Dragons,Rock,Argentina,Latam,2136203,683584,1452619,2.38,2020.26,2022.64,104375,39323,0.086,85,Stable
2023-10,2023,Q4,Rauw Alejandro,Latin,Chile,Latam,6780503,2305371,4475132,8.69,7858.85,7867.54,537221,324862,0.271,100,Stable
2023-10,2023,Q4,Ed Sheeran,Pop,Chile,Latam,3158209,1073791,2084418,4.3,4767.89,4772.19,87301,89395,0.206,100,Rising
2023-10,2023,Q4,J. Cole,Hip-Hop,Chile,Latam,1639116,557299,1081817,1.7,1432.53,1434.23,66131,36407,0.09,100,Stable
2023-10,2023,Q4,Blackpink,K-Pop,Chile,Latam,1157253,393466,763787,1.29,2156.61,2157.9,54748,48777,0.149,100,Rising
2023-10,2023,Q4,Post Malone,Hip-Hop,Chile,Latam,1255215,426773,828442,1.68,1598.54,1600.22,33181,13407,0.115,100,Declining
2023-10,2023,Q4,Billie Eilish,Pop,Chile,Latam,891299,303041,588258,0.94,801.44,802.38,63184,14714,0.26,94,Declining
2023-10,2023,Q4,Burna Boy,Afrobeats,Chile,Latam,1932514,657054,1275460,2.13,3711.96,3714.09,64848,23716,0.229,52,Rising
2023-10,2023,Q4,Paramore,Rock,Chile,Latam,2245755,763556,1482199,3.0,2552.15,2555.15,101350,90830,0.294,70,Stable
2023-11,2023,Q4,Karol G,Latin,Netherlands,Europe,1569943,1067561,502382,9.77,938.76,948.53,75723,23726,0.086,94,Rising
2023-11,2023,Q4,J. Cole,Hip-Hop,Netherlands,Europe,880640,598835,281805,6.17,664.15,670.32,63351,39587,0.312,100,Stable
2023-11,2023,Q4,Travis Scott,Hip-Hop,Netherlands,Europe,4122676,2803419,1319257,25.02,3923.88,3948.9,273079,159998,0.138,100,Declining
2023-11,2023,Q4,Taylor Swift,Pop,Netherlands,Europe,13664430,9291812,4372618,97.14,6224.44,6321.58,1017370,603609,0.206,100,Stable
2023-11,2023,Q4,Frank Ocean,R&B,Netherlands,Europe,3202502,2177701,1024801,19.84,2453.62,2473.46,66755,48204,0.195,93,Rising
2023-11,2023,Q4,Imagine Dragons,Rock,Netherlands,Europe,5455243,3709565,1745678,40.13,2576.44,2616.57,340697,211852,0.252,100,Stable
2023-11,2023,Q4,Aespa,K-Pop,Netherlands,Europe,4496385,3057541,1438844,33.16,1637.69,1670.85,201394,103688,0.327,88,Rising
2023-11,2023,Q4,Ariana Grande,Pop,Netherlands,Europe,393349,267477,125872,2.6,250.5,253.1,13861,18201,0.157,100,Stable
2023-11,2023,Q4,Disclosure,Electronic,Netherlands,Europe,9340851,6351778,2989073,55.36,6247.0,6302.36,346581,326103,0.242,100,Rising
2023-11,2023,Q4,Sza,R&B,Netherlands,Europe,5375933,3655634,1720299,39.56,3408.85,3448.41,375447,81988,0.278,94,Stable
2023-11,2023,Q4,Bad Bunny,Latin,Netherlands,Europe,1047364,712207,335157,8.15,903.38,911.53,46267,19969,0.099,75,Stable
2023-11,2023,Q4,Nicki Minaj,Hip-Hop,Netherlands,Europe,759305,516327,242978,5.23,462.91,468.14,55101,19702,0.257,100,Stable
2023-11,2023,Q4,Karol G,Latin,United Kingdom,Europe,2893410,1880716,1012694,16.09,1880.04,1896.13,141407,124147,0.192,90,Rising
2023-11,2023,Q4,Rema,Afrobeats,United Kingdom,Europe,4852699,3154254,1698445,32.95,2199.75,2232.7,239267,235623,0.306,99,Rising
2023-11,2023,Q4,The Weeknd,R&B/Pop,United Kingdom,Europe,3070641,1995916,1074725,20.67,1203.75,1224.42,72880,105890,0.226,100,Rising
2023-11,2023,Q4,Miley Cyrus,Pop,United Kingdom,Europe,4653072,3024496,1628576,27.47,2847.4,2874.87,238264,53018,0.208,100,Stable
2023-11,2023,Q4,Rauw Alejandro,Latin,United Kingdom,Europe,914301,594295,320006,6.81,453.01,459.82,40710,10790,0.238,100,Stable
2023-11,2023,Q4,Disclosure,Electronic,United Kingdom,Europe,2482846,1613849,868997,15.63,2151.21,2166.84,53384,78560,0.111,100,Rising
2023-11,2023,Q4,Twenty One Pilots,Rock,United Kingdom,Europe,3147990,2046193,1101797,22.59,1388.51,1411.1,241905,100407,0.171,100,Stable
2023-11,2023,Q4,J. Cole,Hip-Hop,United Kingdom,Europe,552632,359210,193422,3.84,291.29,295.13,16695,21483,0.161,100,Stable
2023-11,2023,Q4,Martin Garrix,Electronic,United Kingdom,Europe,12336210,8018536,4317674,78.35,6571.06,6649.41,908338,463416,0.281,100,Rising
2023-11,2023,Q4,Arctic Monkeys,Rock,United Kingdom,Europe,9629217,6258991,3370226,56.29,3692.78,3749.07,587489,142964,0.095,100,Rising
2023-11,2023,Q4,Imagine Dragons,Rock,Germany,Europe,5477725,3834407,1643318,33.07,1940.7,1973.77,269128,229884,0.25,100,Stable
2023-11,2023,Q4,Rema,Afrobeats,Germany,Europe,4558566,3190996,1367570,27.73,1728.72,1756.45,209847,142319,0.336,98,Rising
2023-11,2023,Q4,Calvin Harris,Electronic,Germany,Europe,6597553,4618287,1979266,44.0,5072.25,5116.25,442145,259200,0.312,100,Rising
2023-11,2023,Q4,Lil Baby,Hip-Hop,Germany,Europe,3129150,2190405,938745,21.67,1701.31,1722.98,179027,82191,0.12,62,Declining
2023-11,2023,Q4,Sza,R&B,Germany,Europe,3053367,2137356,916011,24.32,1388.56,1412.88,160409,51959,0.167,100,Stable
2023-11,2023,Q4,J Balvin,Latin,Germany,Europe,2171733,1520213,651520,16.37,787.37,803.74,130450,74647,0.273,87,Rising
2023-11,2023,Q4,Nicki Minaj,Hip-Hop,Germany,Europe,7113974,4979781,2134193,45.75,2406.6,2452.35,531923,303420,0.13,100,Stable
2023-11,2023,Q4,Karol G,Latin,Germany,Europe,4832871,3383009,1449862,37.67,2706.17,2743.84,205306,166772,0.096,93,Rising
2023-11,2023,Q4,Coldplay,Rock,Germany,Europe,1418212,992748,425464,8.95,449.99,458.94,82589,29441,0.205,100,Stable
2023-11,2023,Q4,H.E.R.,R&B,Germany,Europe,4685782,3280047,1405735,34.41,2602.8,2637.21,340615,174888,0.252,93,Rising
2023-11,2023,Q4,Blackpink,K-Pop,Germany,Europe,3098327,2168828,929499,21.14,2619.85,2640.99,154404,57730,0.221,100,Rising
2023-11,2023,Q4,Rema,Afrobeats,Sweden,Europe,457086,329101,127985,3.87,142.51,146.38,20558,14381,0.143,100,Rising
2023-11,2023,Q4,Coldplay,Rock,Sweden,Europe,5946426,4281426,1665000,50.84,3277.09,3327.93,265412,217826,0.193,100,Stable
2023-11,2023,Q4,Giveon,R&B,Sweden,Europe,4242575,3054654,1187921,27.71,1236.91,1264.62,321933,85203,0.201,100,Rising
2023-11,2023,Q4,Blackpink,K-Pop,Sweden,Europe,5596612,4029560,1567052,46.12,2390.53,2436.65,407186,278853,0.158,100,Rising
2023-11,2023,Q4,J. Cole,Hip-Hop,Sweden,Europe,218472,157299,61173,1.51,124.53,126.04,5273,5218,0.221,98,Stable
2023-11,2023,Q4,Wizkid,Afrobeats,Sweden,Europe,864177,622207,241970,6.36,243.96,250.32,32540,15407,0.243,100,Rising
2023-11,2023,Q4,Imagine Dragons,Rock,Sweden,Europe,5829890,4197520,1632370,49.83,3613.49,3663.32,377256,268678,0.229,100,Stable
2023-11,2023,Q4,Asake,Afrobeats,Sweden,Europe,3862648,2781106,1081542,30.79,1493.24,1524.03,201751,103633,0.27,78,Rising
2023-11,2023,Q4,J Balvin,Latin,Sweden,Europe,3626135,2610817,1015318,26.14,1359.74,1385.88,121377,37178,0.262,86,Rising
2023-11,2023,Q4,Fred Again..,Electronic,France,Europe,913236,566206,347030,6.43,535.23,541.66,44125,36620,0.267,100,Declining
2023-11,2023,Q4,Ariana Grande,Pop,France,Europe,9192427,5699304,3493123,61.81,7865.35,7927.16,370016,392622,0.241,100,Stable
2023-11,2023,Q4,Post Malone,Hip-Hop,France,Europe,2413464,1496347,917117,14.53,1823.44,1837.97,97996,48620,0.177,96,Declining
2023-11,2023,Q4,Peso Pluma,Latin,France,Europe,1842970,1142641,700329,12.9,1574.29,1587.19,124950,18671,0.202,100,Rising
2023-11,2023,Q4,Drake,Hip-Hop,France,Europe,1555716,964543,591173,10.09,771.15,781.24,103446,22559,0.277,98,Stable
2023-11,2023,Q4,The Weeknd,R&B/Pop,France,Europe,5486081,3401370,2084711,35.04,3154.26,3189.3,229940,250104,0.215,100,Rising
2023-11,2023,Q4,Nicki Minaj,Hip-Hop,France,Europe,7604671,4714896,2889775,52.88,5719.81,5772.69,269707,195841,0.31,100,Stable
2023-11,2023,Q4,Newjeans,K-Pop,France,Europe,3550056,2201034,1349022,23.72,1551.4,1575.12,256625,161262,0.23,55,Stable
2023-11,2023,Q4,J Balvin,Latin,France,Europe,4645263,2880063,1765200,28.27,4321.66,4349.93,278962,191383,0.209,84,Rising
2023-11,2023,Q4,Coldplay,Rock,Ireland,Europe,3673572,2351086,1322486,26.91,1404.46,1431.37,228675,40626,0.277,100,Stable
2023-11,2023,Q4,Calvin Harris,Electronic,Ireland,Europe,11992616,7675274,4317342,68.83,10564.64,10633.47,890778,207991,0.329,100,Rising
2023-11,2023,Q4,Frank Ocean,R&B,Ireland,Europe,4824129,3087442,1736687,28.73,4941.5,4970.23,255944,159918,0.082,100,Rising
2023-11,2023,Q4,Sza,R&B,Ireland,Europe,2447648,1566494,881154,16.08,2332.48,2348.56,92854,49556,0.295,90,Stable
2023-11,2023,Q4,Harry Styles,Pop,Ireland,Europe,9571112,6125511,3445601,54.9,10040.46,10095.36,538513,420995,0.298,100,Stable
2023-11,2023,Q4,Drake,Hip-Hop,Ireland,Europe,2190766,1402090,788676,15.28,1798.89,1814.17,70856,75305,0.189,83,Stable
2023-11,2023,Q4,Bad Bunny,Latin,Ireland,Europe,595350,381024,214326,3.7,583.16,586.86,19782,6644,0.235,77,Stable
2023-11,2023,Q4,Martin Garrix,Electronic,Ireland,Europe,21063734,13480789,7582945,116.38,8265.68,8382.06,695364,698634,0.217,100,Rising
2023-11,2023,Q4,Taylor Swift,Pop,Ireland,Europe,6589526,4217296,2372230,46.08,5471.66,5517.74,419633,194589,0.203,100,Stable
2023-11,2023,Q4,Billie Eilish,Pop,Ireland,Europe,9066455,5802531,3263924,56.49,9241.92,9298.41,513827,197430,0.232,100,Declining
2023-11,2023,Q4,Blackpink,K-Pop,Spain,Europe,586890,322789,264101,3.15,757.52,760.67,37119,7779,0.177,100,Rising
2023-11,2023,Q4,Paramore,Rock,Spain,Europe,7582641,4170452,3412189,44.23,3465.78,3510.01,301271,208887,0.243,100,Stable
2023-11,2023,Q4,Rauw Alejandro,Latin,Spain,Europe,3058776,1682326,1376450,14.7,2304.97,2319.67,201128,125659,0.276,76,Stable
2023-11,2023,Q4,Billie Eilish,Pop,Spain,Europe,10252220,5638721,4613499,53.07,8952.24,9005.31,524795,175637,0.199,100,Declining
2023-11,2023,Q4,Olivia Rodrigo,Pop,Spain,Europe,4487476,2468111,2019365,27.4,5475.83,5503.23,143206,131808,0.246,100,Rising
2023-11,2023,Q4,J. Cole,Hip-Hop,Spain,Europe,2173428,1195385,978043,12.09,2656.36,2668.45,104811,95248,0.178,100,Stable
2023-11,2023,Q4,Post Malone,Hip-Hop,Spain,Europe,2907913,1599352,1308561,16.99,3664.81,3681.8,120226,95637,0.287,100,Declining
2023-11,2023,Q4,Rema,Afrobeats,Spain,Europe,6599562,3629759,2969803,40.27,3303.45,3343.72,178561,82800,0.194,100,Rising
2023-11,2023,Q4,Frank Ocean,R&B,Spain,Europe,1989649,1094306,895343,10.58,2280.7,2291.28,138872,74410,0.208,87,Rising
2023-11,2023,Q4,Dua Lipa,Pop,Italy,Europe,8557904,4450110,4107794,42.54,11633.37,11675.91,672102,393023,0.35,100,Rising
2023-11,2023,Q4,Giveon,R&B,Italy,Europe,6699552,3483767,3215785,38.74,4764.16,4802.9,330621,85769,0.337,100,Rising
2023-11,2023,Q4,Bad Bunny,Latin,Italy,Europe,3038489,1580014,1458475,15.99,2284.27,2300.26,164738,45638,0.143,83,Stable
2023-11,2023,Q4,J Balvin,Latin,Italy,Europe,2290541,1191081,1099460,11.89,1848.63,1860.52,113863,97457,0.156,81,Rising
2023-11,2023,Q4,Calvin Harris,Electronic,Italy,Europe,11908755,6192552,5716203,54.36,7758.08,7812.44,535956,470658,0.154,100,Rising
2023-11,2023,Q4,Disclosure,Electronic,Italy,Europe,6279429,3265303,3014126,35.5,3965.49,4000.99,192774,177369,0.143,100,Rising
2023-11,2023,Q4,Aespa,K-Pop,Italy,Europe,4405202,2290705,2114497,25.11,5252.41,5277.52,347328,138160,0.104,76,Rising
2023-11,2023,Q4,Burna Boy,Afrobeats,Italy,Europe,3911190,2033818,1877372,20.22,2856.46,2876.68,125513,39204,0.34,100,Rising
2023-11,2023,Q4,Paramore,Rock,Italy,Europe,1967749,1023229,944520,10.45,2104.21,2114.66,106659,26361,0.26,100,Stable
2023-11,2023,Q4,Harry Styles,Pop,Italy,Europe,5464440,2841508,2622932,27.62,7012.52,7040.14,118883,224630,0.097,100,Stable
2023-11,2023,Q4,Kendrick Lamar,Hip-Hop,Italy,Europe,5981523,3110391,2871132,34.06,6095.32,6129.38,214695,213715,0.199,100,Rising
2023-11,2023,Q4,Stray Kids,K-Pop,Italy,Europe,1429258,743214,686044,6.89,1484.26,1491.15,105759,67507,0.277,71,Declining
2023-11,2023,Q4,Taylor Swift,Pop,United States,Americas,12905892,7485417,5420475,78.56,6765.63,6844.19,285366,282619,0.334,100,Stable
2023-11,2023,Q4,Travis Scott,Hip-Hop,United States,Americas,6430687,3729798,2700889,39.72,5413.56,5453.28,145489,117768,0.305,100,Declining
2023-11,2023,Q4,Fred Again..,Electronic,United States,Americas,2124823,1232397,892426,12.67,1885.2,1897.87,49055,40369,0.176,54,Declining
2023-11,2023,Q4,Aespa,K-Pop,United States,Americas,3903565,2264067,1639498,28.55,3001.56,3030.11,295366,64471,0.135,92,Rising
2023-11,2023,Q4,Burna Boy,Afrobeats,United States,Americas,4283502,2484431,1799071,25.83,3610.29,3636.12,153441,48039,0.32,95,Rising
2023-11,2023,Q4,Giveon,R&B,United States,Americas,15991744,9275211,6716533,98.78,10424.49,10523.27,909070,763223,0.116,100,Rising
2023-11,2023,Q4,Dua Lipa,Pop,United States,Americas,4912007,2848964,2063043,28.63,3471.13,3499.76,328744,226718,0.202,100,Rising
2023-11,2023,Q4,Paramore,Rock,United States,Americas,3834016,2223729,1610287,26.94,2249.13,2276.07,149577,117609,0.234,97,Stable
2023-11,2023,Q4,Newjeans,K-Pop,United States,Americas,446231,258813,187418,2.44,333.72,336.16,20091,6544,0.083,57,Stable
2023-11,2023,Q4,Frank Ocean,R&B,United States,Americas,3072194,1781872,1290322,18.24,1986.25,2004.49,191267,144812,0.303,100,Rising
2023-11,2023,Q4,Post Malone,Hip-Hop,United States,Americas,7676865,4452581,3224284,44.23,6296.58,6340.81,444565,236362,0.202,100,Declining
2023-11,2023,Q4,Drake,Hip-Hop,Brazil,Americas,3442268,1308061,2134207,6.74,6377.25,6383.99,88174,72468,0.257,100,Stable
2023-11,2023,Q4,Sza,R&B,Brazil,Americas,1599481,607802,991679,3.24,2662.4,2665.64,110047,78517,0.212,100,Stable
2023-11,2023,Q4,Dua Lipa,Pop,Brazil,Americas,12212622,4640796,7571826,23.69,8470.99,8494.68,464721,423210,0.171,100,Rising
2023-11,2023,Q4,Rema,Afrobeats,Brazil,Americas,5500077,2090029,3410048,10.99,6803.4,6814.39,358642,119036,0.304,100,Rising
2023-11,2023,Q4,21 Savage,Hip-Hop,Brazil,Americas,3406777,1294575,2112202,5.59,5707.38,5712.97,137317,92834,0.33,100,Declining
2023-11,2023,Q4,Disclosure,Electronic,Brazil,Americas,1468269,557942,910327,2.74,2102.77,2105.51,53078,56838,0.209,94,Rising
2023-11,2023,Q4,Taylor Swift,Pop,Brazil,Americas,6320197,2401674,3918523,11.33,4599.02,4610.35,329475,66867,0.2,100,Stable
2023-11,2023,Q4,Brent Faiyaz,R&B,Brazil,Americas,4445893,1689439,2756454,9.29,8052.91,8062.2,125140,111334,0.333,100,Rising
2023-11,2023,Q4,Billie Eilish,Pop,Brazil,Americas,8395080,3190130,5204950,13.65,6040.5,6054.15,494901,206340,0.095,100,Declining
2023-11,2023,Q4,Lil Baby,Hip-Hop,Brazil,Americas,5439181,2066888,3372293,8.89,4329.94,4338.83,124392,266320,0.214,100,Declining
2023-11,2023,Q4,J Balvin,Latin,Brazil,Americas,10889201,4137896,6751305,20.76,20039.19,20059.95,290588,538255,0.125,100,Rising
2023-11,2023,Q4,Asake,Afrobeats,Brazil,Americas,2925651,1111747,1813904,5.16,1982.48,1987.64,85666,71699,0.086,72,Rising
2023-11,2023,Q4,J Balvin,Latin,Mexico,Americas,6354626,2224119,4130507,9.75,9008.71,9018.46,344922,134251,0.339,100,Rising
2023-11,2023,Q4,Twenty One Pilots,Rock,Mexico,Americas,6954131,2433945,4520186,10.25,11272.81,11283.06,266413,201672,0.106,79,Stable
2023-11,2023,Q4,Travis Scott,Hip-Hop,Mexico,Americas,17096157,5983654,11112503,23.48,21674.99,21698.47,408374,470493,0.102,100,Declining
2023-11,2023,Q4,Aespa,K-Pop,Mexico,Americas,4867686,1703690,3163996,7.28,3256.7,3263.98,239920,112097,0.088,85,Rising
2023-11,2023,Q4,Taylor Swift,Pop,Mexico,Americas,4949392,1732287,3217105,6.35,7952.01,7958.36,187259,199242,0.185,100,Stable
2023-11,2023,Q4,Olivia Rodrigo,Pop,Mexico,Americas,13428148,4699851,8728297,16.85,17002.77,17019.62,300950,324720,0.277,100,Rising
2023-11,2023,Q4,Billie Eilish,Pop,Mexico,Americas,5878033,2057311,3820722,9.0,7470.0,7479.0,356888,203352,0.19,100,Declining
2023-11,2023,Q4,Coldplay,Rock,Mexico,Americas,1401367,490478,910889,1.87,2663.64,2665.51,65046,67810,0.288,79,Stable
2023-11,2023,Q4,Burna Boy,Afrobeats,Mexico,Americas,437055,152969,284086,0.67,517.74,518.41,23733,5743,0.304,100,Rising
2023-11,2023,Q4,Martin Garrix,Electronic,Mexico,Americas,1747316,611560,1135756,2.57,1986.24,1988.81,126201,72013,0.119,100,Rising
2023-11,2023,Q4,Giveon,R&B,Mexico,Americas,5240079,1834027,3406052,7.35,4958.28,4965.63,178971,213377,0.085,100,Rising
2023-11,2023,Q4,Asake,Afrobeats,Colombia,Americas,5877095,1763128,4113967,5.79,5930.81,5936.6,432081,290734,0.148,75,Rising
2023-11,2023,Q4,Lil Baby,Hip-Hop,Colombia,Americas,5848299,1754489,4093810,6.68,6237.05,6243.73,264221,188262,0.325,100,Declining
2023-11,2023,Q4,Post Malone,Hip-Hop,Colombia,Americas,13670481,4101144,9569337,13.62,18915.81,18929.43,854782,160057,0.169,100,Declining
2023-11,2023,Q4,Paramore,Rock,Colombia,Americas,576484,172945,403539,0.55,817.05,817.6,25702,19009,0.329,100,Stable
2023-11,2023,Q4,Travis Scott,Hip-Hop,Colombia,Americas,11030421,3309126,7721295,11.42,10557.23,10568.65,695907,378519,0.3,100,Declining
2023-11,2023,Q4,Bts,K-Pop,Colombia,Americas,626557,187967,438590,0.64,991.67,992.31,39568,22439,0.112,67,Stable
2023-11,2023,Q4,J Balvin,Latin,Colombia,Americas,6819672,2045901,4773771,6.27,8803.99,8810.26,521276,98966,0.256,100,Rising
2023-11,2023,Q4,Imagine Dragons,Rock,Colombia,Americas,7013684,2104105,4909579,7.63,9319.77,9327.4,488516,129843,0.192,100,Stable
2023-11,2023,Q4,Taylor Swift,Pop,Colombia,Americas,2396300,718890,1677410,2.41,3061.97,3064.38,50783,60465,0.286,100,Stable
2023-11,2023,Q4,J. Cole,Hip-Hop,Colombia,Americas,3418932,1025679,2393253,3.16,3983.06,3986.22,210790,109123,0.262,100,Stable
2023-11,2023,Q4,Karol G,Latin,Nigeria,Africa,932321,167817,764504,0.48,1766.02,1766.5,39973,43903,0.348,74,Rising
2023-11,2023,Q4,Newjeans,K-Pop,Nigeria,Africa,78066,14051,64015,0.05,151.08,151.13,3672,3360,0.274,73,Stable
2023-11,2023,Q4,The Weeknd,R&B/Pop,Nigeria,Africa,1891468,340464,1551004,1.15,4301.77,4302.92,50134,66155,0.225,100,Rising
2023-11,2023,Q4,Coldplay,Rock,Nigeria,Africa,761089,136996,624093,0.4,909.41,909.81,57374,17285,0.233,48,Stable
2023-11,2023,Q4,Olivia Rodrigo,Pop,Nigeria,Africa,2683390,483010,2200380,1.44,4910.68,4912.12,103666,54718,0.211,100,Rising
2023-11,2023,Q4,Giveon,R&B,Nigeria,Africa,4740938,853368,3887570,2.76,9340.3,9343.06,166305,196133,0.309,100,Rising
2023-11,2023,Q4,Burna Boy,Afrobeats,Nigeria,Africa,8961167,1613010,7348157,4.96,20665.46,20670.42,502018,276430,0.176,100,Rising
2023-11,2023,Q4,Davido,Afrobeats,Nigeria,Africa,3642908,655723,2987185,1.98,6301.46,6303.44,215344,110131,0.149,100,Rising
2023-11,2023,Q4,Ariana Grande,Pop,Nigeria,Africa,3277886,590019,2687867,1.6,2906.08,2907.68,156303,102013,0.114,97,Stable
2023-11,2023,Q4,J. Cole,Hip-Hop,South Africa,Africa,3822657,1070343,2752314,4.31,6220.5,6224.81,114808,142933,0.171,100,Stable
2023-11,2023,Q4,Arctic Monkeys,Rock,South Africa,Africa,1770394,495710,1274684,1.95,2236.11,2238.06,136026,22804,0.29,100,Rising
2023-11,2023,Q4,Imagine Dragons,Rock,South Africa,Africa,998557,279595,718962,1.22,1390.25,1391.47,44047,48478,0.18,98,Stable
2023-11,2023,Q4,Brent Faiyaz,R&B,South Africa,Africa,883856,247479,636377,0.89,1116.71,1117.6,31954,31125,0.31,100,Rising
2023-11,2023,Q4,Peso Pluma,Latin,South Africa,Africa,585526,163947,421579,0.62,642.02,642.64,21943,27809,0.21,80,Rising
2023-11,2023,Q4,Bad Bunny,Latin,South Africa,Africa,354946,99384,255562,0.45,692.19,692.64,27791,4152,0.31,71,Stable
2023-11,2023,Q4,H.E.R.,R&B,South Africa,Africa,4489665,1257106,3232559,5.31,9668.86,9674.17,203358,136522,0.1,100,Rising
2023-11,2023,Q4,Blackpink,K-Pop,South Africa,Africa,1293417,362156,931261,1.63,1131.28,1132.91,93365,53768,0.091,100,Rising
2023-11,2023,Q4,21 Savage,Hip-Hop,South Africa,Africa,528985,148115,380870,0.52,675.18,675.7,19762,20278,0.213,96,Declining
2023-11,2023,Q4,Davido,Afrobeats,South Africa,Africa,10906331,3053772,7852559,13.09,15045.75,15058.84,268369,453726,0.238,100,Rising
2023-11,2023,Q4,Bts,K-Pop,South Africa,Africa,1823677,510629,1313048,1.85,1450.76,1452.61,104856,60781,0.137,87,Stable
2023-11,2023,Q4,Twenty One Pilots,Rock,South Africa,Africa,1517968,425031,1092937,1.61,2607.99,2609.6,69110,39839,0.285,56,Stable
2023-11,2023,Q4,Doja Cat,Pop,Kenya,Africa,2858595,428789,2429806,1.03,4084.68,4085.71,86822,66805,0.186,100,Stable
2023-11,2023,Q4,Blackpink,K-Pop,Kenya,Africa,2711269,406690,2304579,1.08,3018.62,3019.7,139369,53697,0.218,100,Rising
2023-11,2023,Q4,Ariana Grande,Pop,Kenya,Africa,1178189,176728,1001461,0.39,2151.29,2151.68,91455,46992,0.213,93,Stable
2023-11,2023,Q4,J. Cole,Hip-Hop,Kenya,Africa,2554841,383226,2171615,1.03,4467.85,4468.88,69637,120983,0.308,100,Stable
2023-11,2023,Q4,Olivia Rodrigo,Pop,Kenya,Africa,2887970,433195,2454775,1.01,3845.4,3846.41,72873,139013,0.304,98,Rising
2023-11,2023,Q4,Bad Bunny,Latin,Kenya,Africa,1156328,173449,982879,0.39,1595.77,1596.16,87811,27182,0.169,73,Stable
2023-11,2023,Q4,Martin Garrix,Electronic,Kenya,Africa,565682,84852,480830,0.2,1026.81,1027.01,43457,19235,0.12,97,Rising
2023-11,2023,Q4,Post Malone,Hip-Hop,Kenya,Africa,481060,72159,408901,0.18,1076.1,1076.28,11359,11663,0.134,100,Declining
2023-11,2023,Q4,Disclosure,Electronic,Kenya,Africa,2819644,422946,2396698,0.99,6058.75,6059.74,173076,66709,0.12,89,Rising
2023-11,2023,Q4,Tyla,Afrobeats,Kenya,Africa,10022334,1503350,8518984,3.19,13767.03,13770.22,759940,223168,0.141,100,Rising
2023-11,2023,Q4,Karol G,Latin,Kenya,Africa,1941661,291249,1650412,0.75,2999.94,3000.69,116377,93663,0.22,90,Rising
2023-11,2023,Q4,Asake,Afrobeats,Kenya,Africa,5987940,898191,5089749,1.99,14556.04,14558.03,153811,60856,0.185,100,Rising
2023-11,2023,Q4,Arctic Monkeys,Rock,Ghana,Africa,143639,20109,123530,0.05,244.41,244.46,3339,5070,0.334,100,Rising
2023-11,2023,Q4,Taylor Swift,Pop,Ghana,Africa,4032621,564566,3468055,1.46,8594.35,8595.81,255602,90007,0.32,100,Stable
2023-11,2023,Q4,Frank Ocean,R&B,Ghana,Africa,591093,82753,508340,0.2,1162.29,1162.49,22286,29375,0.159,100,Rising
2023-11,2023,Q4,J. Cole,Hip-Hop,Ghana,Africa,1440376,201652,1238724,0.49,1295.05,1295.54,60642,22723,0.318,100,Stable
2023-11,2023,Q4,21 Savage,Hip-Hop,Ghana,Africa,3041733,425842,2615891,1.11,5646.87,5647.98,187718,142881,0.26,99,Declining
2023-11,2023,Q4,Burna Boy,Afrobeats,Ghana,Africa,578707,81018,497689,0.21,1400.3,1400.51,32740,16338,0.279,100,Rising
2023-11,2023,Q4,Billie Eilish,Pop,Ghana,Africa,2648416,370778,2277638,0.86,2835.11,2835.97,159721,41087,0.217,82,Declining
2023-11,2023,Q4,J Balvin,Latin,Ghana,Africa,503986,70558,433428,0.17,462.5,462.67,11942,10297,0.281,63,Rising
2023-11,2023,Q4,Davido,Afrobeats,Ghana,Africa,7320408,1024857,6295551,2.41,6841.09,6843.5,340942,228460,0.152,100,Rising
2023-11,2023,Q4,Olivia Rodrigo,Pop,Ghana,Africa,339059,47468,291591,0.1,804.2,804.3,12433,13189,0.196,100,Rising
2023-11,2023,Q4,Coldplay,Rock,Ghana,Africa,1727382,241833,1485549,0.48,3996.73,3997.21,81375,41467,0.262,64,Stable
2023-11,2023,Q4,Kendrick Lamar,Hip-Hop,Ghana,Africa,4262846,596798,3666048,1.54,7464.71,7466.25,273649,198982,0.194,100,Rising
2023-11,2023,Q4,Tyla,Afrobeats,Japan,Asia,2550844,1530506,1020338,14.65,1360.9,1375.55,119130,119822,0.258,100,Rising
2023-11,2023,Q4,Asake,Afrobeats,Japan,Asia,3994469,2396681,1597788,24.34,2077.17,2101.51,266458,97377,0.346,81,Rising
2023-11,2023,Q4,Nicki Minaj,Hip-Hop,Japan,Asia,4477395,2686437,1790958,25.2,4534.45,4559.65,95499,64931,0.274,100,Stable
2023-11,2023,Q4,Imagine Dragons,Rock,Japan,Asia,5910844,3546506,2364338,28.88,6769.11,6797.99,267508,146163,0.157,86,Stable
2023-11,2023,Q4,Lil Baby,Hip-Hop,Japan,Asia,2981934,1789160,1192774,14.9,2617.43,2632.33,157673,102327,0.247,53,Declining
2023-11,2023,Q4,Kendrick Lamar,Hip-Hop,Japan,Asia,4442624,2665574,1777050,25.06,2253.58,2278.64,265294,85575,0.158,100,Rising
2023-11,2023,Q4,Travis Scott,Hip-Hop,Japan,Asia,4057653,2434591,1623062,20.04,2302.86,2322.9,306062,54024,0.159,100,Declining
2023-11,2023,Q4,Stray Kids,K-Pop,Japan,Asia,9941384,5964830,3976554,56.55,11743.03,11799.58,237097,127272,0.241,100,Declining
2023-11,2023,Q4,Disclosure,Electronic,Japan,Asia,6317186,3790311,2526875,32.34,5593.32,5625.66,237093,164167,0.191,100,Rising
2023-11,2023,Q4,21 Savage,Hip-Hop,Japan,Asia,1817897,1090738,727159,11.11,1190.61,1201.72,61089,88326,0.197,48,Declining
2023-11,2023,Q4,Paramore,Rock,Japan,Asia,580645,348387,232258,3.1,382.42,385.52,16519,20818,0.295,83,Stable
2023-11,2023,Q4,Nicki Minaj,Hip-Hop,South Korea,Asia,1139025,626463,512562,4.92,1183.35,1188.27,45636,34898,0.159,93,Stable
2023-11,2023,Q4,Post Malone,Hip-Hop,South Korea,Asia,5553468,3054407,2499061,22.47,6680.88,6703.35,444087,139316,0.33,89,Declining
2023-11,2023,Q4,Travis Scott,Hip-Hop,South Korea,Asia,4560760,2508418,2052342,17.31,4246.41,4263.72,111139,191901,0.267,88,Declining
2023-11,2023,Q4,21 Savage,Hip-Hop,South Korea,Asia,3654506,2009978,1644528,16.35,1875.85,1892.2,277094,55981,0.318,57,Declining
2023-11,2023,Q4,Calvin Harris,Electronic,South Korea,Asia,1931952,1062573,869379,7.55,1740.23,1747.78,61439,63505,0.201,100,Rising
2023-11,2023,Q4,Asake,Afrobeats,South Korea,Asia,5683887,3126137,2557750,23.08,4121.49,4144.57,368362,199138,0.13,81,Rising
2023-11,2023,Q4,Miley Cyrus,Pop,South Korea,Asia,3263169,1794742,1468427,16.42,2395.88,2412.3,91061,155089,0.321,100,Stable
2023-11,2023,Q4,The Weeknd,R&B/Pop,South Korea,Asia,3560112,1958061,1602051,14.19,2429.4,2443.59,187257,104202,0.184,100,Rising
2023-11,2023,Q4,Ariana Grande,Pop,South Korea,Asia,4814369,2647902,2166467,21.11,5837.32,5858.43,302254,63041,0.244,100,Stable
2023-11,2023,Q4,Billie Eilish,Pop,South Korea,Asia,6271541,3449347,2822194,26.12,8395.74,8421.86,452242,269844,0.215,100,Declining
2023-11,2023,Q4,Calvin Harris,Electronic,India,Asia,1444959,317890,1127069,0.69,2210.08,2210.77,35467,59564,0.104,100,Rising
2023-11,2023,Q4,Taylor Swift,Pop,India,Asia,10024122,2205306,7818816,3.94,15183.18,15187.12,644816,215253,0.329,100,Stable
2023-11,2023,Q4,Arctic Monkeys,Rock,India,Asia,885151,194733,690418,0.34,789.59,789.93,55597,22961,0.21,100,Rising
2023-11,2023,Q4,Dua Lipa,Pop,India,Asia,10578901,2327358,8251543,4.84,12946.73,12951.57,656697,228152,0.09,100,Rising
2023-11,2023,Q4,Blackpink,K-Pop,India,Asia,18939509,4166691,14772818,7.42,34821.09,34828.51,606220,361257,0.235,100,Rising
2023-11,2023,Q4,Rema,Afrobeats,India,Asia,2830844,622785,2208059,1.39,5079.91,5081.3,92607,46970,0.181,100,Rising
2023-11,2023,Q4,Brent Faiyaz,R&B,India,Asia,3327193,731982,2595211,1.67,3351.51,3353.18,196833,35011,0.19,67,Rising
2023-11,2023,Q4,Tyla,Afrobeats,India,Asia,535198,117743,417455,0.24,962.31,962.55,41547,22953,0.118,93,Rising
2023-11,2023,Q4,Stray Kids,K-Pop,India,Asia,8987347,1977216,7010131,4.48,20292.9,20297.38,563526,275889,0.148,100,Declining
2023-11,2023,Q4,Imagine Dragons,Rock,India,Asia,1616247,355574,1260673,0.7,2596.19,2596.89,123556,41321,0.284,89,Stable
2023-11,2023,Q4,Lil Baby,Hip-Hop,India,Asia,2657516,584653,2072863,1.02,5468.71,5469.73,75766,65991,0.271,60,Declining
2023-11,2023,Q4,Kendrick Lamar,Hip-Hop,Indonesia,Asia,2202799,440559,1762240,1.05,4997.05,4998.1,116022,56049,0.1,100,Rising
2023-11,2023,Q4,Newjeans,K-Pop,Indonesia,Asia,13673579,2734715,10938864,6.53,18454.88,18461.41,1088688,320625,0.149,100,Stable
2023-11,2023,Q4,Lil Baby,Hip-Hop,Indonesia,Asia,2537955,507591,2030364,1.37,5450.48,5451.85,181566,118829,0.143,54,Declining
2023-11,2023,Q4,J Balvin,Latin,Indonesia,Asia,511595,102319,409276,0.26,1017.47,1017.73,36608,12436,0.258,87,Rising
2023-11,2023,Q4,Post Malone,Hip-Hop,Indonesia,Asia,2186065,437213,1748852,1.12,5155.61,5156.73,152935,64338,0.145,78,Declining
2023-11,2023,Q4,Imagine Dragons,Rock,Indonesia,Asia,3076730,615346,2461384,1.49,3589.08,3590.57,242104,98655,0.219,98,Stable
2023-11,2023,Q4,Ed Sheeran,Pop,Indonesia,Asia,10023149,2004629,8018520,5.32,19369.43,19374.75,559571,346520,0.243,100,Rising
2023-11,2023,Q4,Harry Styles,Pop,Indonesia,Asia,6355266,1271053,5084213,3.02,6408.98,6412.0,265669,218179,0.086,100,Stable
2023-11,2023,Q4,Aespa,K-Pop,Indonesia,Asia,19931603,3986320,15945283,8.87,28253.83,28262.7,1180629,627428,0.263,100,Rising
2023-11,2023,Q4,Rauw Alejandro,Latin,Indonesia,Asia,5724320,1144864,4579456,2.44,12449.43,12451.87,208641,172444,0.128,79,Stable
2023-11,2023,Q4,Blackpink,K-Pop,Indonesia,Asia,21042134,4208426,16833708,9.57,32731.77,32741.34,1648123,438328,0.132,100,Rising
2023-11,2023,Q4,Dua Lipa,Pop,Argentina,Latam,5221132,1670762,3550370,5.52,7615.63,7621.15,313097,218769,0.244,100,Rising
2023-11,2023,Q4,Newjeans,K-Pop,Argentina,Latam,769994,246398,523596,0.89,1468.19,1469.08,41689,11459,0.18,69,Stable
2023-11,2023,Q4,Asake,Afrobeats,Argentina,Latam,93148,29807,63341,0.1,145.11,145.21,2859,1916,0.113,34,Rising
2023-11,2023,Q4,J Balvin,Latin,Argentina,Latam,12672713,4055268,8617445,14.67,11106.75,11121.42,811015,275125,0.15,100,Rising
2023-11,2023,Q4,Sza,R&B,Argentina,Latam,1944035,622091,1321944,2.24,1354.29,1356.53,129604,34573,0.238,74,Stable
2023-11,2023,Q4,Kendrick Lamar,Hip-Hop,Argentina,Latam,6965178,2228856,4736322,6.97,8725.29,8732.26,477855,169801,0.223,100,Rising
2023-11,2023,Q4,Bts,K-Pop,Argentina,Latam,141444,45262,96182,0.13,104.84,104.97,4168,6935,0.188,79,Stable
2023-11,2023,Q4,Ariana Grande,Pop,Argentina,Latam,3905384,1249722,2655662,4.66,3879.45,3884.11,184698,174136,0.229,100,Stable
2023-11,2023,Q4,Aespa,K-Pop,Argentina,Latam,1058600,338752,719848,0.95,2036.01,2036.96,22341,37304,0.243,83,Rising
2023-11,2023,Q4,Disclosure,Electronic,Argentina,Latam,2784434,891018,1893416,3.07,4854.2,4857.27,74988,33401,0.088,85,Rising
2023-11,2023,Q4,Tyla,Afrobeats,Argentina,Latam,1554653,497488,1057165,1.76,1462.55,1464.31,65323,70798,0.333,61,Rising
2023-11,2023,Q4,Taylor Swift,Pop,Argentina,Latam,3186830,1019785,2167045,3.77,5262.37,5266.14,246138,35028,0.329,100,Stable
2023-11,2023,Q4,Sza,R&B,Chile,Latam,348810,118595,230215,0.39,681.97,682.36,23337,15845,0.212,72,Stable
2023-11,2023,Q4,Nicki Minaj,Hip-Hop,Chile,Latam,5728294,1947619,3780675,7.07,8783.49,8790.56,115011,77666,0.089,100,Stable
2023-11,2023,Q4,Bad Bunny,Latin,Chile,Latam,6124306,2082264,4042042,7.16,10907.89,10915.05,127691,90301,0.265,100,Stable
2023-11,2023,Q4,Twenty One Pilots,Rock,Chile,Latam,1394207,474030,920177,1.74,1839.91,1841.65,51047,30138,0.202,63,Stable
2023-11,2023,Q4,The Weeknd,R&B/Pop,Chile,Latam,4580420,1557342,3023078,5.31,8040.86,8046.17,347616,49573,0.097,100,Rising
2023-11,2023,Q4,Tyla,Afrobeats,Chile,Latam,1134334,385673,748661,1.52,1044.15,1045.67,73425,40960,0.329,52,Rising
2023-11,2023,Q4,Rema,Afrobeats,Chile,Latam,404979,137692,267287,0.49,673.53,674.02,12804,9885,0.261,46,Rising
2023-11,2023,Q4,Calvin Harris,Electronic,Chile,Latam,3250896,1105304,2145592,3.35,6402.36,6405.71,234689,100264,0.273,87,Rising
2023-12,2023,Q4,Kendrick Lamar,Hip-Hop,Netherlands,Europe,851469,578998,272471,6.14,472.39,478.53,28766,25846,0.152,100,Rising
2023-12,2023,Q4,Coldplay,Rock,Netherlands,Europe,518400,352512,165888,4.01,180.0,184.01,35454,20209,0.156,100,Stable
2023-12,2023,Q4,J. Cole,Hip-Hop,Netherlands,Europe,1712549,1164533,548016,10.9,566.57,577.47,130683,44817,0.128,100,Stable
2023-12,2023,Q4,21 Savage,Hip-Hop,Netherlands,Europe,2484297,1689321,794976,18.13,1968.02,1986.15,86202,107611,0.246,67,Declining
2023-12,2023,Q4,Lil Baby,Hip-Hop,Netherlands,Europe,1411661,959929,451732,10.62,892.03,902.65,69056,49042,0.287,69,Declining
2023-12,2023,Q4,Blackpink,K-Pop,Netherlands,Europe,6970057,4739638,2230419,41.07,3310.45,3351.52,300512,328303,0.145,100,Rising
2023-12,2023,Q4,Calvin Harris,Electronic,Netherlands,Europe,7377217,5016507,2360710,54.28,4409.77,4464.05,244360,139571,0.325,100,Rising
2023-12,2023,Q4,Davido,Afrobeats,Netherlands,Europe,3456958,2350731,1106227,23.19,2610.41,2633.6,164427,116751,0.241,100,Rising
2023-12,2023,Q4,Rema,Afrobeats,Netherlands,Europe,4119349,2801157,1318192,24.39,3513.26,3537.65,92664,84428,0.286,100,Rising
2023-12,2023,Q4,Brent Faiyaz,R&B,Netherlands,Europe,3845416,2614882,1230534,23.74,2856.45,2880.19,288474,76583,0.332,90,Rising
2023-12,2023,Q4,Rauw Alejandro,Latin,United Kingdom,Europe,6284730,4085074,2199656,35.91,4579.02,4614.93,175641,286578,0.239,95,Stable
2023-12,2023,Q4,Nicki Minaj,Hip-Hop,United Kingdom,Europe,562832,365840,196992,3.6,508.61,512.21,22468,27435,0.093,100,Stable
2023-12,2023,Q4,Karol G,Latin,United Kingdom,Europe,3630529,2359843,1270686,25.66,2515.49,2541.15,131347,38258,0.218,100,Rising
2023-12,2023,Q4,Frank Ocean,R&B,United Kingdom,Europe,5422311,3524502,1897809,37.63,4558.11,4595.74,194092,181171,0.12,93,Rising
2023-12,2023,Q4,Rema,Afrobeats,United Kingdom,Europe,3839809,2495875,1343934,27.09,2172.64,2199.73,88178,46364,0.16,96,Rising
2023-12,2023,Q4,Sza,R&B,United Kingdom,Europe,5765971,3747881,2018090,35.73,2897.57,2933.3,406339,240433,0.184,90,Stable
2023-12,2023,Q4,J Balvin,Latin,United Kingdom,Europe,3886036,2525923,1360113,24.19,4055.42,4079.61,121418,120196,0.295,85,Rising
2023-12,2023,Q4,Lil Baby,Hip-Hop,United Kingdom,Europe,137164,89156,48008,0.83,140.84,141.67,10083,2544,0.112,65,Declining
2023-12,2023,Q4,Peso Pluma,Latin,United Kingdom,Europe,693643,450867,242776,5.13,607.5,612.63,38802,10885,0.1,100,Rising
2023-12,2023,Q4,Kendrick Lamar,Hip-Hop,United Kingdom,Europe,5631492,3660469,1971023,36.65,3316.36,3353.01,347754,104117,0.31,100,Rising
2023-12,2023,Q4,Imagine Dragons,Rock,United Kingdom,Europe,439676,285789,153887,2.96,300.89,303.85,18668,12752,0.194,100,Stable
2023-12,2023,Q4,Imagine Dragons,Rock,Germany,Europe,3365247,2355672,1009575,21.82,2707.74,2729.56,201226,94011,0.129,100,Stable
2023-12,2023,Q4,Sza,R&B,Germany,Europe,1404295,983006,421289,11.14,921.32,932.46,100236,64876,0.206,86,Stable
2023-12,2023,Q4,Post Malone,Hip-Hop,Germany,Europe,388158,271710,116448,2.43,268.95,271.38,11086,9975,0.233,90,Declining
2023-12,2023,Q4,The Weeknd,R&B/Pop,Germany,Europe,1156036,809225,346811,8.16,708.23,716.39,30542,31648,0.221,100,Rising
2023-12,2023,Q4,Lil Baby,Hip-Hop,Germany,Europe,2834673,1984271,850402,19.85,997.19,1017.04,163333,92891,0.171,59,Declining
2023-12,2023,Q4,21 Savage,Hip-Hop,Germany,Europe,3046571,2132599,913972,19.35,1665.35,1684.7,96155,135343,0.085,67,Declining
2023-12,2023,Q4,Coldplay,Rock,Germany,Europe,1432749,1002924,429825,10.41,763.9,774.31,42297,32758,0.281,100,Stable
2023-12,2023,Q4,Rauw Alejandro,Latin,Germany,Europe,2069906,1448934,620972,16.46,1817.97,1834.43,133766,52927,0.314,99,Stable
2023-12,2023,Q4,Bad Bunny,Latin,Germany,Europe,3215993,2251195,964798,24.75,2032.36,2057.11,138756,132797,0.196,89,Stable
2023-12,2023,Q4,Miley Cyrus,Pop,Sweden,Europe,4901339,3528964,1372375,41.54,2160.45,2201.99,106409,243810,0.164,100,Stable
2023-12,2023,Q4,Brent Faiyaz,R&B,Sweden,Europe,459781,331042,128739,3.8,158.11,161.91,32757,16805,0.264,91,Rising
2023-12,2023,Q4,Blackpink,K-Pop,Sweden,Europe,6497349,4678091,1819258,48.78,4002.67,4051.45,384003,83407,0.085,100,Rising
2023-12,2023,Q4,Taylor Swift,Pop,Sweden,Europe,8609534,6198864,2410670,67.2,5587.12,5654.32,429594,349798,0.232,100,Stable
2023-12,2023,Q4,Kendrick Lamar,Hip-Hop,Sweden,Europe,8549591,6155705,2393886,59.95,2540.0,2599.95,632989,427201,0.3,100,Rising
2023-12,2023,Q4,Karol G,Latin,Sweden,Europe,2486025,1789938,696087,16.98,1988.41,2005.39,72141,104903,0.195,88,Rising
2023-12,2023,Q4,Stray Kids,K-Pop,Sweden,Europe,2184980,1573185,611795,14.7,904.42,919.12,157414,31109,0.343,61,Declining
2023-12,2023,Q4,Ed Sheeran,Pop,Sweden,Europe,2014442,1450398,564044,15.72,1218.11,1233.83,66697,25311,0.322,100,Rising
2023-12,2023,Q4,Aespa,K-Pop,Sweden,Europe,1717750,1236780,480970,12.25,592.61,604.86,41202,25098,0.316,85,Rising
2023-12,2023,Q4,Giveon,R&B,France,Europe,1046878,649064,397814,7.11,1143.92,1151.03,62166,11300,0.182,100,Rising
2023-12,2023,Q4,Tyla,Afrobeats,France,Europe,6008124,3725036,2283088,38.9,3183.99,3222.89,281624,179411,0.285,100,Rising
2023-12,2023,Q4,Stray Kids,K-Pop,France,Europe,4263659,2643468,1620191,23.7,2629.41,2653.11,184497,148371,0.175,73,Declining
2023-12,2023,Q4,Wizkid,Afrobeats,France,Europe,2312691,1433868,878823,16.09,1941.42,1957.51,96480,96002,0.249,100,Rising
2023-12,2023,Q4,J. Cole,Hip-Hop,France,Europe,1306235,809865,496370,7.42,879.11,886.53,36076,33314,0.305,100,Stable
2023-12,2023,Q4,Coldplay,Rock,France,Europe,3862040,2394464,1467576,22.06,2283.34,2305.4,193111,189463,0.109,100,Stable
2023-12,2023,Q4,Imagine Dragons,Rock,France,Europe,9168790,5684649,3484141,63.45,9740.4,9803.85,439686,410819,0.26,100,Stable
2023-12,2023,Q4,Harry Styles,Pop,France,Europe,6823924,4230832,2593092,40.76,7429.39,7470.15,455435,237508,0.225,100,Stable
2023-12,2023,Q4,J Balvin,Latin,France,Europe,315634,195693,119941,1.9,262.57,264.47,22419,6365,0.207,83,Rising
2023-12,2023,Q4,The Weeknd,R&B/Pop,France,Europe,2141801,1327916,813885,13.99,2042.95,2056.94,167803,66862,0.125,100,Rising
2023-12,2023,Q4,Drake,Hip-Hop,France,Europe,6290133,3899882,2390251,38.55,6578.33,6616.88,151818,145320,0.256,98,Stable
2023-12,2023,Q4,Martin Garrix,Electronic,France,Europe,18328784,11363846,6964938,116.51,19353.8,19470.31,912463,615953,0.223,100,Rising
2023-12,2023,Q4,J. Cole,Hip-Hop,Ireland,Europe,5385362,3446631,1938731,31.67,5410.53,5442.2,414687,65781,0.248,100,Stable
2023-12,2023,Q4,Blackpink,K-Pop,Ireland,Europe,2863086,1832375,1030711,18.16,1697.44,1715.6,77464,63220,0.261,100,Rising
2023-12,2023,Q4,Martin Garrix,Electronic,Ireland,Europe,9729583,6226933,3502650,54.65,4387.83,4442.48,300062,176554,0.145,100,Rising
2023-12,2023,Q4,The Weeknd,R&B/Pop,Ireland,Europe,5708939,3653720,2055219,34.41,5784.6,5819.01,303649,236915,0.33,100,Rising
2023-12,2023,Q4,Peso Pluma,Latin,Ireland,Europe,5609385,3590006,2019379,39.78,2394.51,2434.29,170895,149736,0.263,92,Rising
2023-12,2023,Q4,Davido,Afrobeats,Ireland,Europe,1472699,942527,530172,8.44,1076.67,1085.11,52526,29590,0.304,100,Rising
2023-12,2023,Q4,Brent Faiyaz,R&B,Ireland,Europe,1646432,1053716,592716,11.75,976.42,988.17,59612,19616,0.188,79,Rising
2023-12,2023,Q4,Rema,Afrobeats,Ireland,Europe,3858330,2469331,1388999,24.34,2783.73,2808.07,244569,141687,0.14,94,Rising
2023-12,2023,Q4,H.E.R.,R&B,Ireland,Europe,3430551,2195552,1234999,18.65,1549.93,1568.58,175051,65820,0.101,100,Rising
2023-12,2023,Q4,Coldplay,Rock,Spain,Europe,7253478,3989412,3264066,39.12,6768.49,6807.61,489094,107678,0.199,100,Stable
2023-12,2023,Q4,J. Cole,Hip-Hop,Spain,Europe,4611022,2536062,2074960,26.77,4709.77,4736.54,208993,58263,0.208,100,Stable
2023-12,2023,Q4,Asake,Afrobeats,Spain,Europe,2783654,1531009,1252645,17.45,3460.27,3477.72,133090,132842,0.302,79,Rising
2023-12,2023,Q4,Doja Cat,Pop,Spain,Europe,4662803,2564541,2098262,22.73,3765.21,3787.94,349347,164955,0.12,100,Stable
2023-12,2023,Q4,Karol G,Latin,Spain,Europe,2555572,1405564,1150008,15.7,2071.33,2087.03,108349,28795,0.205,99,Rising
2023-12,2023,Q4,Ariana Grande,Pop,Spain,Europe,1463724,805048,658676,7.37,1676.71,1684.08,34588,55936,0.182,100,Stable
2023-12,2023,Q4,H.E.R.,R&B,Spain,Europe,4227502,2325126,1902376,22.34,3611.39,3633.73,146106,53825,0.267,100,Rising
2023-12,2023,Q4,Paramore,Rock,Spain,Europe,8065326,4435929,3629397,38.03,10729.19,10767.22,344954,366523,0.199,100,Stable
2023-12,2023,Q4,Travis Scott,Hip-Hop,Spain,Europe,2145399,1179969,965430,12.39,2775.88,2788.27,71793,29513,0.138,100,Declining
2023-12,2023,Q4,Imagine Dragons,Rock,Spain,Europe,535761,294668,241093,3.35,320.24,323.59,14821,15480,0.341,100,Stable
2023-12,2023,Q4,Martin Garrix,Electronic,Spain,Europe,856879,471283,385596,4.91,435.38,440.29,34735,41181,0.094,100,Rising
2023-12,2023,Q4,Arctic Monkeys,Rock,Spain,Europe,12095681,6652624,5443057,65.4,15440.33,15505.73,926779,594778,0.21,100,Rising
2023-12,2023,Q4,Burna Boy,Afrobeats,Italy,Europe,5212729,2710619,2502110,30.85,5595.14,5625.99,184498,57362,0.14,100,Rising
2023-12,2023,Q4,Asake,Afrobeats,Italy,Europe,4453341,2315737,2137604,20.59,4750.57,4771.16,271706,168865,0.127,76,Rising
2023-12,2023,Q4,Tyla,Afrobeats,Italy,Europe,6379252,3317211,3062041,36.54,9178.46,9215.0,375675,127702,0.144,91,Rising
2023-12,2023,Q4,Sza,R&B,Italy,Europe,3731043,1940142,1790901,17.04,3525.72,3542.76,230904,164218,0.126,81,Stable
2023-12,2023,Q4,Newjeans,K-Pop,Italy,Europe,845209,439508,405701,4.43,706.9,711.33,46602,16304,0.154,68,Stable
2023-12,2023,Q4,Stray Kids,K-Pop,Italy,Europe,2323206,1208067,1115139,11.77,2916.24,2928.01,126006,61800,0.219,60,Declining
2023-12,2023,Q4,Peso Pluma,Latin,Italy,Europe,2576655,1339860,1236795,13.07,2511.34,2524.41,179416,100575,0.107,92,Rising
2023-12,2023,Q4,Billie Eilish,Pop,Italy,Europe,6728733,3498941,3229792,30.46,4194.5,4224.96,477548,333927,0.192,100,Declining
2023-12,2023,Q4,Bad Bunny,Latin,Italy,Europe,721251,375050,346201,4.0,826.39,830.39,38646,34730,0.218,77,Stable
2023-12,2023,Q4,Burna Boy,Afrobeats,United States,Americas,1912271,1109117,803154,11.93,1242.06,1253.99,140959,85451,0.306,97,Rising
2023-12,2023,Q4,Bts,K-Pop,United States,Americas,3065561,1778025,1287536,20.4,1408.9,1429.3,130101,40814,0.081,80,Stable
2023-12,2023,Q4,Martin Garrix,Electronic,United States,Americas,2452655,1422539,1030116,14.41,2907.19,2921.6,184886,108359,0.227,100,Rising
2023-12,2023,Q4,Miley Cyrus,Pop,United States,Americas,2552731,1480583,1072148,17.67,2331.09,2348.76,178877,72378,0.11,100,Stable
2023-12,2023,Q4,Drake,Hip-Hop,United States,Americas,1840524,1067503,773021,11.35,982.88,994.23,66834,21620,0.104,100,Stable
2023-12,2023,Q4,H.E.R.,R&B,United States,Americas,12300746,7134432,5166314,68.67,13869.94,13938.61,641836,447906,0.115,100,Rising
2023-12,2023,Q4,Davido,Afrobeats,United States,Americas,8857080,5137106,3719974,53.06,4914.98,4968.04,214390,292275,0.105,100,Rising
2023-12,2023,Q4,Karol G,Latin,United States,Americas,4148727,2406261,1742466,29.43,3060.75,3090.18,307570,47615,0.11,100,Rising
2023-12,2023,Q4,Calvin Harris,Electronic,United States,Americas,1641449,952040,689409,10.12,1438.72,1448.84,94814,78589,0.153,86,Rising
2023-12,2023,Q4,Imagine Dragons,Rock,United States,Americas,675104,391560,283544,4.22,553.98,558.2,39747,12157,0.104,100,Stable
2023-12,2023,Q4,J Balvin,Latin,United States,Americas,10843675,6289331,4554344,71.84,11697.23,11769.07,572282,378639,0.155,100,Rising
2023-12,2023,Q4,Olivia Rodrigo,Pop,United States,Americas,13792699,7999765,5792934,86.65,11744.75,11831.4,1061051,678202,0.259,100,Rising
2023-12,2023,Q4,Drake,Hip-Hop,Brazil,Americas,14442172,5488025,8954147,29.91,13195.91,13225.82,341691,417248,0.165,100,Stable
2023-12,2023,Q4,Davido,Afrobeats,Brazil,Americas,2691202,1022656,1668546,5.22,2939.7,2944.92,57645,124343,0.168,100,Rising
2023-12,2023,Q4,Post Malone,Hip-Hop,Brazil,Americas,9347904,3552203,5795701,18.02,6938.94,6956.96,728378,461833,0.293,100,Declining
2023-12,2023,Q4,Tyla,Afrobeats,Brazil,Americas,2296772,872773,1423999,4.09,2927.15,2931.24,53300,114093,0.194,100,Rising
2023-12,2023,Q4,Frank Ocean,R&B,Brazil,Americas,9765300,3710814,6054486,16.97,18111.09,18128.06,647708,195173,0.098,100,Rising
2023-12,2023,Q4,Disclosure,Electronic,Brazil,Americas,6728086,2556672,4171414,13.93,4868.35,4882.28,314177,184811,0.237,86,Rising
2023-12,2023,Q4,Burna Boy,Afrobeats,Brazil,Americas,6775263,2574599,4200664,12.06,5078.77,5090.83,259321,331114,0.34,100,Rising
2023-12,2023,Q4,Lil Baby,Hip-Hop,Brazil,Americas,8467199,3217535,5249664,16.84,5979.92,5996.76,436405,338606,0.126,100,Declining
2023-12,2023,Q4,Disclosure,Electronic,Mexico,Americas,2275207,796322,1478885,3.3,1910.91,1914.21,143837,61218,0.175,94,Rising
2023-12,2023,Q4,J Balvin,Latin,Mexico,Americas,9828139,3439848,6388291,14.12,16035.0,16049.12,436038,227232,0.287,100,Rising
2023-12,2023,Q4,Lil Baby,Hip-Hop,Mexico,Americas,7480936,2618327,4862609,9.34,5704.13,5713.47,258106,295214,0.306,100,Declining
2023-12,2023,Q4,Peso Pluma,Latin,Mexico,Americas,7638293,2673402,4964891,9.8,11148.78,11158.58,559372,88877,0.346,100,Rising
2023-12,2023,Q4,Rema,Afrobeats,Mexico,Americas,1671181,584913,1086268,2.52,3247.06,3249.58,110651,40215,0.246,100,Rising
2023-12,2023,Q4,Twenty One Pilots,Rock,Mexico,Americas,1618949,566632,1052317,2.31,2696.61,2698.92,120743,31964,0.236,94,Stable
2023-12,2023,Q4,Aespa,K-Pop,Mexico,Americas,2177739,762208,1415531,3.26,2660.89,2664.15,148982,106316,0.126,93,Rising
2023-12,2023,Q4,Frank Ocean,R&B,Mexico,Americas,1145178,400812,744366,1.56,991.67,993.23,67453,22368,0.183,100,Rising
2023-12,2023,Q4,Karol G,Latin,Mexico,Americas,5092137,1782247,3309890,6.36,9902.05,9908.41,325961,145457,0.25,100,Rising
2023-12,2023,Q4,Drake,Hip-Hop,Mexico,Americas,11607508,4062627,7544881,18.38,15390.17,15408.55,504370,480456,0.274,100,Stable
2023-12,2023,Q4,Kendrick Lamar,Hip-Hop,Mexico,Americas,5588533,1955986,3632547,7.22,3812.47,3819.69,263821,201706,0.126,100,Rising
2023-12,2023,Q4,Doja Cat,Pop,Mexico,Americas,5194870,1818204,3376666,7.78,4910.82,4918.6,246635,222107,0.327,100,Stable
2023-12,2023,Q4,Giveon,R&B,Colombia,Americas,10948936,3284680,7664256,12.12,21075.67,21087.79,802715,517214,0.299,100,Rising
2023-12,2023,Q4,21 Savage,Hip-Hop,Colombia,Americas,2501089,750326,1750763,2.72,3497.47,3500.19,111791,60961,0.126,100,Declining
2023-12,2023,Q4,Fred Again..,Electronic,Colombia,Americas,2701979,810593,1891386,3.22,5302.35,5305.57,183346,33179,0.189,52,Declining
2023-12,2023,Q4,J. Cole,Hip-Hop,Colombia,Americas,11037953,3311385,7726568,11.07,17636.96,17648.03,700926,124389,0.112,100,Stable
2023-12,2023,Q4,Billie Eilish,Pop,Colombia,Americas,2669995,800998,1868997,3.01,3503.88,3506.89,205047,72264,0.175,100,Declining
2023-12,2023,Q4,Nicki Minaj,Hip-Hop,Colombia,Americas,8292738,2487821,5804917,8.31,11171.53,11179.84,612830,98532,0.292,100,Stable
2023-12,2023,Q4,Drake,Hip-Hop,Colombia,Americas,13756303,4126890,9629413,13.91,13492.87,13506.78,1014389,213960,0.162,100,Stable
2023-12,2023,Q4,J Balvin,Latin,Colombia,Americas,4018518,1205555,2812963,4.32,6564.42,6568.74,86036,103831,0.348,100,Rising
2023-12,2023,Q4,The Weeknd,R&B/Pop,Colombia,Americas,578301,173490,404811,0.61,964.88,965.49,24821,26456,0.137,100,Rising
2023-12,2023,Q4,Olivia Rodrigo,Pop,Nigeria,Africa,518222,93279,424943,0.24,454.38,454.62,18678,9123,0.226,100,Rising
2023-12,2023,Q4,Blackpink,K-Pop,Nigeria,Africa,3005130,540923,2464207,1.56,3254.85,3256.41,164930,105439,0.318,100,Rising
2023-12,2023,Q4,Coldplay,Rock,Nigeria,Africa,695658,125218,570440,0.37,1119.73,1120.1,31032,21686,0.143,47,Stable
2023-12,2023,Q4,Harry Styles,Pop,Nigeria,Africa,462885,83319,379566,0.28,1098.69,1098.97,22558,22377,0.088,100,Stable
2023-12,2023,Q4,Doja Cat,Pop,Nigeria,Africa,1162040,209167,952873,0.55,2086.61,2087.16,52443,15652,0.241,100,Stable
2023-12,2023,Q4,J Balvin,Latin,Nigeria,Africa,371058,66790,304268,0.17,697.8,697.97,28564,6251,0.193,64,Rising
2023-12,2023,Q4,Aespa,K-Pop,Nigeria,Africa,1123814,202286,921528,0.61,2245.46,2246.07,76145,41214,0.093,85,Rising
2023-12,2023,Q4,Billie Eilish,Pop,Nigeria,Africa,314976,56695,258281,0.15,362.22,362.37,11817,10639,0.299,83,Declining
2023-12,2023,Q4,J. Cole,Hip-Hop,South Africa,Africa,1571461,440009,1131452,1.79,1258.01,1259.8,71374,63351,0.349,100,Stable
2023-12,2023,Q4,Calvin Harris,Electronic,South Africa,Africa,2102666,588746,1513920,2.18,3150.28,3152.46,98082,37538,0.084,83,Rising
2023-12,2023,Q4,Miley Cyrus,Pop,South Africa,Africa,78560,21996,56564,0.08,104.13,104.21,3124,2476,0.275,83,Stable
2023-12,2023,Q4,Billie Eilish,Pop,South Africa,Africa,2086084,584103,1501981,2.13,2778.57,2780.7,47342,48208,0.319,90,Declining
2023-12,2023,Q4,Disclosure,Electronic,South Africa,Africa,1156318,323769,832549,1.23,2419.97,2421.2,29903,45237,0.112,100,Rising
2023-12,2023,Q4,Bad Bunny,Latin,South Africa,Africa,1516700,424676,1092024,1.86,1642.32,1644.18,52558,56171,0.106,59,Stable
2023-12,2023,Q4,Wizkid,Afrobeats,South Africa,Africa,12315128,3448235,8866893,15.48,18371.96,18387.44,976719,471927,0.196,100,Rising
2023-12,2023,Q4,Post Malone,Hip-Hop,South Africa,Africa,3141966,879750,2262216,3.52,4558.52,4562.04,84942,80468,0.31,100,Declining
2023-12,2023,Q4,Brent Faiyaz,R&B,Kenya,Africa,2203190,330478,1872712,0.82,4273.08,4273.9,55975,89196,0.21,100,Rising
2023-12,2023,Q4,Burna Boy,Afrobeats,Kenya,Africa,7318724,1097808,6220916,2.62,12738.39,12741.01,217523,288642,0.231,100,Rising
2023-12,2023,Q4,Peso Pluma,Latin,Kenya,Africa,184111,27616,156495,0.07,333.17,333.24,12481,4283,0.27,99,Rising
2023-12,2023,Q4,Martin Garrix,Electronic,Kenya,Africa,2867082,430062,2437020,0.96,3662.89,3663.85,85399,67374,0.158,100,Rising
2023-12,2023,Q4,Ed Sheeran,Pop,Kenya,Africa,1081641,162246,919395,0.35,1464.02,1464.37,82699,51892,0.309,100,Rising
2023-12,2023,Q4,Sza,R&B,Kenya,Africa,3397416,509612,2887804,1.42,4449.3,4450.72,158600,155566,0.229,100,Stable
2023-12,2023,Q4,Aespa,K-Pop,Kenya,Africa,3069243,460386,2608857,1.02,3171.21,3172.23,161513,43228,0.303,93,Rising
2023-12,2023,Q4,Drake,Hip-Hop,Kenya,Africa,754605,113190,641415,0.25,1359.67,1359.92,26177,12025,0.141,100,Stable
2023-12,2023,Q4,Doja Cat,Pop,Kenya,Africa,1074203,161130,913073,0.36,921.93,922.29,56245,18907,0.251,100,Stable
2023-12,2023,Q4,Fred Again..,Electronic,Ghana,Africa,291324,40785,250539,0.09,511.9,511.99,14900,6704,0.168,47,Declining
2023-12,2023,Q4,Asake,Afrobeats,Ghana,Africa,2176092,304652,1871440,0.74,3205.13,3205.87,71901,40334,0.102,100,Rising
2023-12,2023,Q4,Tyla,Afrobeats,Ghana,Africa,10159743,1422364,8737379,3.51,17667.86,17671.37,432828,297791,0.089,100,Rising
2023-12,2023,Q4,Blackpink,K-Pop,Ghana,Africa,284760,39866,244894,0.08,491.77,491.85,12519,6545,0.302,100,Rising
2023-12,2023,Q4,Bts,K-Pop,Ghana,Africa,1730883,242323,1488560,0.61,2977.6,2978.21,106783,22681,0.309,90,Stable
2023-12,2023,Q4,Arctic Monkeys,Rock,Ghana,Africa,2000084,280011,1720073,0.64,3835.95,3836.59,139442,72638,0.179,100,Rising
2023-12,2023,Q4,Lil Baby,Hip-Hop,Ghana,Africa,2055849,287818,1768031,0.62,4464.94,4465.56,56296,29341,0.238,89,Declining
2023-12,2023,Q4,Coldplay,Rock,Ghana,Africa,141956,19873,122083,0.05,320.65,320.7,6246,3864,0.174,57,Stable
2023-12,2023,Q4,Ed Sheeran,Pop,Japan,Asia,13092371,7855422,5236949,66.71,10602.25,10668.96,712423,207505,0.284,100,Rising
2023-12,2023,Q4,Frank Ocean,R&B,Japan,Asia,2171335,1302801,868534,11.06,2185.18,2196.24,117399,55298,0.176,90,Rising
2023-12,2023,Q4,Arctic Monkeys,Rock,Japan,Asia,837938,502762,335176,5.39,636.9,642.29,30328,24348,0.158,100,Rising
2023-12,2023,Q4,Kendrick Lamar,Hip-Hop,Japan,Asia,6176902,3706141,2470761,37.83,4066.25,4104.08,217421,101626,0.211,100,Rising
2023-12,2023,Q4,Twenty One Pilots,Rock,Japan,Asia,1716549,1029929,686620,8.31,1809.74,1818.05,85089,47369,0.286,55,Stable
2023-12,2023,Q4,Paramore,Rock,Japan,Asia,4018640,2411184,1607456,24.36,1731.65,1756.01,108309,185601,0.294,67,Stable
2023-12,2023,Q4,Bts,K-Pop,Japan,Asia,1939769,1163861,775908,12.11,1429.49,1441.6,90454,61986,0.241,100,Stable
2023-12,2023,Q4,Martin Garrix,Electronic,Japan,Asia,8375575,5025345,3350230,53.89,7843.69,7897.58,262910,132436,0.128,100,Rising
2023-12,2023,Q4,Imagine Dragons,Rock,Japan,Asia,4429467,2657680,1771787,22.23,2840.17,2862.4,223404,98324,0.136,94,Stable
2023-12,2023,Q4,Rauw Alejandro,Latin,Japan,Asia,5203496,3122097,2081399,26.85,2930.46,2957.31,291388,170040,0.128,90,Stable
2023-12,2023,Q4,Aespa,K-Pop,Japan,Asia,5965517,3579310,2386207,33.83,6431.82,6465.65,195985,101271,0.32,100,Rising
2023-12,2023,Q4,Wizkid,Afrobeats,South Korea,Asia,7941522,4367837,3573685,34.17,8183.72,8217.89,381682,339901,0.331,100,Rising
2023-12,2023,Q4,Asake,Afrobeats,South Korea,Asia,4218416,2320128,1898288,17.54,2472.69,2490.23,183719,79401,0.213,73,Rising
2023-12,2023,Q4,Blackpink,K-Pop,South Korea,Asia,24643348,13553841,11089507,107.51,18110.0,18217.51,1172589,881374,0.217,100,Rising
2023-12,2023,Q4,Arctic Monkeys,Rock,South Korea,Asia,6267610,3447185,2820425,24.41,5632.49,5656.9,494552,77478,0.346,100,Rising
2023-12,2023,Q4,Post Malone,Hip-Hop,South Korea,Asia,3286344,1807489,1478855,13.06,2883.05,2896.11,143282,81408,0.304,82,Declining
2023-12,2023,Q4,Billie Eilish,Pop,South Korea,Asia,565683,311125,254558,2.39,527.73,530.12,43746,10241,0.204,100,Declining
2023-12,2023,Q4,Peso Pluma,Latin,South Korea,Asia,2763134,1519723,1243411,10.85,2842.1,2852.95,141481,30746,0.188,100,Rising
2023-12,2023,Q4,Brent Faiyaz,R&B,South Korea,Asia,4530832,2491957,2038875,22.47,3008.48,3030.95,159322,109580,0.322,73,Rising
2023-12,2023,Q4,Rema,Afrobeats,South Korea,Asia,7369535,4053244,3316291,29.1,5436.77,5465.87,491347,137255,0.336,100,Rising
2023-12,2023,Q4,Karol G,Latin,South Korea,Asia,6466095,3556352,2909743,26.19,4121.28,4147.47,402245,292421,0.1,88,Rising
2023-12,2023,Q4,J. Cole,Hip-Hop,South Korea,Asia,4731409,2602274,2129135,22.0,2136.96,2158.96,332403,57975,0.147,97,Stable
2023-12,2023,Q4,Miley Cyrus,Pop,South Korea,Asia,3350981,1843039,1507942,15.4,3312.58,3327.98,183972,55821,0.261,100,Stable
2023-12,2023,Q4,Taylor Swift,Pop,India,Asia,6726190,1479761,5246429,3.09,11011.75,11014.84,508517,77400,0.207,100,Stable
2023-12,2023,Q4,Brent Faiyaz,R&B,India,Asia,628134,138189,489945,0.25,1321.18,1321.43,14623,18024,0.208,74,Rising
2023-12,2023,Q4,Aespa,K-Pop,India,Asia,4890552,1075921,3814631,1.83,6513.85,6515.68,209133,64011,0.3,100,Rising
2023-12,2023,Q4,Ed Sheeran,Pop,India,Asia,14255565,3136224,11119341,6.26,28170.44,28176.7,1060200,695973,0.195,100,Rising
2023-12,2023,Q4,Asake,Afrobeats,India,Asia,1139269,250639,888630,0.45,1965.68,1966.13,46122,20305,0.146,71,Rising
2023-12,2023,Q4,Burna Boy,Afrobeats,India,Asia,4964828,1092262,3872566,2.4,10884.25,10886.65,261257,189341,0.286,100,Rising
2023-12,2023,Q4,Blackpink,K-Pop,India,Asia,42194288,9282743,32911545,16.42,94123.54,94139.96,869629,1810001,0.155,100,Rising
2023-12,2023,Q4,Arctic Monkeys,Rock,India,Asia,8062968,1773852,6289116,3.66,18163.06,18166.72,510888,149821,0.342,100,Rising
2023-12,2023,Q4,Giveon,R&B,India,Asia,943949,207668,736281,0.44,1947.61,1948.05,34922,36340,0.304,99,Rising
2023-12,2023,Q4,Stray Kids,K-Pop,India,Asia,18597188,4091381,14505807,9.33,14699.24,14708.57,834282,382147,0.309,100,Declining
2023-12,2023,Q4,Wizkid,Afrobeats,Indonesia,Asia,718110,143622,574488,0.35,1338.07,1338.42,48152,7879,0.239,100,Rising
2023-12,2023,Q4,Taylor Swift,Pop,Indonesia,Asia,8562771,1712554,6850217,4.24,10433.99,10438.23,322578,100524,0.294,100,Stable
2023-12,2023,Q4,Rauw Alejandro,Latin,Indonesia,Asia,4254278,850855,3403423,2.08,9855.84,9857.92,88464,210096,0.3,89,Stable
2023-12,2023,Q4,Burna Boy,Afrobeats,Indonesia,Asia,3941879,788375,3153504,1.87,7940.54,7942.41,163533,190247,0.349,99,Rising
2023-12,2023,Q4,Paramore,Rock,Indonesia,Asia,796197,159239,636958,0.43,1191.05,1191.48,63603,30117,0.336,68,Stable
2023-12,2023,Q4,Post Malone,Hip-Hop,Indonesia,Asia,5312523,1062504,4250019,2.31,9550.05,9552.36,130254,68011,0.248,82,Declining
2023-12,2023,Q4,Giveon,R&B,Indonesia,Asia,5136986,1027397,4109589,2.74,5930.57,5933.31,383519,185269,0.313,90,Rising
2023-12,2023,Q4,Coldplay,Rock,Indonesia,Asia,3292567,658513,2634054,1.63,5378.03,5379.66,170378,147337,0.307,57,Stable
2023-12,2023,Q4,Rema,Afrobeats,Indonesia,Asia,807883,161576,646307,0.42,1293.17,1293.59,50614,18866,0.112,82,Rising
2023-12,2023,Q4,Travis Scott,Hip-Hop,Indonesia,Asia,3114948,622989,2491959,1.52,5457.93,5459.45,123540,92979,0.134,86,Declining
2023-12,2023,Q4,Karol G,Latin,Indonesia,Asia,6474190,1294838,5179352,3.42,13833.78,13837.2,144827,232543,0.108,93,Rising
2023-12,2023,Q4,Rauw Alejandro,Latin,Argentina,Latam,10565463,3380948,7184515,11.74,8584.45,8596.19,732300,523298,0.181,100,Stable
2023-12,2023,Q4,J Balvin,Latin,Argentina,Latam,12882740,4122476,8760264,11.64,25747.14,25758.78,587735,332361,0.089,100,Rising
2023-12,2023,Q4,21 Savage,Hip-Hop,Argentina,Latam,2430900,777888,1653012,2.23,3517.03,3519.26,93371,50100,0.217,85,Declining
2023-12,2023,Q4,Drake,Hip-Hop,Argentina,Latam,3615665,1157012,2458653,4.07,2946.04,2950.11,238113,63759,0.147,100,Stable
2023-12,2023,Q4,Disclosure,Electronic,Argentina,Latam,1418000,453760,964240,1.41,1410.18,1411.59,34641,54914,0.158,90,Rising
2023-12,2023,Q4,Bad Bunny,Latin,Argentina,Latam,1251972,400631,851341,1.23,1150.72,1151.95,41636,16713,0.202,100,Stable
2023-12,2023,Q4,Fred Again..,Electronic,Argentina,Latam,1564228,500552,1063676,1.5,1270.75,1272.25,57153,78042,0.189,52,Declining
2023-12,2023,Q4,Post Malone,Hip-Hop,Argentina,Latam,3932696,1258462,2674234,4.06,4157.54,4161.6,117928,119787,0.292,100,Declining
2023-12,2023,Q4,J. Cole,Hip-Hop,Argentina,Latam,3307665,1058452,2249213,3.44,5078.13,5081.57,213950,51405,0.125,100,Stable
2023-12,2023,Q4,Billie Eilish,Pop,Argentina,Latam,2985124,955239,2029885,3.0,5920.5,5923.5,113715,136155,0.194,86,Declining
2023-12,2023,Q4,Brent Faiyaz,R&B,Argentina,Latam,1383766,442805,940961,1.51,1042.53,1044.04,101565,27335,0.261,79,Rising
2023-12,2023,Q4,H.E.R.,R&B,Argentina,Latam,2118799,678015,1440784,1.91,1804.97,1806.88,131386,65924,0.156,77,Rising
2023-12,2023,Q4,Calvin Harris,Electronic,Chile,Latam,2659120,904100,1755020,2.93,2061.13,2064.06,210551,107604,0.081,79,Rising
2023-12,2023,Q4,Frank Ocean,R&B,Chile,Latam,716614,243648,472966,0.75,1291.66,1292.41,41416,20365,0.09,100,Rising
2023-12,2023,Q4,Sza,R&B,Chile,Latam,2791912,949250,1842662,2.87,4008.29,4011.16,132770,112873,0.136,72,Stable
2023-12,2023,Q4,Lil Baby,Hip-Hop,Chile,Latam,3552553,1207868,2344685,4.66,5934.13,5938.79,272309,173609,0.288,83,Declining
2023-12,2023,Q4,Burna Boy,Afrobeats,Chile,Latam,833277,283314,549963,1.01,970.56,971.57,25281,34450,0.217,43,Rising
2023-12,2023,Q4,Disclosure,Electronic,Chile,Latam,3812615,1296289,2516326,4.99,6649.54,6654.53,267549,139946,0.189,100,Rising
2023-12,2023,Q4,Arctic Monkeys,Rock,Chile,Latam,605223,205775,399448,0.81,1031.25,1032.06,40322,27820,0.276,100,Rising
2023-12,2023,Q4,Giveon,R&B,Chile,Latam,299214,101732,197482,0.32,425.35,425.67,11111,7397,0.332,100,Rising
2023-12,2023,Q4,Karol G,Latin,Chile,Latam,12835848,4364188,8471660,15.08,19963.33,19978.41,391996,607241,0.101,100,Rising
2023-12,2023,Q4,Travis Scott,Hip-Hop,Chile,Latam,2515109,855137,1659972,3.08,3074.64,3077.72,127673,108612,0.331,100,Declining
2023-12,2023,Q4,Olivia Rodrigo,Pop,Chile,Latam,632164,214935,417229,0.68,1089.62,1090.3,49440,21787,0.083,100,Rising
2023-12,2023,Q4,Kendrick Lamar,Hip-Hop,Chile,Latam,3540475,1203761,2336714,4.09,6912.99,6917.08,271679,91021,0.294,100,Rising
2024-01,2024,Q1,Burna Boy,Afrobeats,Netherlands,Europe,4030641,2740835,1289806,28.64,2747.66,2776.3,106599,49505,0.182,93,Rising
2024-01,2024,Q1,Ariana Grande,Pop,Netherlands,Europe,5437671,3697616,1740055,37.5,5166.74,5204.24,324062,135737,0.286,100,Stable
2024-01,2024,Q1,Martin Garrix,Electronic,Netherlands,Europe,13791180,9378002,4413178,94.21,12444.32,12538.53,1076282,458773,0.108,100,Rising
2024-01,2024,Q1,Bts,K-Pop,Netherlands,Europe,926464,629995,296469,6.81,675.45,682.26,25000,29274,0.109,75,Stable
2024-01,2024,Q1,Calvin Harris,Electronic,Netherlands,Europe,4372660,2973408,1399252,32.74,2175.21,2207.95,339220,165373,0.188,100,Rising
2024-01,2024,Q1,Peso Pluma,Latin,Netherlands,Europe,1125143,765097,360046,7.34,452.73,460.07,85520,37634,0.347,90,Rising
2024-01,2024,Q1,Lil Baby,Hip-Hop,Netherlands,Europe,2859208,1944261,914947,21.12,1504.3,1525.42,228016,71671,0.159,64,Declining
2024-01,2024,Q1,Sza,R&B,Netherlands,Europe,532511,362107,170404,4.11,270.71,274.82,20088,6306,0.146,91,Stable
2024-01,2024,Q1,Stray Kids,K-Pop,Netherlands,Europe,3130001,2128400,1001601,21.61,1692.26,1713.87,70951,52056,0.242,68,Declining
2024-01,2024,Q1,Tyla,Afrobeats,United Kingdom,Europe,5141839,3342195,1799644,32.36,2162.92,2195.28,347031,165308,0.345,100,Rising
2024-01,2024,Q1,Doja Cat,Pop,United Kingdom,Europe,3660851,2379553,1281298,26.83,1310.93,1337.76,153376,148029,0.122,100,Stable
2024-01,2024,Q1,Miley Cyrus,Pop,United Kingdom,Europe,2555654,1661175,894479,16.12,2150.76,2166.88,157558,63024,0.268,100,Stable
2024-01,2024,Q1,Harry Styles,Pop,United Kingdom,Europe,7553167,4909558,2643609,54.27,6375.22,6429.49,240839,291890,0.271,100,Stable
2024-01,2024,Q1,Arctic Monkeys,Rock,United Kingdom,Europe,12165615,7907649,4257966,68.02,12718.45,12786.47,610208,546346,0.324,100,Rising
2024-01,2024,Q1,Giveon,R&B,United Kingdom,Europe,1214269,789274,424995,7.49,600.74,608.23,37581,39306,0.108,100,Rising
2024-01,2024,Q1,Kendrick Lamar,Hip-Hop,United Kingdom,Europe,5448903,3541786,1907117,40.06,2369.85,2409.91,329325,249376,0.124,100,Rising
2024-01,2024,Q1,The Weeknd,R&B/Pop,United Kingdom,Europe,6442753,4187789,2254964,41.71,2796.98,2838.69,341650,116192,0.262,100,Rising
2024-01,2024,Q1,Burna Boy,Afrobeats,United Kingdom,Europe,3089496,2008172,1081324,17.59,2045.06,2062.65,210867,43097,0.154,100,Rising
2024-01,2024,Q1,Ed Sheeran,Pop,Germany,Europe,11103446,7772412,3331034,71.85,4554.82,4626.67,520924,553807,0.104,100,Rising
2024-01,2024,Q1,H.E.R.,R&B,Germany,Europe,3183082,2228157,954925,25.4,2804.0,2829.4,236542,77678,0.179,100,Rising
2024-01,2024,Q1,Peso Pluma,Latin,Germany,Europe,2412831,1688981,723850,14.65,1638.06,1652.71,88038,98018,0.106,100,Rising
2024-01,2024,Q1,Taylor Swift,Pop,Germany,Europe,8267286,5787100,2480186,57.22,5420.39,5477.61,185458,235159,0.23,100,Stable
2024-01,2024,Q1,Post Malone,Hip-Hop,Germany,Europe,4258433,2980903,1277530,25.52,2221.75,2247.27,324145,49276,0.22,87,Declining
2024-01,2024,Q1,Billie Eilish,Pop,Germany,Europe,1564514,1095159,469355,12.48,648.3,660.78,115896,47933,0.232,100,Declining
2024-01,2024,Q1,Miley Cyrus,Pop,Germany,Europe,3241118,2268782,972336,22.84,2043.33,2066.17,202829,146275,0.206,100,Stable
2024-01,2024,Q1,Frank Ocean,R&B,Germany,Europe,3482086,2437460,1044626,21.46,2225.96,2247.42,217729,118147,0.108,100,Rising
2024-01,2024,Q1,Stray Kids,K-Pop,Germany,Europe,3829071,2680349,1148722,28.07,1687.67,1715.74,141094,143124,0.225,64,Declining
2024-01,2024,Q1,Nicki Minaj,Hip-Hop,Germany,Europe,3520515,2464360,1056155,21.51,2635.15,2656.66,180694,64037,0.231,100,Stable
2024-01,2024,Q1,Karol G,Latin,Sweden,Europe,1616028,1163540,452488,13.63,912.54,926.17,102178,67928,0.315,100,Rising
2024-01,2024,Q1,Wizkid,Afrobeats,Sweden,Europe,742017,534252,207765,5.06,485.43,490.49,27258,15155,0.168,100,Rising
2024-01,2024,Q1,Stray Kids,K-Pop,Sweden,Europe,3106224,2236481,869743,22.23,1658.88,1681.11,245422,145809,0.344,62,Declining
2024-01,2024,Q1,Rema,Afrobeats,Sweden,Europe,1190844,857407,333437,10.01,706.13,716.14,27104,54342,0.174,100,Rising
2024-01,2024,Q1,Bts,K-Pop,Sweden,Europe,1232238,887211,345027,8.59,347.35,355.94,37405,55824,0.1,77,Stable
2024-01,2024,Q1,Dua Lipa,Pop,Sweden,Europe,11616043,8363550,3252493,98.12,5381.03,5479.15,672955,541796,0.299,100,Rising
2024-01,2024,Q1,Davido,Afrobeats,Sweden,Europe,254224,183041,71183,1.84,151.42,153.26,12795,9201,0.16,100,Rising
2024-01,2024,Q1,Billie Eilish,Pop,Sweden,Europe,3891119,2801605,1089514,30.82,1414.52,1445.34,81879,100690,0.167,100,Declining
2024-01,2024,Q1,Miley Cyrus,Pop,Sweden,Europe,948303,682778,265525,7.31,658.69,666.0,30295,27405,0.205,100,Stable
2024-01,2024,Q1,Harry Styles,Pop,Sweden,Europe,9615188,6922935,2692253,67.52,5153.89,5221.41,646871,424512,0.191,100,Stable
2024-01,2024,Q1,J Balvin,Latin,France,Europe,786165,487422,298743,5.08,759.46,764.54,46509,20362,0.348,87,Rising
2024-01,2024,Q1,Olivia Rodrigo,Pop,France,Europe,4952474,3070533,1881941,29.73,3919.23,3948.96,259484,93149,0.112,100,Rising
2024-01,2024,Q1,Arctic Monkeys,Rock,France,Europe,7443962,4615256,2828706,42.0,8438.13,8480.13,568860,107983,0.326,100,Rising
2024-01,2024,Q1,Blackpink,K-Pop,France,Europe,3727756,2311208,1416548,21.73,2206.06,2227.79,154225,71661,0.151,100,Rising
2024-01,2024,Q1,Kendrick Lamar,Hip-Hop,France,Europe,5463263,3387223,2076040,36.94,5580.49,5617.43,423295,118141,0.256,100,Rising
2024-01,2024,Q1,Travis Scott,Hip-Hop,France,Europe,6325389,3921741,2403648,42.67,5783.14,5825.81,318746,140697,0.204,100,Declining
2024-01,2024,Q1,J. Cole,Hip-Hop,France,Europe,2050495,1271306,779189,11.82,1592.57,1604.39,71161,100167,0.091,100,Stable
2024-01,2024,Q1,Bad Bunny,Latin,France,Europe,666010,412926,253084,3.89,591.76,595.65,36540,18353,0.322,90,Stable
2024-01,2024,Q1,Taylor Swift,Pop,France,Europe,9720892,6026953,3693939,58.42,5301.71,5360.13,278719,405076,0.115,100,Stable
2024-01,2024,Q1,Ariana Grande,Pop,France,Europe,6134708,3803518,2331190,41.64,4057.83,4099.47,354723,183811,0.22,100,Stable
2024-01,2024,Q1,Bad Bunny,Latin,Ireland,Europe,2196564,1405800,790764,14.94,2173.62,2188.56,111141,42512,0.326,89,Stable
2024-01,2024,Q1,Peso Pluma,Latin,Ireland,Europe,5012541,3208026,1804515,36.36,3086.82,3123.18,103263,160910,0.327,84,Rising
2024-01,2024,Q1,21 Savage,Hip-Hop,Ireland,Europe,1868165,1195625,672540,10.9,758.83,769.73,136700,83756,0.343,68,Declining
2024-01,2024,Q1,Dua Lipa,Pop,Ireland,Europe,4606455,2948131,1658324,28.41,3979.37,4007.78,310663,78978,0.112,100,Rising
2024-01,2024,Q1,Travis Scott,Hip-Hop,Ireland,Europe,4907679,3140914,1766765,34.6,4601.63,4636.23,295735,87572,0.21,100,Declining
2024-01,2024,Q1,Bts,K-Pop,Ireland,Europe,3287644,2104092,1183552,20.88,2035.72,2056.6,175926,41576,0.239,75,Stable
2024-01,2024,Q1,The Weeknd,R&B/Pop,Ireland,Europe,5492645,3515292,1977353,32.21,3211.11,3243.32,110025,126131,0.101,100,Rising
2024-01,2024,Q1,Aespa,K-Pop,Ireland,Europe,4143531,2651859,1491672,26.42,3022.64,3049.06,278808,156688,0.144,72,Rising
2024-01,2024,Q1,Nicki Minaj,Hip-Hop,Ireland,Europe,1551224,992783,558441,11.23,1172.1,1183.33,57603,26606,0.087,100,Stable
2024-01,2024,Q1,Bad Bunny,Latin,Spain,Europe,363841,200112,163729,1.82,241.22,243.04,28201,3935,0.178,75,Stable
2024-01,2024,Q1,Sza,R&B,Spain,Europe,3595120,1977316,1617804,18.71,1723.72,1742.43,96996,115171,0.268,82,Stable
2024-01,2024,Q1,Wizkid,Afrobeats,Spain,Europe,2860662,1573364,1287298,14.32,2417.78,2432.1,145618,136384,0.084,100,Rising
2024-01,2024,Q1,Tyla,Afrobeats,Spain,Europe,3820453,2101249,1719204,21.96,4844.48,4866.44,142356,79359,0.247,100,Rising
2024-01,2024,Q1,Drake,Hip-Hop,Spain,Europe,479809,263894,215915,2.83,348.58,351.41,25280,8460,0.119,100,Stable
2024-01,2024,Q1,Martin Garrix,Electronic,Spain,Europe,17510287,9630657,7879630,104.68,18767.23,18871.91,692583,500068,0.201,100,Rising
2024-01,2024,Q1,Dua Lipa,Pop,Spain,Europe,8768018,4822409,3945609,53.92,8564.78,8618.7,538452,98041,0.218,100,Rising
2024-01,2024,Q1,Coldplay,Rock,Spain,Europe,4825287,2653907,2171380,25.06,5786.69,5811.75,233225,145448,0.142,100,Stable
2024-01,2024,Q1,Aespa,K-Pop,Spain,Europe,3392201,1865710,1526491,21.06,1665.28,1686.34,225589,51911,0.293,100,Rising
2024-01,2024,Q1,Ariana Grande,Pop,Spain,Europe,8060508,4433279,3627229,49.15,10577.5,10626.65,392102,151968,0.259,100,Stable
2024-01,2024,Q1,J. Cole,Hip-Hop,Spain,Europe,2979323,1638627,1340696,14.89,1637.1,1651.99,158089,95885,0.18,98,Stable
2024-01,2024,Q1,Martin Garrix,Electronic,Italy,Europe,6347657,3300781,3046876,36.37,9133.06,9169.43,469453,260556,0.282,100,Rising
2024-01,2024,Q1,Wizkid,Afrobeats,Italy,Europe,7674692,3990839,3683853,36.06,9342.62,9378.68,576909,181537,0.291,100,Rising
2024-01,2024,Q1,Travis Scott,Hip-Hop,Italy,Europe,2605849,1355041,1250808,13.82,3201.74,3215.56,179266,119073,0.323,92,Declining
2024-01,2024,Q1,Rema,Afrobeats,Italy,Europe,1585765,824597,761168,9.34,1229.55,1238.89,32533,36327,0.183,94,Rising
2024-01,2024,Q1,Harry Styles,Pop,Italy,Europe,10252640,5331372,4921268,59.56,6445.09,6504.65,672110,250701,0.259,100,Stable
2024-01,2024,Q1,Fred Again..,Electronic,Italy,Europe,2270904,1180870,1090034,13.06,2318.49,2331.55,51580,95547,0.095,100,Declining
2024-01,2024,Q1,Nicki Minaj,Hip-Hop,Italy,Europe,6392399,3324047,3068352,33.88,5556.5,5590.38,234605,193860,0.152,100,Stable
2024-01,2024,Q1,Ariana Grande,Pop,Italy,Europe,2618280,1361505,1256775,14.14,2695.1,2709.24,161539,41263,0.332,100,Stable
2024-01,2024,Q1,21 Savage,Hip-Hop,Italy,Europe,1774639,922812,851827,10.53,2505.17,2515.7,139932,77827,0.139,61,Declining
2024-01,2024,Q1,Rauw Alejandro,Latin,Italy,Europe,622701,323804,298897,3.08,342.53,345.61,39157,16956,0.135,100,Stable
2024-01,2024,Q1,Tyla,Afrobeats,Italy,Europe,3637676,1891591,1746085,18.47,2779.49,2797.96,273467,37565,0.113,100,Rising
2024-01,2024,Q1,Drake,Hip-Hop,United States,Americas,9723827,5639819,4084008,59.39,10210.34,10269.73,364803,182634,0.295,100,Stable
2024-01,2024,Q1,Lil Baby,Hip-Hop,United States,Americas,4337765,2515903,1821862,29.89,1828.58,1858.47,314258,57052,0.257,100,Declining
2024-01,2024,Q1,Twenty One Pilots,Rock,United States,Americas,191197,110894,80303,1.34,153.58,154.92,9176,7884,0.288,85,Stable
2024-01,2024,Q1,Ariana Grande,Pop,United States,Americas,6592194,3823472,2768722,40.45,5854.83,5895.28,371213,218373,0.267,100,Stable
2024-01,2024,Q1,J Balvin,Latin,United States,Americas,4135345,2398500,1736845,27.93,3794.74,3822.67,178667,144584,0.256,100,Rising
2024-01,2024,Q1,21 Savage,Hip-Hop,United States,Americas,2096056,1215712,880344,12.57,2196.3,2208.87,118136,63116,0.328,100,Declining
2024-01,2024,Q1,Taylor Swift,Pop,United States,Americas,1332301,772734,559567,9.3,885.28,894.58,87947,56733,0.321,100,Stable
2024-01,2024,Q1,Dua Lipa,Pop,United States,Americas,12812961,7431517,5381444,73.79,14338.31,14412.1,773707,438710,0.201,100,Rising
2024-01,2024,Q1,Frank Ocean,R&B,Brazil,Americas,10419913,3959566,6460347,17.89,19061.77,19079.66,437584,275976,0.189,100,Rising
2024-01,2024,Q1,Blackpink,K-Pop,Brazil,Americas,2721846,1034301,1687545,5.4,2431.01,2436.41,65118,111594,0.139,100,Rising
2024-01,2024,Q1,Brent Faiyaz,R&B,Brazil,Americas,2570458,976774,1593684,4.89,2227.05,2231.94,172012,95821,0.106,100,Rising
2024-01,2024,Q1,Paramore,Rock,Brazil,Americas,3711123,1410226,2300897,7.98,6426.01,6433.99,126660,76116,0.345,100,Stable
2024-01,2024,Q1,Miley Cyrus,Pop,Brazil,Americas,6136398,2331831,3804567,10.09,4256.9,4266.99,468613,235661,0.108,100,Stable
2024-01,2024,Q1,Rema,Afrobeats,Brazil,Americas,6236006,2369682,3866324,10.33,8131.04,8141.37,313386,76661,0.104,94,Rising
2024-01,2024,Q1,Billie Eilish,Pop,Brazil,Americas,9112140,3462613,5649527,19.02,14731.75,14750.77,259179,334559,0.281,100,Declining
2024-01,2024,Q1,21 Savage,Hip-Hop,Brazil,Americas,8138170,3092504,5045666,17.4,7090.18,7107.58,364595,319767,0.27,100,Declining
2024-01,2024,Q1,Drake,Hip-Hop,Brazil,Americas,1411344,536310,875034,2.53,1137.01,1139.54,74671,64852,0.266,100,Stable
2024-01,2024,Q1,Stray Kids,K-Pop,Brazil,Americas,2432032,924172,1507860,4.09,4335.58,4339.67,106975,33419,0.215,66,Declining
2024-01,2024,Q1,Disclosure,Electronic,Brazil,Americas,522633,198600,324033,0.98,475.08,476.06,18010,13532,0.11,84,Rising
2024-01,2024,Q1,Davido,Afrobeats,Brazil,Americas,519743,197502,322241,1.01,585.51,586.52,17963,9270,0.258,100,Rising
2024-01,2024,Q1,Harry Styles,Pop,Mexico,Americas,10147911,3551768,6596143,15.05,7365.19,7380.24,416610,397697,0.265,100,Stable
2024-01,2024,Q1,Asake,Afrobeats,Mexico,Americas,2014320,705012,1309308,2.78,2743.68,2746.46,78005,33572,0.297,62,Rising
2024-01,2024,Q1,Disclosure,Electronic,Mexico,Americas,4710183,1648564,3061619,7.34,5758.78,5766.12,326668,207906,0.188,100,Rising
2024-01,2024,Q1,Miley Cyrus,Pop,Mexico,Americas,8113931,2839875,5274056,13.02,7815.34,7828.36,191701,173031,0.128,100,Stable
2024-01,2024,Q1,Arctic Monkeys,Rock,Mexico,Americas,12788186,4475865,8312321,19.39,20224.28,20243.67,907817,339314,0.227,100,Rising
2024-01,2024,Q1,The Weeknd,R&B/Pop,Mexico,Americas,7443990,2605396,4838594,9.11,14048.18,14057.29,429394,229328,0.185,100,Rising
2024-01,2024,Q1,Ed Sheeran,Pop,Mexico,Americas,4484541,1569589,2914952,7.2,7498.95,7506.15,304263,175810,0.211,100,Rising
2024-01,2024,Q1,Stray Kids,K-Pop,Mexico,Americas,2751718,963101,1788617,3.37,1884.52,1887.89,114911,115816,0.091,74,Declining
2024-01,2024,Q1,Tyla,Afrobeats,Colombia,Americas,619331,185799,433532,0.57,1227.17,1227.74,23547,8952,0.264,100,Rising
2024-01,2024,Q1,Coldplay,Rock,Colombia,Americas,5093463,1528038,3565425,5.53,7579.48,7585.01,297643,196299,0.277,84,Stable
2024-01,2024,Q1,Disclosure,Electronic,Colombia,Americas,1734847,520454,1214393,1.78,1404.11,1405.89,134151,23257,0.288,100,Rising
2024-01,2024,Q1,Asake,Afrobeats,Colombia,Americas,168925,50677,118248,0.19,141.55,141.74,3628,2612,0.167,61,Rising
2024-01,2024,Q1,Peso Pluma,Latin,Colombia,Americas,10562663,3168798,7393865,10.61,21988.23,21998.84,253720,139301,0.328,100,Rising
2024-01,2024,Q1,Travis Scott,Hip-Hop,Colombia,Americas,5835085,1750525,4084560,6.99,7486.98,7493.97,440235,105500,0.308,100,Declining
2024-01,2024,Q1,Doja Cat,Pop,Colombia,Americas,1477170,443151,1034019,1.75,2753.24,2754.99,33993,50682,0.306,100,Stable
2024-01,2024,Q1,Bad Bunny,Latin,Colombia,Americas,7678890,2303667,5375223,7.1,14619.53,14626.63,261706,82957,0.254,100,Stable
2024-01,2024,Q1,Frank Ocean,R&B,Colombia,Americas,13664238,4099271,9564967,13.05,27837.76,27850.81,279990,519275,0.159,100,Rising
2024-01,2024,Q1,J. Cole,Hip-Hop,Nigeria,Africa,3397869,611616,2786253,1.98,7377.06,7379.04,82911,129527,0.188,100,Stable
2024-01,2024,Q1,Dua Lipa,Pop,Nigeria,Africa,2702783,486500,2216283,1.48,5247.03,5248.51,104985,86353,0.172,100,Rising
2024-01,2024,Q1,Stray Kids,K-Pop,Nigeria,Africa,1366592,245986,1120606,0.64,3150.43,3151.07,89866,65105,0.193,55,Declining
2024-01,2024,Q1,Peso Pluma,Latin,Nigeria,Africa,457535,82356,375179,0.23,951.17,951.4,23529,7107,0.157,80,Rising
2024-01,2024,Q1,Coldplay,Rock,Nigeria,Africa,125207,22537,102670,0.07,200.42,200.49,8188,5302,0.139,59,Stable
2024-01,2024,Q1,Burna Boy,Afrobeats,Nigeria,Africa,5113594,920446,4193148,2.83,6908.01,6910.84,289189,176346,0.197,100,Rising
2024-01,2024,Q1,Arctic Monkeys,Rock,Nigeria,Africa,685726,123430,562296,0.36,1212.3,1212.66,20702,26466,0.266,100,Rising
2024-01,2024,Q1,H.E.R.,R&B,Nigeria,Africa,676220,121719,554501,0.32,1297.67,1297.99,25984,28564,0.255,100,Rising
2024-01,2024,Q1,Travis Scott,Hip-Hop,Nigeria,Africa,1314227,236560,1077667,0.69,2541.51,2542.2,103558,65398,0.099,100,Declining
2024-01,2024,Q1,Kendrick Lamar,Hip-Hop,South Africa,Africa,3093874,866284,2227590,3.03,6144.94,6147.97,172588,89147,0.327,100,Rising
2024-01,2024,Q1,Arctic Monkeys,Rock,South Africa,Africa,113430,31760,81670,0.12,108.17,108.29,3237,2982,0.251,100,Rising
2024-01,2024,Q1,Asake,Afrobeats,South Africa,Africa,4209081,1178542,3030539,4.59,5587.99,5592.58,229237,132677,0.253,100,Rising
2024-01,2024,Q1,Tyla,Afrobeats,South Africa,Africa,5958568,1668399,4290169,5.7,5839.85,5845.55,257682,190986,0.13,100,Rising
2024-01,2024,Q1,Bts,K-Pop,South Africa,Africa,1959873,548764,1411109,2.39,3699.75,3702.14,106091,94961,0.278,72,Stable
2024-01,2024,Q1,Lil Baby,Hip-Hop,South Africa,Africa,2270189,635652,1634537,2.6,4307.75,4310.35,114811,88867,0.148,98,Declining
2024-01,2024,Q1,Paramore,Rock,South Africa,Africa,1123302,314524,808778,1.21,1070.54,1071.75,48564,36520,0.199,66,Stable
2024-01,2024,Q1,Coldplay,Rock,South Africa,Africa,964691,270113,694578,0.96,1287.27,1288.23,41706,34681,0.349,58,Stable
2024-01,2024,Q1,Drake,Hip-Hop,South Africa,Africa,1151281,322358,828923,1.21,2007.63,2008.84,64822,13672,0.325,100,Stable
2024-01,2024,Q1,Olivia Rodrigo,Pop,South Africa,Africa,1896852,531118,1365734,2.43,1897.87,1900.3,94904,79140,0.204,100,Rising
2024-01,2024,Q1,Aespa,K-Pop,South Africa,Africa,2472235,692225,1780010,3.09,3402.3,3405.39,59767,44563,0.196,92,Rising
2024-01,2024,Q1,Miley Cyrus,Pop,South Africa,Africa,985815,276028,709787,1.04,839.2,840.24,71927,37173,0.248,92,Stable
2024-01,2024,Q1,Burna Boy,Afrobeats,Kenya,Africa,1267059,190058,1077001,0.43,3089.14,3089.57,55581,44208,0.301,100,Rising
2024-01,2024,Q1,J. Cole,Hip-Hop,Kenya,Africa,770197,115529,654668,0.28,1198.41,1198.69,47330,12044,0.319,100,Stable
2024-01,2024,Q1,Arctic Monkeys,Rock,Kenya,Africa,3831348,574702,3256646,1.42,6357.94,6359.36,184762,133806,0.179,100,Rising
2024-01,2024,Q1,Rema,Afrobeats,Kenya,Africa,2778159,416723,2361436,1.07,3588.86,3589.93,70556,50627,0.327,100,Rising
2024-01,2024,Q1,Bts,K-Pop,Kenya,Africa,693266,103989,589277,0.26,1636.74,1637.0,47364,14640,0.126,68,Stable
2024-01,2024,Q1,Taylor Swift,Pop,Kenya,Africa,3306452,495967,2810485,1.25,2955.67,2956.92,256044,108484,0.316,100,Stable
2024-01,2024,Q1,Martin Garrix,Electronic,Kenya,Africa,296043,44406,251637,0.12,467.94,468.06,20849,6176,0.261,100,Rising
2024-01,2024,Q1,Newjeans,K-Pop,Kenya,Africa,1729837,259475,1470362,0.58,1533.1,1533.68,75061,64022,0.156,78,Stable
2024-01,2024,Q1,Bad Bunny,Latin,Kenya,Africa,860982,129147,731835,0.33,1436.59,1436.92,51332,34833,0.21,79,Stable
2024-01,2024,Q1,Kendrick Lamar,Hip-Hop,Kenya,Africa,3182251,477337,2704914,1.34,7991.88,7993.22,137605,154601,0.117,100,Rising
2024-01,2024,Q1,Doja Cat,Pop,Kenya,Africa,2509232,376384,2132848,0.85,3583.94,3584.79,65790,68251,0.303,100,Stable
2024-01,2024,Q1,Rema,Afrobeats,Ghana,Africa,1401229,196172,1205057,0.44,1299.83,1300.27,59130,48454,0.234,100,Rising
2024-01,2024,Q1,Calvin Harris,Electronic,Ghana,Africa,1160675,162494,998181,0.4,2896.95,2897.35,53022,46766,0.276,74,Rising
2024-01,2024,Q1,21 Savage,Hip-Hop,Ghana,Africa,678559,94998,583561,0.22,1612.08,1612.3,40109,25582,0.287,88,Declining
2024-01,2024,Q1,Tyla,Afrobeats,Ghana,Africa,5229177,732084,4497093,1.81,10220.16,10221.97,282375,118838,0.111,100,Rising
2024-01,2024,Q1,Olivia Rodrigo,Pop,Ghana,Africa,431817,60454,371363,0.13,1089.45,1089.58,26727,16528,0.202,100,Rising
2024-01,2024,Q1,Fred Again..,Electronic,Ghana,Africa,1106611,154925,951686,0.32,2457.71,2458.03,41343,21921,0.349,41,Declining
2024-01,2024,Q1,Arctic Monkeys,Rock,Ghana,Africa,2802322,392325,2409997,0.97,7015.23,7016.2,184450,109474,0.348,100,Rising
2024-01,2024,Q1,Bad Bunny,Latin,Ghana,Africa,1482595,207563,1275032,0.53,1615.03,1615.56,81273,37316,0.227,60,Stable
2024-01,2024,Q1,Travis Scott,Hip-Hop,Ghana,Africa,2472258,346116,2126142,0.7,4205.37,4206.07,184032,123171,0.335,100,Declining
2024-01,2024,Q1,Aespa,K-Pop,Ghana,Africa,2086196,292067,1794129,0.62,4900.19,4900.81,143580,56216,0.208,75,Rising
2024-01,2024,Q1,Stray Kids,K-Pop,Ghana,Africa,474717,66460,408257,0.17,564.92,565.09,17342,6810,0.347,75,Declining
2024-01,2024,Q1,Coldplay,Rock,Ghana,Africa,1144813,160273,984540,0.33,2749.64,2749.97,84070,22194,0.155,52,Stable
2024-01,2024,Q1,Calvin Harris,Electronic,Japan,Asia,3355154,2013092,1342062,17.07,3222.0,3239.07,138125,59810,0.171,100,Rising
2024-01,2024,Q1,Burna Boy,Afrobeats,Japan,Asia,3661354,2196812,1464542,19.55,4200.37,4219.92,272546,59434,0.302,100,Rising
2024-01,2024,Q1,Tyla,Afrobeats,Japan,Asia,4850711,2910426,1940285,23.52,3302.62,3326.14,134082,240230,0.204,100,Rising
2024-01,2024,Q1,Karol G,Latin,Japan,Asia,6233842,3740305,2493537,37.93,6063.9,6101.83,488008,139735,0.333,100,Rising
2024-01,2024,Q1,Disclosure,Electronic,Japan,Asia,8011580,4806948,3204632,39.48,7247.17,7286.65,634618,353867,0.285,100,Rising
2024-01,2024,Q1,H.E.R.,R&B,Japan,Asia,3500382,2100229,1400153,22.6,4108.55,4131.15,243689,142450,0.11,93,Rising
2024-01,2024,Q1,Ariana Grande,Pop,Japan,Asia,3890920,2334552,1556368,20.78,4594.13,4614.91,234640,86986,0.144,100,Stable
2024-01,2024,Q1,The Weeknd,R&B/Pop,Japan,Asia,3128451,1877070,1251381,20.4,2246.32,2266.72,166014,98048,0.333,100,Rising
2024-01,2024,Q1,Aespa,K-Pop,Japan,Asia,1188742,713245,475497,6.61,1278.52,1285.13,55278,18074,0.172,100,Rising
2024-01,2024,Q1,Dua Lipa,Pop,South Korea,Asia,3723458,2047901,1675557,18.03,4486.91,4504.94,236713,179090,0.239,100,Rising
2024-01,2024,Q1,Ed Sheeran,Pop,South Korea,Asia,2014911,1108201,906710,9.32,1941.83,1951.15,154029,37038,0.24,100,Rising
2024-01,2024,Q1,Kendrick Lamar,Hip-Hop,South Korea,Asia,746310,410470,335840,3.08,690.25,693.33,39915,33301,0.291,100,Rising
2024-01,2024,Q1,Brent Faiyaz,R&B,South Korea,Asia,1527711,840241,687470,6.36,1972.04,1978.4,61050,52565,0.275,78,Rising
2024-01,2024,Q1,Travis Scott,Hip-Hop,South Korea,Asia,2346567,1290611,1055956,9.42,2940.98,2950.4,172133,59796,0.117,87,Declining
2024-01,2024,Q1,The Weeknd,R&B/Pop,South Korea,Asia,3540409,1947224,1593185,16.19,3504.24,3520.43,224182,54580,0.321,100,Rising
2024-01,2024,Q1,Stray Kids,K-Pop,South Korea,Asia,7073843,3890613,3183230,29.66,8734.81,8764.47,308088,228562,0.344,100,Declining
2024-01,2024,Q1,Sza,R&B,South Korea,Asia,3305869,1818227,1487642,13.61,4133.61,4147.22,113059,164759,0.149,78,Stable
2024-01,2024,Q1,Dua Lipa,Pop,India,Asia,8356932,1838525,6518407,3.36,12902.67,12906.03,288302,247093,0.131,100,Rising
2024-01,2024,Q1,Imagine Dragons,Rock,India,Asia,5868646,1291102,4577544,2.37,9137.78,9140.15,266357,285327,0.296,85,Stable
2024-01,2024,Q1,Disclosure,Electronic,India,Asia,8193098,1802481,6390617,3.19,9594.65,9597.84,261946,151948,0.142,100,Rising
2024-01,2024,Q1,Bad Bunny,Latin,India,Asia,3525005,775501,2749504,1.44,4872.81,4874.25,90275,83561,0.343,83,Stable
2024-01,2024,Q1,Fred Again..,Electronic,India,Asia,344078,75697,268381,0.15,617.61,617.76,19112,15519,0.314,61,Declining
2024-01,2024,Q1,Stray Kids,K-Pop,India,Asia,11701243,2574273,9126970,5.82,23815.64,23821.46,358003,247696,0.286,100,Declining
2024-01,2024,Q1,Aespa,K-Pop,India,Asia,22378517,4923273,17455244,10.86,46459.59,46470.45,960044,592312,0.175,100,Rising
2024-01,2024,Q1,Calvin Harris,Electronic,India,Asia,3409419,750072,2659347,1.32,2769.3,2770.62,254932,81241,0.103,100,Rising
2024-01,2024,Q1,J. Cole,Hip-Hop,Indonesia,Asia,2211263,442252,1769011,1.05,3017.78,3018.83,96005,95316,0.271,72,Stable
2024-01,2024,Q1,Harry Styles,Pop,Indonesia,Asia,524749,104949,419800,0.25,790.32,790.57,22878,12155,0.144,100,Stable
2024-01,2024,Q1,Rema,Afrobeats,Indonesia,Asia,1760433,352086,1408347,0.91,2183.27,2184.18,54153,33903,0.085,88,Rising
2024-01,2024,Q1,Post Malone,Hip-Hop,Indonesia,Asia,906465,181293,725172,0.5,1408.68,1409.18,31348,17138,0.298,71,Declining
2024-01,2024,Q1,Paramore,Rock,Indonesia,Asia,3344014,668802,2675212,1.44,7271.36,7272.8,173300,93997,0.285,77,Stable
2024-01,2024,Q1,Olivia Rodrigo,Pop,Indonesia,Asia,10496816,2099363,8397453,5.09,10909.96,10915.05,838527,328145,0.171,100,Rising
2024-01,2024,Q1,Taylor Swift,Pop,Indonesia,Asia,8264023,1652804,6611219,3.76,8652.83,8656.59,215903,153706,0.232,100,Stable
2024-01,2024,Q1,Nicki Minaj,Hip-Hop,Indonesia,Asia,3469435,693887,2775548,1.68,8006.89,8008.57,141148,108391,0.332,93,Stable
2024-01,2024,Q1,Stray Kids,K-Pop,Indonesia,Asia,1908459,381691,1526768,0.87,1789.01,1789.88,64438,44925,0.17,100,Declining
2024-01,2024,Q1,Billie Eilish,Pop,Indonesia,Asia,1025507,205101,820406,0.5,1607.66,1608.16,61476,31440,0.313,100,Declining
2024-01,2024,Q1,Bts,K-Pop,Indonesia,Asia,6520192,1304038,5216154,3.32,10410.13,10413.45,137913,87692,0.176,100,Stable
2024-01,2024,Q1,Giveon,R&B,Indonesia,Asia,1675988,335197,1340791,0.95,3101.39,3102.34,74470,52923,0.191,100,Rising
2024-01,2024,Q1,Coldplay,Rock,Argentina,Latam,372420,119174,253246,0.4,289.38,289.78,13984,17531,0.317,53,Stable
2024-01,2024,Q1,Karol G,Latin,Argentina,Latam,11379391,3641405,7737986,12.69,15698.88,15711.57,417951,476825,0.218,100,Rising
2024-01,2024,Q1,Rema,Afrobeats,Argentina,Latam,434294,138974,295320,0.51,439.83,440.34,20728,14401,0.25,59,Rising
2024-01,2024,Q1,Harry Styles,Pop,Argentina,Latam,4450217,1424069,3026148,4.26,4680.36,4684.62,167275,176182,0.118,100,Stable
2024-01,2024,Q1,Calvin Harris,Electronic,Argentina,Latam,185697,59423,126274,0.18,255.88,256.06,7251,5046,0.28,85,Rising
2024-01,2024,Q1,Lil Baby,Hip-Hop,Argentina,Latam,409434,131018,278416,0.46,394.85,395.31,11928,5238,0.304,72,Declining
2024-01,2024,Q1,Aespa,K-Pop,Argentina,Latam,2594423,830215,1764208,2.5,3252.24,3254.74,71771,44814,0.273,71,Rising
2024-01,2024,Q1,Dua Lipa,Pop,Argentina,Latam,2963919,948454,2015465,3.35,4327.3,4330.65,230399,137341,0.232,100,Rising
2024-01,2024,Q1,Olivia Rodrigo,Pop,Argentina,Latam,3423614,1095556,2328058,3.42,3187.74,3191.16,229986,132781,0.215,100,Rising
2024-01,2024,Q1,Wizkid,Afrobeats,Argentina,Latam,1053215,337028,716187,1.18,813.31,814.49,44614,34615,0.179,58,Rising
2024-01,2024,Q1,Nicki Minaj,Hip-Hop,Chile,Latam,2047813,696256,1351557,2.25,4020.33,4022.58,116565,56564,0.142,100,Stable
2024-01,2024,Q1,Aespa,K-Pop,Chile,Latam,1629550,554047,1075503,2.13,2222.39,2224.52,48141,56331,0.263,80,Rising
2024-01,2024,Q1,The Weeknd,R&B/Pop,Chile,Latam,3077417,1046321,2031096,3.74,2275.71,2279.45,145123,37210,0.287,100,Rising
2024-01,2024,Q1,H.E.R.,R&B,Chile,Latam,1160555,394588,765967,1.34,1484.49,1485.83,75560,33889,0.105,86,Rising
2024-01,2024,Q1,Post Malone,Hip-Hop,Chile,Latam,426079,144866,281213,0.54,731.89,732.43,29424,11758,0.324,100,Declining
2024-01,2024,Q1,Arctic Monkeys,Rock,Chile,Latam,3893288,1323717,2569571,4.7,4919.88,4924.58,147896,90909,0.138,100,Rising
2024-01,2024,Q1,Bad Bunny,Latin,Chile,Latam,6487436,2205728,4281708,7.44,6835.27,6842.71,181419,142787,0.32,100,Stable
2024-01,2024,Q1,Travis Scott,Hip-Hop,Chile,Latam,2233171,759278,1473893,2.96,2042.29,2045.25,174052,81840,0.311,100,Declining
2024-02,2024,Q1,Aespa,K-Pop,Netherlands,Europe,473942,322280,151662,2.91,322.55,325.46,28086,7248,0.116,77,Rising
2024-02,2024,Q1,Fred Again..,Electronic,Netherlands,Europe,4312644,2932597,1380047,26.88,3527.66,3554.54,123321,116818,0.281,100,Declining
2024-02,2024,Q1,21 Savage,Hip-Hop,Netherlands,Europe,1391832,946445,445387,8.69,1025.12,1033.81,90050,44557,0.308,70,Declining
2024-02,2024,Q1,Imagine Dragons,Rock,Netherlands,Europe,4769005,3242923,1526082,33.23,2687.03,2720.26,228602,115912,0.191,100,Stable
2024-02,2024,Q1,Martin Garrix,Electronic,Netherlands,Europe,6225072,4233048,1992024,43.61,2659.43,2703.04,220020,305347,0.256,100,Rising
2024-02,2024,Q1,Kendrick Lamar,Hip-Hop,Netherlands,Europe,3724961,2532973,1191988,26.97,2569.69,2596.66,192479,123007,0.238,100,Rising
2024-02,2024,Q1,Coldplay,Rock,Netherlands,Europe,2671330,1816504,854826,17.82,1729.41,1747.23,97519,78742,0.109,100,Stable
2024-02,2024,Q1,Disclosure,Electronic,Netherlands,Europe,12014743,8170025,3844718,70.67,8649.95,8720.62,377388,367153,0.108,100,Rising
2024-02,2024,Q1,Karol G,Latin,Netherlands,Europe,5218740,3548743,1669997,39.82,2290.24,2330.06,359238,166134,0.169,98,Rising
2024-02,2024,Q1,Martin Garrix,Electronic,United Kingdom,Europe,14427198,9377678,5049520,92.76,6736.76,6829.52,432991,510346,0.301,100,Rising
2024-02,2024,Q1,Imagine Dragons,Rock,United Kingdom,Europe,3243618,2108351,1135267,23.73,1773.29,1797.02,172517,95393,0.26,100,Stable
2024-02,2024,Q1,Asake,Afrobeats,United Kingdom,Europe,2475225,1608896,866329,16.82,2232.2,2249.02,140983,110879,0.155,78,Rising
2024-02,2024,Q1,Sza,R&B,United Kingdom,Europe,749305,487048,262257,4.56,744.53,749.09,59492,33591,0.171,89,Stable
2024-02,2024,Q1,Bts,K-Pop,United Kingdom,Europe,3148498,2046523,1101975,20.47,1554.87,1575.34,204729,125986,0.221,72,Stable
2024-02,2024,Q1,Fred Again..,Electronic,United Kingdom,Europe,2873483,1867763,1005720,16.15,1542.67,1558.82,106600,101354,0.256,100,Declining
2024-02,2024,Q1,Rauw Alejandro,Latin,United Kingdom,Europe,3452543,2244152,1208391,23.21,3615.0,3638.21,126260,72764,0.269,79,Stable
2024-02,2024,Q1,The Weeknd,R&B/Pop,United Kingdom,Europe,2155354,1400980,754374,13.68,1396.92,1410.6,164218,27490,0.132,100,Rising
2024-02,2024,Q1,Kendrick Lamar,Hip-Hop,Germany,Europe,4524632,3167242,1357390,32.2,1451.22,1483.42,189006,211541,0.215,100,Rising
2024-02,2024,Q1,Coldplay,Rock,Germany,Europe,4998039,3498627,1499412,37.5,1982.85,2020.35,201505,171153,0.317,100,Stable
2024-02,2024,Q1,J Balvin,Latin,Germany,Europe,1264750,885325,379425,7.57,1101.58,1109.15,65606,60811,0.286,90,Rising
2024-02,2024,Q1,Newjeans,K-Pop,Germany,Europe,731353,511947,219406,4.99,449.1,454.09,31571,21335,0.218,64,Stable
2024-02,2024,Q1,Davido,Afrobeats,Germany,Europe,4377117,3063981,1313136,33.83,1507.36,1541.19,300287,74131,0.263,100,Rising
2024-02,2024,Q1,Fred Again..,Electronic,Germany,Europe,3721109,2604776,1116333,25.7,2052.5,2078.2,200537,139047,0.31,100,Declining
2024-02,2024,Q1,Drake,Hip-Hop,Germany,Europe,3748801,2624160,1124641,25.01,2403.01,2428.02,119995,83620,0.168,97,Stable
2024-02,2024,Q1,Arctic Monkeys,Rock,Germany,Europe,3352430,2346701,1005729,23.54,1944.77,1968.31,81154,59985,0.322,100,Rising
2024-02,2024,Q1,Paramore,Rock,Germany,Europe,6837396,4786177,2051219,43.35,2764.55,2807.9,429415,263083,0.223,100,Stable
2024-02,2024,Q1,Asake,Afrobeats,Sweden,Europe,3203432,2306471,896961,21.23,1717.91,1739.14,80146,82384,0.167,66,Rising
2024-02,2024,Q1,Tyla,Afrobeats,Sweden,Europe,1056787,760886,295901,7.84,509.85,517.69,71574,39933,0.316,100,Rising
2024-02,2024,Q1,Coldplay,Rock,Sweden,Europe,2056633,1480775,575858,13.64,1290.91,1304.55,144563,92455,0.266,93,Stable
2024-02,2024,Q1,Giveon,R&B,Sweden,Europe,4847817,3490428,1357389,36.55,1827.95,1864.5,279516,205154,0.306,100,Rising
2024-02,2024,Q1,Rema,Afrobeats,Sweden,Europe,3516739,2532052,984687,29.47,1785.47,1814.94,92908,175533,0.119,100,Rising
2024-02,2024,Q1,Karol G,Latin,Sweden,Europe,144667,104160,40507,1.09,81.36,82.45,4435,6677,0.174,86,Rising
2024-02,2024,Q1,Martin Garrix,Electronic,Sweden,Europe,15620841,11247005,4373836,135.18,5155.66,5290.84,424068,593231,0.285,100,Rising
2024-02,2024,Q1,Rauw Alejandro,Latin,Sweden,Europe,1818246,1309137,509109,15.4,1199.95,1215.35,139263,29271,0.334,83,Stable
2024-02,2024,Q1,Frank Ocean,R&B,Sweden,Europe,4327996,3116157,1211839,36.4,2923.67,2960.07,105613,198221,0.212,100,Rising
2024-02,2024,Q1,Paramore,Rock,Sweden,Europe,3902730,2809965,1092765,33.04,3102.23,3135.27,230152,167098,0.216,100,Stable
2024-02,2024,Q1,21 Savage,Hip-Hop,Sweden,Europe,3550525,2556378,994147,24.74,1088.88,1113.62,191501,155032,0.147,68,Declining
2024-02,2024,Q1,Arctic Monkeys,Rock,France,Europe,1557482,965638,591844,10.9,859.0,869.9,57239,36226,0.157,100,Rising
2024-02,2024,Q1,Nicki Minaj,Hip-Hop,France,Europe,1149649,712782,436867,8.17,531.73,539.9,23684,51540,0.238,100,Stable
2024-02,2024,Q1,Bad Bunny,Latin,France,Europe,4149167,2572483,1576684,24.56,3171.76,3196.32,175681,105736,0.247,78,Stable
2024-02,2024,Q1,Coldplay,Rock,France,Europe,5060873,3137741,1923132,28.68,5729.32,5758.0,308846,126471,0.341,100,Stable
2024-02,2024,Q1,J. Cole,Hip-Hop,France,Europe,2456731,1523173,933558,14.88,2120.86,2135.74,167949,97074,0.09,100,Stable
2024-02,2024,Q1,Rema,Afrobeats,France,Europe,3132770,1942317,1190453,21.89,3364.55,3386.44,108234,52372,0.181,95,Rising
2024-02,2024,Q1,Peso Pluma,Latin,France,Europe,3292359,2041262,1251097,20.1,2560.48,2580.58,235278,127243,0.347,87,Rising
2024-02,2024,Q1,Disclosure,Electronic,France,Europe,7464913,4628246,2836667,41.34,6439.44,6480.78,306040,76379,0.235,100,Rising
2024-02,2024,Q1,J Balvin,Latin,France,Europe,2817654,1746945,1070709,19.18,2864.26,2883.44,76205,119730,0.232,96,Rising
2024-02,2024,Q1,Taylor Swift,Pop,France,Europe,6288418,3898819,2389599,37.47,6143.3,6180.77,279206,257971,0.266,100,Stable
2024-02,2024,Q1,Dua Lipa,Pop,France,Europe,4352752,2698706,1654046,30.69,4171.34,4202.03,164901,138867,0.204,100,Rising
2024-02,2024,Q1,Burna Boy,Afrobeats,France,Europe,3563034,2209081,1353953,19.31,3376.07,3395.38,101990,39365,0.22,100,Rising
2024-02,2024,Q1,Doja Cat,Pop,Ireland,Europe,1152458,737573,414885,7.44,458.44,465.88,72253,21218,0.295,100,Stable
2024-02,2024,Q1,Aespa,K-Pop,Ireland,Europe,1930492,1235514,694978,13.27,1252.63,1265.9,52936,57717,0.286,82,Rising
2024-02,2024,Q1,Ed Sheeran,Pop,Ireland,Europe,7580936,4851799,2729137,54.36,7176.5,7230.86,569554,217105,0.293,100,Rising
2024-02,2024,Q1,Wizkid,Afrobeats,Ireland,Europe,5140021,3289613,1850408,35.46,3961.7,3997.16,251059,99359,0.127,100,Rising
2024-02,2024,Q1,Taylor Swift,Pop,Ireland,Europe,7549707,4831812,2717895,43.17,3411.21,3454.38,464688,175628,0.198,100,Stable
2024-02,2024,Q1,Frank Ocean,R&B,Ireland,Europe,459728,294225,165503,2.82,329.33,332.15,20982,19725,0.088,100,Rising
2024-02,2024,Q1,Post Malone,Hip-Hop,Ireland,Europe,950960,608614,342346,5.19,380.15,385.34,63029,22245,0.294,98,Declining
2024-02,2024,Q1,Nicki Minaj,Hip-Hop,Ireland,Europe,5817078,3722929,2094149,41.92,5641.2,5683.12,255250,236161,0.165,100,Stable
2024-02,2024,Q1,Tyla,Afrobeats,Ireland,Europe,5411367,3463274,1948093,30.0,5709.56,5739.56,380118,225846,0.162,100,Rising
2024-02,2024,Q1,Brent Faiyaz,R&B,Ireland,Europe,3873596,2479101,1394495,26.83,1952.9,1979.73,278283,108839,0.106,88,Rising
2024-02,2024,Q1,Lil Baby,Hip-Hop,Ireland,Europe,729404,466818,262586,4.94,716.22,721.16,52992,26844,0.174,67,Declining
2024-02,2024,Q1,Coldplay,Rock,Ireland,Europe,4479203,2866689,1612514,27.89,4578.9,4606.79,314050,202896,0.324,100,Stable
2024-02,2024,Q1,Coldplay,Rock,Spain,Europe,512533,281893,230640,2.43,568.87,571.3,14922,20964,0.135,100,Stable
2024-02,2024,Q1,Imagine Dragons,Rock,Spain,Europe,8305830,4568206,3737624,40.97,6555.7,6596.67,374045,325927,0.138,100,Stable
2024-02,2024,Q1,Giveon,R&B,Spain,Europe,2761434,1518788,1242646,15.06,3592.76,3607.82,99974,43673,0.211,100,Rising
2024-02,2024,Q1,Miley Cyrus,Pop,Spain,Europe,6773620,3725491,3048129,35.59,3272.15,3307.74,430236,168973,0.242,100,Stable
2024-02,2024,Q1,The Weeknd,R&B/Pop,Spain,Europe,471824,259503,212321,2.46,384.39,386.85,36100,7655,0.185,100,Rising
2024-02,2024,Q1,Dua Lipa,Pop,Spain,Europe,490410,269725,220685,2.59,297.35,299.94,26993,15580,0.343,100,Rising
2024-02,2024,Q1,Bts,K-Pop,Spain,Europe,1218098,669953,548145,6.89,1477.64,1484.53,42481,12623,0.267,68,Stable
2024-02,2024,Q1,Asake,Afrobeats,Spain,Europe,2436659,1340162,1096497,13.19,2536.29,2549.48,69557,98819,0.115,73,Rising
2024-02,2024,Q1,Frank Ocean,R&B,Spain,Europe,2596405,1428022,1168383,15.08,2827.67,2842.75,54230,98130,0.161,100,Rising
2024-02,2024,Q1,Ed Sheeran,Pop,Spain,Europe,9716862,5344274,4372588,61.32,12444.8,12506.12,195517,311225,0.316,100,Rising
2024-02,2024,Q1,J. Cole,Hip-Hop,Spain,Europe,3887727,2138249,1749478,21.36,4011.8,4033.16,267758,67361,0.189,100,Stable
2024-02,2024,Q1,Rema,Afrobeats,Spain,Europe,1610157,885586,724571,9.65,2008.87,2018.52,47579,62002,0.209,97,Rising
2024-02,2024,Q1,21 Savage,Hip-Hop,Italy,Europe,3969939,2064368,1905571,22.83,4907.3,4930.13,233066,54043,0.338,70,Declining
2024-02,2024,Q1,Post Malone,Hip-Hop,Italy,Europe,2852606,1483355,1369251,14.61,2060.99,2075.6,220435,62886,0.114,95,Declining
2024-02,2024,Q1,J. Cole,Hip-Hop,Italy,Europe,2646118,1375981,1270137,14.79,2845.71,2860.5,85872,120360,0.147,100,Stable
2024-02,2024,Q1,Wizkid,Afrobeats,Italy,Europe,2872862,1493888,1378974,13.61,2299.22,2312.83,146003,65839,0.104,100,Rising
2024-02,2024,Q1,Billie Eilish,Pop,Italy,Europe,2849501,1481740,1367761,15.48,1411.02,1426.5,218537,139180,0.33,100,Declining
2024-02,2024,Q1,Imagine Dragons,Rock,Italy,Europe,8501637,4420851,4080786,38.29,11563.26,11601.55,338611,89688,0.208,100,Stable
2024-02,2024,Q1,J Balvin,Latin,Italy,Europe,3287847,1709680,1578167,14.7,2627.23,2641.93,138930,46008,0.08,98,Rising
2024-02,2024,Q1,Fred Again..,Electronic,Italy,Europe,2852993,1483556,1369437,16.78,3245.61,3262.39,70257,40914,0.321,100,Declining
2024-02,2024,Q1,Nicki Minaj,Hip-Hop,Italy,Europe,1333138,693231,639907,6.26,1764.85,1771.11,90891,29850,0.089,100,Stable
2024-02,2024,Q1,Olivia Rodrigo,Pop,Italy,Europe,2816643,1464654,1351989,15.77,1358.61,1374.38,75832,39321,0.166,100,Rising
2024-02,2024,Q1,Tyla,Afrobeats,Italy,Europe,2417194,1256940,1160254,10.68,2178.92,2189.6,60942,77579,0.173,93,Rising
2024-02,2024,Q1,Blackpink,K-Pop,Italy,Europe,2910462,1513440,1397022,13.55,2681.75,2695.3,159815,66604,0.246,100,Rising
2024-02,2024,Q1,Stray Kids,K-Pop,United States,Americas,3211602,1862729,1348873,18.54,3568.02,3586.56,215119,157028,0.105,64,Declining
2024-02,2024,Q1,Frank Ocean,R&B,United States,Americas,3144000,1823519,1320481,22.93,2726.19,2749.12,192237,75105,0.161,100,Rising
2024-02,2024,Q1,Giveon,R&B,United States,Americas,12130894,7035918,5094976,77.24,5529.03,5606.27,371563,517564,0.173,100,Rising
2024-02,2024,Q1,Imagine Dragons,Rock,United States,Americas,9496632,5508046,3988586,66.93,4714.52,4781.45,749642,275810,0.13,100,Stable
2024-02,2024,Q1,The Weeknd,R&B/Pop,United States,Americas,5774199,3349035,2425164,38.69,5607.36,5646.05,144093,239687,0.303,100,Rising
2024-02,2024,Q1,Paramore,Rock,United States,Americas,3215562,1865025,1350537,18.18,3668.17,3686.35,156944,149177,0.253,95,Stable
2024-02,2024,Q1,Disclosure,Electronic,United States,Americas,664250,385265,278985,4.21,816.22,820.43,53138,27917,0.15,89,Rising
2024-02,2024,Q1,Wizkid,Afrobeats,United States,Americas,5892280,3417522,2474758,35.34,2834.88,2870.22,430721,87828,0.268,100,Rising
2024-02,2024,Q1,Dua Lipa,Pop,United States,Americas,6428694,3728642,2700052,44.17,4959.17,5003.34,450256,88649,0.2,100,Rising
2024-02,2024,Q1,Bad Bunny,Latin,Brazil,Americas,3663673,1392195,2271478,6.67,6608.7,6615.37,282419,118618,0.252,100,Stable
2024-02,2024,Q1,Billie Eilish,Pop,Brazil,Americas,1560179,592868,967311,2.71,978.69,981.4,67309,68664,0.345,100,Declining
2024-02,2024,Q1,Harry Styles,Pop,Brazil,Americas,1791866,680909,1110957,3.32,3164.43,3167.75,43938,57381,0.234,100,Stable
2024-02,2024,Q1,Davido,Afrobeats,Brazil,Americas,4503786,1711438,2792348,8.48,3209.02,3217.5,260168,160420,0.149,100,Rising
2024-02,2024,Q1,Asake,Afrobeats,Brazil,Americas,1889742,718101,1171641,3.59,1433.85,1437.44,81482,73337,0.248,84,Rising
2024-02,2024,Q1,Rauw Alejandro,Latin,Brazil,Americas,11274867,4284449,6990418,20.25,8113.47,8133.72,243943,162358,0.081,100,Stable
2024-02,2024,Q1,Karol G,Latin,Brazil,Americas,7161903,2721523,4440380,15.58,12441.29,12456.87,251891,292200,0.333,100,Rising
2024-02,2024,Q1,Ariana Grande,Pop,Brazil,Americas,6387689,2427321,3960368,13.67,5916.72,5930.39,469441,118405,0.233,100,Stable
2024-02,2024,Q1,Post Malone,Hip-Hop,Brazil,Americas,12949922,4920970,8028952,20.89,13670.61,13691.5,267714,483480,0.31,100,Declining
2024-02,2024,Q1,Paramore,Rock,Brazil,Americas,4657462,1769835,2887627,7.92,3132.73,3140.65,165907,199538,0.134,100,Stable
2024-02,2024,Q1,Taylor Swift,Pop,Brazil,Americas,14437723,5486334,8951389,31.23,22034.86,22066.09,427101,469613,0.278,100,Stable
2024-02,2024,Q1,Brent Faiyaz,R&B,Brazil,Americas,4575437,1738666,2836771,9.27,5210.58,5219.85,296733,193859,0.168,100,Rising
2024-02,2024,Q1,Wizkid,Afrobeats,Mexico,Americas,2363900,827365,1536535,3.62,3769.25,3772.87,92765,99628,0.105,100,Rising
2024-02,2024,Q1,Aespa,K-Pop,Mexico,Americas,3248494,1136972,2111522,3.95,3470.41,3474.36,154373,79499,0.084,97,Rising
2024-02,2024,Q1,Dua Lipa,Pop,Mexico,Americas,1827765,639717,1188048,2.23,3399.13,3401.36,102493,20171,0.226,100,Rising
2024-02,2024,Q1,Tyla,Afrobeats,Mexico,Americas,2672582,935403,1737179,3.56,4727.2,4730.76,180918,132865,0.223,100,Rising
2024-02,2024,Q1,Arctic Monkeys,Rock,Mexico,Americas,4356609,1524813,2831796,5.5,5117.79,5123.29,336511,174284,0.099,100,Rising
2024-02,2024,Q1,Imagine Dragons,Rock,Mexico,Americas,1972242,690284,1281958,3.0,1901.75,1904.75,62821,74422,0.092,100,Stable
2024-02,2024,Q1,Miley Cyrus,Pop,Mexico,Americas,4368910,1529118,2839792,6.03,8039.35,8045.38,276186,65709,0.176,100,Stable
2024-02,2024,Q1,Frank Ocean,R&B,Mexico,Americas,11622930,4068025,7554905,17.4,18203.75,18221.15,707380,461061,0.226,100,Rising
2024-02,2024,Q1,Frank Ocean,R&B,Colombia,Americas,12692230,3807669,8884561,13.08,9288.2,9301.28,672951,320791,0.147,100,Rising
2024-02,2024,Q1,Post Malone,Hip-Hop,Colombia,Americas,4944082,1483224,3460858,5.39,10299.65,10305.04,195253,196774,0.174,100,Declining
2024-02,2024,Q1,Miley Cyrus,Pop,Colombia,Americas,5562774,1668832,3893942,5.85,9151.04,9156.89,404736,223959,0.312,100,Stable
2024-02,2024,Q1,Harry Styles,Pop,Colombia,Americas,16221632,4866489,11355143,17.65,16900.43,16918.08,424364,188637,0.105,100,Stable
2024-02,2024,Q1,Sza,R&B,Colombia,Americas,9025239,2707571,6317668,9.62,15242.92,15252.54,690098,398612,0.145,100,Stable
2024-02,2024,Q1,J Balvin,Latin,Colombia,Americas,7610910,2283273,5327637,7.44,11589.91,11597.35,486611,292550,0.086,100,Rising
2024-02,2024,Q1,Peso Pluma,Latin,Colombia,Americas,14929072,4478721,10450351,14.56,20110.37,20124.93,979979,728630,0.094,100,Rising
2024-02,2024,Q1,Paramore,Rock,Colombia,Americas,5002174,1500652,3501522,4.51,4491.13,4495.64,290967,199103,0.206,100,Stable
2024-02,2024,Q1,Imagine Dragons,Rock,Colombia,Americas,5005969,1501790,3504179,4.5,5673.4,5677.9,270820,236452,0.347,100,Stable
2024-02,2024,Q1,Newjeans,K-Pop,Colombia,Americas,1372246,411673,960573,1.27,2571.2,2572.47,33323,39615,0.15,71,Stable
2024-02,2024,Q1,Billie Eilish,Pop,Colombia,Americas,317851,95355,222496,0.36,270.98,271.34,22726,9764,0.284,100,Declining
2024-02,2024,Q1,Giveon,R&B,Colombia,Americas,5379314,1613794,3765520,5.03,8204.09,8209.12,255871,102610,0.145,100,Rising
2024-02,2024,Q1,Burna Boy,Afrobeats,Nigeria,Africa,8677630,1561973,7115657,4.43,20112.3,20116.73,194421,326636,0.186,100,Rising
2024-02,2024,Q1,J Balvin,Latin,Nigeria,Africa,1895572,341202,1554370,1.09,3637.57,3638.66,94346,54530,0.204,67,Rising
2024-02,2024,Q1,Miley Cyrus,Pop,Nigeria,Africa,197296,35513,161783,0.11,361.61,361.72,14913,9814,0.124,98,Stable
2024-02,2024,Q1,Ed Sheeran,Pop,Nigeria,Africa,484783,87260,397523,0.24,602.05,602.29,25975,21312,0.274,100,Rising
2024-02,2024,Q1,Davido,Afrobeats,Nigeria,Africa,9135012,1644302,7490710,4.84,10669.95,10674.79,456980,354525,0.09,100,Rising
2024-02,2024,Q1,Billie Eilish,Pop,Nigeria,Africa,2716765,489017,2227748,1.26,5322.61,5323.87,153133,93599,0.21,100,Declining
2024-02,2024,Q1,Blackpink,K-Pop,Nigeria,Africa,382860,68914,313946,0.2,620.28,620.48,13929,10131,0.295,100,Rising
2024-02,2024,Q1,Imagine Dragons,Rock,Nigeria,Africa,1740960,313372,1427588,1.06,2843.38,2844.44,79080,20763,0.242,86,Stable
2024-02,2024,Q1,Harry Styles,Pop,Nigeria,Africa,357819,64407,293412,0.21,802.43,802.64,8432,8131,0.166,100,Stable
2024-02,2024,Q1,Coldplay,Rock,Nigeria,Africa,312679,56282,256397,0.16,374.48,374.64,16280,7449,0.1,53,Stable
2024-02,2024,Q1,Giveon,R&B,Nigeria,Africa,2204993,396898,1808095,1.03,3555.11,3556.14,130876,106815,0.087,100,Rising
2024-02,2024,Q1,Billie Eilish,Pop,South Africa,Africa,2559777,716737,1843040,3.26,2586.89,2590.15,95725,97268,0.346,100,Declining
2024-02,2024,Q1,J Balvin,Latin,South Africa,Africa,591144,165520,425624,0.65,659.58,660.23,18025,9658,0.289,65,Rising
2024-02,2024,Q1,Newjeans,K-Pop,South Africa,Africa,1368614,383211,985403,1.44,1500.01,1501.45,51690,33428,0.146,74,Stable
2024-02,2024,Q1,Rauw Alejandro,Latin,South Africa,Africa,974637,272898,701739,0.99,1005.07,1006.06,36161,14610,0.275,77,Stable
2024-02,2024,Q1,Ed Sheeran,Pop,South Africa,Africa,3153690,883033,2270657,3.26,2827.26,2830.52,175621,135740,0.281,100,Rising
2024-02,2024,Q1,Sza,R&B,South Africa,Africa,3562014,997363,2564651,3.55,3087.58,3091.13,275346,119536,0.299,100,Stable
2024-02,2024,Q1,Blackpink,K-Pop,South Africa,Africa,456315,127768,328547,0.51,524.69,525.2,32199,19708,0.186,100,Rising
2024-02,2024,Q1,Coldplay,Rock,South Africa,Africa,1085348,303897,781451,1.34,1478.89,1480.23,50447,39900,0.254,53,Stable
2024-02,2024,Q1,Travis Scott,Hip-Hop,South Africa,Africa,109648,30701,78947,0.14,150.28,150.42,3990,3904,0.139,100,Declining
2024-02,2024,Q1,Stray Kids,K-Pop,South Africa,Africa,770036,215610,554426,0.97,790.65,791.62,50013,13979,0.339,69,Declining
2024-02,2024,Q1,Disclosure,Electronic,Kenya,Africa,1921588,288238,1633350,0.62,3493.23,3493.85,125130,28097,0.326,100,Rising
2024-02,2024,Q1,Imagine Dragons,Rock,Kenya,Africa,130939,19640,111299,0.05,304.79,304.84,10233,6531,0.264,89,Stable
2024-02,2024,Q1,Travis Scott,Hip-Hop,Kenya,Africa,379829,56974,322855,0.14,585.4,585.54,28246,15232,0.086,100,Declining
2024-02,2024,Q1,Coldplay,Rock,Kenya,Africa,783804,117570,666234,0.26,1383.85,1384.11,57289,26163,0.294,53,Stable
2024-02,2024,Q1,Calvin Harris,Electronic,Kenya,Africa,384265,57639,326626,0.14,745.46,745.6,14442,12383,0.323,83,Rising
2024-02,2024,Q1,Aespa,K-Pop,Kenya,Africa,1384375,207656,1176719,0.57,2063.68,2064.25,97522,28902,0.312,91,Rising
2024-02,2024,Q1,21 Savage,Hip-Hop,Kenya,Africa,2172849,325927,1846922,0.76,4000.84,4001.6,124029,55881,0.333,88,Declining
2024-02,2024,Q1,Brent Faiyaz,R&B,Kenya,Africa,1681418,252212,1429206,0.64,1874.1,1874.74,111486,83863,0.208,100,Rising
2024-02,2024,Q1,Olivia Rodrigo,Pop,Kenya,Africa,2964254,444638,2519616,0.98,6671.08,6672.06,147960,70710,0.216,100,Rising
2024-02,2024,Q1,Lil Baby,Hip-Hop,Kenya,Africa,878667,131800,746867,0.33,2080.88,2081.21,46884,13613,0.185,100,Declining
2024-02,2024,Q1,Rauw Alejandro,Latin,Kenya,Africa,775468,116320,659148,0.25,699.48,699.73,15603,28963,0.203,62,Stable
2024-02,2024,Q1,Sza,R&B,Ghana,Africa,3380242,473233,2907009,1.12,4119.86,4120.98,156179,127099,0.164,100,Stable
2024-02,2024,Q1,Imagine Dragons,Rock,Ghana,Africa,2222511,311151,1911360,0.73,3373.63,3374.36,87356,97963,0.086,83,Stable
2024-02,2024,Q1,Billie Eilish,Pop,Ghana,Africa,1145045,160306,984739,0.33,1454.77,1455.1,63219,56333,0.343,88,Declining
2024-02,2024,Q1,Ariana Grande,Pop,Ghana,Africa,1962532,274754,1687778,0.56,3224.19,3224.75,46636,21812,0.093,100,Stable
2024-02,2024,Q1,Fred Again..,Electronic,Ghana,Africa,1252679,175375,1077304,0.4,2844.4,2844.8,35478,27596,0.337,48,Declining
2024-02,2024,Q1,Karol G,Latin,Ghana,Africa,2047094,286593,1760501,0.57,5103.8,5104.37,137427,49589,0.348,84,Rising
2024-02,2024,Q1,Rauw Alejandro,Latin,Ghana,Africa,382875,53602,329273,0.14,445.51,445.65,21820,4590,0.118,72,Stable
2024-02,2024,Q1,Rema,Afrobeats,Ghana,Africa,6720552,940877,5779675,2.15,13888.57,13890.72,287081,232455,0.234,100,Rising
2024-02,2024,Q1,Asake,Afrobeats,Ghana,Africa,6957037,973985,5983052,1.99,11829.3,11831.29,523210,277777,0.307,100,Rising
2024-02,2024,Q1,Travis Scott,Hip-Hop,Ghana,Africa,1255890,175824,1080066,0.43,1524.29,1524.72,89941,35554,0.084,100,Declining
2024-02,2024,Q1,Asake,Afrobeats,Japan,Asia,162412,97447,64965,1.02,74.34,75.36,4184,3458,0.173,83,Rising
2024-02,2024,Q1,Paramore,Rock,Japan,Asia,4542036,2725221,1816815,24.55,3196.55,3221.1,225092,50911,0.24,75,Stable
2024-02,2024,Q1,Disclosure,Electronic,Japan,Asia,2738482,1643089,1095393,14.83,2454.02,2468.85,158084,84662,0.312,100,Rising
2024-02,2024,Q1,Doja Cat,Pop,Japan,Asia,9274875,5564925,3709950,49.03,7782.0,7831.03,709167,344947,0.203,100,Stable
2024-02,2024,Q1,Wizkid,Afrobeats,Japan,Asia,7936165,4761699,3174466,42.39,7654.26,7696.65,348874,80639,0.333,100,Rising
2024-02,2024,Q1,Drake,Hip-Hop,Japan,Asia,156067,93640,62427,0.9,151.31,152.21,3495,4658,0.313,68,Stable
2024-02,2024,Q1,Brent Faiyaz,R&B,Japan,Asia,3259656,1955793,1303863,20.62,3675.15,3695.77,125712,57055,0.117,73,Rising
2024-02,2024,Q1,Calvin Harris,Electronic,Japan,Asia,1758629,1055177,703452,10.95,1666.54,1677.49,111186,20936,0.233,100,Rising
2024-02,2024,Q1,Peso Pluma,Latin,Japan,Asia,163017,97810,65207,1.05,122.6,123.65,4515,2745,0.11,95,Rising
2024-02,2024,Q1,Miley Cyrus,Pop,Japan,Asia,253778,152266,101512,1.25,131.89,133.14,9340,10619,0.31,100,Stable
2024-02,2024,Q1,Dua Lipa,Pop,South Korea,Asia,4689445,2579194,2110251,18.23,2538.21,2556.44,101070,191404,0.267,100,Rising
2024-02,2024,Q1,Post Malone,Hip-Hop,South Korea,Asia,1924177,1058297,865880,8.84,1174.15,1182.99,132733,77000,0.231,66,Declining
2024-02,2024,Q1,Travis Scott,Hip-Hop,South Korea,Asia,1560794,858436,702358,6.76,2100.85,2107.61,112115,44099,0.193,73,Declining
2024-02,2024,Q1,Sza,R&B,South Korea,Asia,320205,176112,144093,1.2,221.52,222.72,19305,11824,0.256,89,Stable
2024-02,2024,Q1,Rema,Afrobeats,South Korea,Asia,1973551,1085453,888098,7.77,2076.21,2083.98,78075,22591,0.113,100,Rising
2024-02,2024,Q1,Miley Cyrus,Pop,South Korea,Asia,2060254,1133139,927115,10.4,2122.6,2133.0,75382,28057,0.178,100,Stable
2024-02,2024,Q1,Billie Eilish,Pop,South Korea,Asia,2858315,1572073,1286242,12.61,3512.17,3524.78,141895,81448,0.164,100,Declining
2024-02,2024,Q1,Ariana Grande,Pop,South Korea,Asia,5398360,2969098,2429262,26.97,3152.66,3179.63,292756,253355,0.128,100,Stable
2024-02,2024,Q1,Harry Styles,Pop,South Korea,Asia,7008218,3854519,3153699,33.96,6070.56,6104.52,515421,271547,0.126,100,Stable
2024-02,2024,Q1,21 Savage,Hip-Hop,South Korea,Asia,2317454,1274599,1042855,9.42,1924.23,1933.65,68788,105836,0.099,51,Declining
2024-02,2024,Q1,Fred Again..,Electronic,South Korea,Asia,3909391,2150165,1759226,19.64,2443.36,2463.0,196497,156899,0.197,63,Declining
2024-02,2024,Q1,Taylor Swift,Pop,India,Asia,8076582,1776848,6299734,3.64,18888.45,18892.09,407222,298229,0.099,100,Stable
2024-02,2024,Q1,Davido,Afrobeats,India,Asia,3842239,845292,2996947,1.79,6356.58,6358.37,253538,128102,0.22,100,Rising
2024-02,2024,Q1,Frank Ocean,R&B,India,Asia,1355850,298287,1057563,0.58,1469.84,1470.42,57705,40495,0.177,92,Rising
2024-02,2024,Q1,Ariana Grande,Pop,India,Asia,6977251,1534995,5442256,3.01,8783.34,8786.35,215327,160801,0.151,100,Stable
2024-02,2024,Q1,Wizkid,Afrobeats,India,Asia,6495311,1428968,5066343,3.03,11351.71,11354.74,263727,193899,0.225,100,Rising
2024-02,2024,Q1,Peso Pluma,Latin,India,Asia,1404594,309010,1095584,0.69,3035.51,3036.2,92109,36572,0.18,100,Rising
2024-02,2024,Q1,Blackpink,K-Pop,India,Asia,1652848,363626,1289222,0.72,1905.39,1906.11,57899,37699,0.274,100,Rising
2024-02,2024,Q1,Doja Cat,Pop,India,Asia,7469573,1643306,5826267,2.87,15996.67,15999.54,167562,330958,0.087,100,Stable
2024-02,2024,Q1,Giveon,R&B,India,Asia,1396779,307291,1089488,0.7,1341.63,1342.33,72055,18278,0.122,100,Rising
2024-02,2024,Q1,Nicki Minaj,Hip-Hop,India,Asia,3716883,817714,2899169,1.73,6077.53,6079.26,93677,83010,0.118,89,Stable
2024-02,2024,Q1,Nicki Minaj,Hip-Hop,Indonesia,Asia,5686745,1137349,4549396,3.21,13184.05,13187.26,370606,114600,0.113,100,Stable
2024-02,2024,Q1,Brent Faiyaz,R&B,Indonesia,Asia,775658,155131,620527,0.4,629.49,629.89,61353,14904,0.144,75,Rising
2024-02,2024,Q1,Arctic Monkeys,Rock,Indonesia,Asia,7281764,1456352,5825412,3.73,12897.13,12900.86,354466,350470,0.109,100,Rising
2024-02,2024,Q1,Aespa,K-Pop,Indonesia,Asia,24181605,4836321,19345284,12.83,40219.02,40231.85,1809738,690807,0.304,100,Rising
2024-02,2024,Q1,J. Cole,Hip-Hop,Indonesia,Asia,1546097,309219,1236878,0.78,2846.95,2847.73,91569,31223,0.147,76,Stable
2024-02,2024,Q1,Coldplay,Rock,Indonesia,Asia,972894,194578,778316,0.54,1530.37,1530.91,42819,38953,0.234,56,Stable
2024-02,2024,Q1,Blackpink,K-Pop,Indonesia,Asia,27703026,5540605,22162421,14.17,37829.91,37844.08,1123646,902585,0.329,100,Rising
2024-02,2024,Q1,Calvin Harris,Electronic,Indonesia,Asia,7068982,1413796,5655186,3.14,10820.01,10823.15,549118,249807,0.254,100,Rising
2024-02,2024,Q1,Miley Cyrus,Pop,Indonesia,Asia,3608715,721743,2886972,1.97,8648.67,8650.64,168969,90003,0.244,100,Stable
2024-02,2024,Q1,Doja Cat,Pop,Indonesia,Asia,1314036,262807,1051229,0.62,2779.29,2779.91,101832,58552,0.264,100,Stable
2024-02,2024,Q1,Bad Bunny,Latin,Indonesia,Asia,4538259,907651,3630608,2.52,4776.95,4779.47,285539,95776,0.106,91,Stable
2024-02,2024,Q1,Frank Ocean,R&B,Indonesia,Asia,5080059,1016011,4064048,2.59,7140.82,7143.41,283751,202023,0.168,85,Rising
2024-02,2024,Q1,J. Cole,Hip-Hop,Argentina,Latam,2590143,828845,1761298,2.34,2389.86,2392.2,163929,87117,0.337,100,Stable
2024-02,2024,Q1,Drake,Hip-Hop,Argentina,Latam,2896066,926741,1969325,3.43,5421.55,5424.98,226140,103501,0.298,100,Stable
2024-02,2024,Q1,Harry Styles,Pop,Argentina,Latam,2015744,645038,1370706,2.3,3380.92,3383.22,148428,95041,0.2,100,Stable
2024-02,2024,Q1,Burna Boy,Afrobeats,Argentina,Latam,822353,263152,559201,0.92,1280.93,1281.85,43778,24214,0.193,56,Rising
2024-02,2024,Q1,Travis Scott,Hip-Hop,Argentina,Latam,2491599,797311,1694288,2.33,2578.21,2580.54,155028,43190,0.139,100,Declining
2024-02,2024,Q1,Calvin Harris,Electronic,Argentina,Latam,1885881,603481,1282400,2.15,2714.34,2716.49,43305,57846,0.135,82,Rising
2024-02,2024,Q1,Lil Baby,Hip-Hop,Argentina,Latam,1276800,408576,868224,1.17,1869.87,1871.04,29041,46505,0.277,85,Declining
2024-02,2024,Q1,H.E.R.,R&B,Argentina,Latam,2794219,894150,1900069,3.13,5040.0,5043.13,89361,31806,0.31,87,Rising
2024-02,2024,Q1,Disclosure,Electronic,Chile,Latam,522187,177543,344644,0.55,826.56,827.11,32653,26030,0.268,80,Rising
2024-02,2024,Q1,Taylor Swift,Pop,Chile,Latam,2883255,980306,1902949,3.08,5236.54,5239.62,218938,74964,0.163,100,Stable
2024-02,2024,Q1,Olivia Rodrigo,Pop,Chile,Latam,822243,279562,542681,1.09,670.23,671.32,39929,30461,0.322,100,Rising
2024-02,2024,Q1,Bad Bunny,Latin,Chile,Latam,5437754,1848836,3588918,5.58,7031.38,7036.96,258388,86146,0.187,100,Stable
2024-02,2024,Q1,Fred Again..,Electronic,Chile,Latam,266713,90682,176031,0.27,268.42,268.69,7041,12699,0.146,44,Declining
2024-02,2024,Q1,Lil Baby,Hip-Hop,Chile,Latam,828126,281562,546564,1.06,1269.69,1270.75,51013,38096,0.264,82,Declining
2024-02,2024,Q1,Rema,Afrobeats,Chile,Latam,1311016,445745,865271,1.56,1378.91,1380.47,42750,50704,0.107,41,Rising
2024-02,2024,Q1,The Weeknd,R&B/Pop,Chile,Latam,2358704,801959,1556745,2.88,4253.71,4256.59,110651,82654,0.299,100,Rising
2024-02,2024,Q1,Doja Cat,Pop,Chile,Latam,2314022,786767,1527255,2.86,2191.94,2194.8,182044,30191,0.216,100,Stable
2024-02,2024,Q1,Burna Boy,Afrobeats,Chile,Latam,1597238,543060,1054178,2.03,1949.79,1951.82,101407,39020,0.112,55,Rising
2024-02,2024,Q1,Frank Ocean,R&B,Chile,Latam,3271315,1112247,2159068,3.38,2873.47,2876.85,240684,111593,0.13,97,Rising
2024-03,2024,Q1,Bad Bunny,Latin,Netherlands,Europe,4132896,2810369,1322527,25.73,3647.87,3673.6,155331,182216,0.277,85,Stable
2024-03,2024,Q1,Newjeans,K-Pop,Netherlands,Europe,1878226,1277193,601033,12.6,983.57,996.17,106553,23557,0.298,67,Stable
2024-03,2024,Q1,H.E.R.,R&B,Netherlands,Europe,5671094,3856343,1814751,34.03,3574.1,3608.13,127397,59322,0.247,95,Rising
2024-03,2024,Q1,The Weeknd,R&B/Pop,Netherlands,Europe,3256094,2214143,1041951,19.89,1517.36,1537.25,90582,93813,0.328,100,Rising
2024-03,2024,Q1,Tyla,Afrobeats,Netherlands,Europe,3106793,2112619,994174,23.37,2405.16,2428.53,116283,79559,0.266,100,Rising
2024-03,2024,Q1,Stray Kids,K-Pop,Netherlands,Europe,2287120,1555241,731879,17.82,1826.31,1844.13,156063,78009,0.193,68,Declining
2024-03,2024,Q1,Paramore,Rock,Netherlands,Europe,7205735,4899899,2305836,51.2,5744.92,5796.12,444441,198443,0.328,100,Stable
2024-03,2024,Q1,Arctic Monkeys,Rock,Netherlands,Europe,14430773,9812925,4617848,111.81,13304.93,13416.74,1113621,271858,0.277,100,Rising
2024-03,2024,Q1,Billie Eilish,Pop,Netherlands,Europe,3688096,2507905,1180191,27.24,3144.88,3172.12,291049,156375,0.153,100,Declining
2024-03,2024,Q1,Travis Scott,Hip-Hop,United Kingdom,Europe,5163676,3356389,1807287,35.23,2211.03,2246.26,145382,126590,0.15,100,Declining
2024-03,2024,Q1,Newjeans,K-Pop,United Kingdom,Europe,2026529,1317243,709286,14.88,1873.45,1888.33,44190,48608,0.171,60,Stable
2024-03,2024,Q1,Bts,K-Pop,United Kingdom,Europe,3723619,2420352,1303267,23.61,1526.87,1550.48,176391,112661,0.246,74,Stable
2024-03,2024,Q1,Coldplay,Rock,United Kingdom,Europe,3323388,2160202,1163186,19.57,2928.41,2947.98,199815,76547,0.092,91,Stable
2024-03,2024,Q1,Doja Cat,Pop,United Kingdom,Europe,4974058,3233137,1740921,35.73,3485.08,3520.81,117135,88372,0.139,100,Stable
2024-03,2024,Q1,Dua Lipa,Pop,United Kingdom,Europe,6958070,4522745,2435325,41.59,7182.59,7224.18,240737,315194,0.127,100,Rising
2024-03,2024,Q1,21 Savage,Hip-Hop,United Kingdom,Europe,1981228,1287798,693430,13.93,1730.93,1744.86,66923,70638,0.096,74,Declining
2024-03,2024,Q1,Aespa,K-Pop,United Kingdom,Europe,2761336,1794868,966468,16.6,2546.36,2562.96,70468,105459,0.224,94,Rising
2024-03,2024,Q1,Wizkid,Afrobeats,United Kingdom,Europe,2302733,1496776,805957,14.71,1002.45,1017.16,51692,94669,0.169,100,Rising
2024-03,2024,Q1,Stray Kids,K-Pop,Germany,Europe,156099,109269,46830,0.97,140.0,140.97,7568,5811,0.325,58,Declining
2024-03,2024,Q1,J Balvin,Latin,Germany,Europe,2412666,1688866,723800,19.06,1365.21,1384.27,99219,71489,0.323,100,Rising
2024-03,2024,Q1,Drake,Hip-Hop,Germany,Europe,1779779,1245845,533934,13.79,1049.26,1063.05,59651,88449,0.258,99,Stable
2024-03,2024,Q1,Doja Cat,Pop,Germany,Europe,2241087,1568760,672327,14.63,982.01,996.64,145530,48815,0.271,100,Stable
2024-03,2024,Q1,Asake,Afrobeats,Germany,Europe,1668359,1167851,500508,10.31,1248.46,1258.77,80099,21231,0.257,78,Rising
2024-03,2024,Q1,Sza,R&B,Germany,Europe,2694359,1886051,808308,16.79,1358.56,1375.35,112678,27302,0.308,94,Stable
2024-03,2024,Q1,Fred Again..,Electronic,Germany,Europe,5261746,3683222,1578524,37.21,3386.21,3423.42,419078,84717,0.257,100,Declining
2024-03,2024,Q1,Martin Garrix,Electronic,Germany,Europe,5299425,3709597,1589828,33.76,4164.07,4197.83,250807,255608,0.224,100,Rising
2024-03,2024,Q1,Wizkid,Afrobeats,Germany,Europe,5679284,3975498,1703786,37.06,3583.32,3620.38,337781,190953,0.338,100,Rising
2024-03,2024,Q1,21 Savage,Hip-Hop,Germany,Europe,3738131,2616691,1121440,28.87,3294.19,3323.06,152449,48307,0.159,75,Declining
2024-03,2024,Q1,Lil Baby,Hip-Hop,Sweden,Europe,1146305,825339,320966,7.62,452.69,460.31,35070,22349,0.143,67,Declining
2024-03,2024,Q1,Harry Styles,Pop,Sweden,Europe,4744846,3416289,1328557,35.67,2405.12,2440.79,263990,79262,0.109,100,Stable
2024-03,2024,Q1,Martin Garrix,Electronic,Sweden,Europe,15743330,11335197,4408133,113.37,10095.63,10209.0,805026,310380,0.287,100,Rising
2024-03,2024,Q1,J. Cole,Hip-Hop,Sweden,Europe,2305396,1659885,645511,17.8,987.44,1005.24,125828,62338,0.181,95,Stable
2024-03,2024,Q1,Bad Bunny,Latin,Sweden,Europe,3158362,2274020,884342,24.36,1006.78,1031.14,238328,32277,0.319,88,Stable
2024-03,2024,Q1,Doja Cat,Pop,Sweden,Europe,3654398,2631166,1023232,30.53,1698.43,1728.96,252169,181897,0.307,100,Stable
2024-03,2024,Q1,Coldplay,Rock,Sweden,Europe,5538470,3987698,1550772,45.43,2025.61,2071.04,322826,226781,0.286,100,Stable
2024-03,2024,Q1,Brent Faiyaz,R&B,Sweden,Europe,597491,430193,167298,4.25,173.42,177.67,47729,22306,0.195,76,Rising
2024-03,2024,Q1,Post Malone,Hip-Hop,Sweden,Europe,5346371,3849387,1496984,36.2,2180.96,2217.16,270201,222659,0.099,100,Declining
2024-03,2024,Q1,Miley Cyrus,Pop,Sweden,Europe,4026743,2899254,1127489,33.84,2329.99,2363.83,188005,118873,0.291,100,Stable
2024-03,2024,Q1,Davido,Afrobeats,Sweden,Europe,3694785,2660245,1034540,29.11,2217.24,2246.35,256837,110883,0.153,100,Rising
2024-03,2024,Q1,J Balvin,Latin,Sweden,Europe,4651856,3349336,1302520,39.5,3789.51,3829.01,284263,94577,0.293,100,Rising
2024-03,2024,Q1,Billie Eilish,Pop,France,Europe,3974913,2464446,1510467,24.28,2025.76,2050.04,132570,73265,0.166,100,Declining
2024-03,2024,Q1,Giveon,R&B,France,Europe,7210103,4470263,2739840,43.54,2827.83,2871.37,189574,330589,0.306,100,Rising
2024-03,2024,Q1,Bad Bunny,Latin,France,Europe,1555324,964300,591024,8.5,1306.88,1315.38,108393,71552,0.158,78,Stable
2024-03,2024,Q1,Aespa,K-Pop,France,Europe,3112853,1929968,1182885,17.98,2320.65,2338.63,235748,124790,0.094,74,Rising
2024-03,2024,Q1,Sza,R&B,France,Europe,2965429,1838565,1126864,19.58,1480.28,1499.86,214468,121383,0.321,92,Stable
2024-03,2024,Q1,Calvin Harris,Electronic,France,Europe,6743524,4180984,2562540,37.17,4487.29,4524.46,517464,72830,0.2,100,Rising
2024-03,2024,Q1,Martin Garrix,Electronic,France,Europe,7477392,4635983,2841409,47.19,8489.47,8536.66,180438,334147,0.195,100,Rising
2024-03,2024,Q1,Post Malone,Hip-Hop,France,Europe,1979350,1227197,752153,13.58,1572.73,1586.31,152092,74759,0.207,99,Declining
2024-03,2024,Q1,Karol G,Latin,France,Europe,5205999,3227719,1978280,36.74,4670.73,4707.47,344954,226103,0.258,100,Rising
2024-03,2024,Q1,Imagine Dragons,Rock,Ireland,Europe,8405490,5379513,3025977,59.23,7238.73,7297.96,397981,93941,0.152,100,Stable
2024-03,2024,Q1,Miley Cyrus,Pop,Ireland,Europe,2711662,1735463,976199,17.3,1661.35,1678.65,183903,32591,0.339,100,Stable
2024-03,2024,Q1,Rauw Alejandro,Latin,Ireland,Europe,2856811,1828359,1028452,16.62,2636.06,2652.68,138566,141927,0.087,89,Stable
2024-03,2024,Q1,Wizkid,Afrobeats,Ireland,Europe,4504789,2883064,1621725,29.51,4774.23,4803.74,202350,120194,0.326,100,Rising
2024-03,2024,Q1,Paramore,Rock,Ireland,Europe,2261334,1447253,814081,12.43,1598.02,1610.45,151848,57368,0.31,100,Stable
2024-03,2024,Q1,Davido,Afrobeats,Ireland,Europe,434398,278014,156384,2.52,358.76,361.28,27564,17147,0.181,100,Rising
2024-03,2024,Q1,Peso Pluma,Latin,Ireland,Europe,1099818,703883,395935,7.62,854.71,862.33,54968,49561,0.112,100,Rising
2024-03,2024,Q1,Arctic Monkeys,Rock,Ireland,Europe,12755489,8163512,4591977,86.15,10270.68,10356.83,578130,615485,0.2,100,Rising
2024-03,2024,Q1,Ed Sheeran,Pop,Ireland,Europe,14965753,9578081,5387672,102.59,11944.65,12047.24,439550,252511,0.117,100,Rising
2024-03,2024,Q1,Disclosure,Electronic,Spain,Europe,8747362,4811049,3936313,52.19,10273.41,10325.6,428415,223641,0.146,100,Rising
2024-03,2024,Q1,Ed Sheeran,Pop,Spain,Europe,12609609,6935284,5674325,65.04,12753.96,12819.0,848753,628608,0.106,100,Rising
2024-03,2024,Q1,Twenty One Pilots,Rock,Spain,Europe,3166567,1741611,1424956,16.73,4178.52,4195.25,81193,97999,0.217,100,Stable
2024-03,2024,Q1,Arctic Monkeys,Rock,Spain,Europe,3089672,1699319,1390353,15.32,3800.51,3815.83,110356,61542,0.326,100,Rising
2024-03,2024,Q1,Sza,R&B,Spain,Europe,3220000,1771000,1449000,18.25,3717.83,3736.08,80092,124132,0.125,85,Stable
2024-03,2024,Q1,Travis Scott,Hip-Hop,Spain,Europe,4411808,2426494,1985314,27.67,2961.43,2989.1,307159,183310,0.205,100,Declining
2024-03,2024,Q1,Giveon,R&B,Spain,Europe,2694335,1481884,1212451,13.63,3628.45,3642.08,148594,43064,0.26,100,Rising
2024-03,2024,Q1,Wizkid,Afrobeats,Spain,Europe,3919150,2155532,1763618,24.16,3223.68,3247.84,180418,144982,0.136,100,Rising
2024-03,2024,Q1,Aespa,K-Pop,Spain,Europe,1017069,559387,457682,4.96,1165.68,1170.64,55833,29255,0.235,81,Rising
2024-03,2024,Q1,Rauw Alejandro,Latin,Italy,Europe,3211633,1670049,1541584,16.72,2165.86,2182.58,88571,140515,0.289,92,Stable
2024-03,2024,Q1,Miley Cyrus,Pop,Italy,Europe,4498390,2339162,2159228,26.77,5208.69,5235.46,349221,160465,0.298,100,Stable
2024-03,2024,Q1,Disclosure,Electronic,Italy,Europe,10274913,5342954,4931959,56.77,14686.61,14743.38,511063,320453,0.094,100,Rising
2024-03,2024,Q1,Imagine Dragons,Rock,Italy,Europe,7498174,3899050,3599124,42.15,5547.61,5589.76,515190,179315,0.164,100,Stable
2024-03,2024,Q1,Drake,Hip-Hop,Italy,Europe,492456,256077,236379,2.59,532.06,534.65,34291,9909,0.096,90,Stable
2024-03,2024,Q1,Tyla,Afrobeats,Italy,Europe,3387425,1761461,1625964,19.69,2681.97,2701.66,171724,132924,0.137,100,Rising
2024-03,2024,Q1,Olivia Rodrigo,Pop,Italy,Europe,2002587,1041345,961242,11.52,1804.81,1816.33,42337,38977,0.245,100,Rising
2024-03,2024,Q1,Coldplay,Rock,Italy,Europe,1709507,888943,820564,9.61,2013.76,2023.37,126208,68574,0.249,99,Stable
2024-03,2024,Q1,Arctic Monkeys,Rock,Italy,Europe,2129976,1107587,1022389,11.49,1156.62,1168.11,146736,92187,0.319,100,Rising
2024-03,2024,Q1,Kendrick Lamar,Hip-Hop,United States,Americas,3610722,2094218,1516504,20.9,2200.66,2221.56,85795,58403,0.319,100,Rising
2024-03,2024,Q1,Tyla,Afrobeats,United States,Americas,7711084,4472428,3238656,50.91,6147.48,6198.39,248002,258846,0.233,100,Rising
2024-03,2024,Q1,Miley Cyrus,Pop,United States,Americas,4127813,2394131,1733682,25.8,2630.89,2656.69,211283,156959,0.147,100,Stable
2024-03,2024,Q1,Doja Cat,Pop,United States,Americas,6707623,3890421,2817202,49.09,3725.37,3774.46,143641,125921,0.239,100,Stable
2024-03,2024,Q1,Giveon,R&B,United States,Americas,12643206,7333059,5310147,76.19,8796.4,8872.59,661657,267357,0.111,100,Rising
2024-03,2024,Q1,Karol G,Latin,United States,Americas,625374,362716,262658,3.88,270.89,274.77,38369,27002,0.103,100,Rising
2024-03,2024,Q1,Fred Again..,Electronic,United States,Americas,3053196,1770853,1282343,20.3,2848.42,2868.72,132003,33968,0.323,54,Declining
2024-03,2024,Q1,Wizkid,Afrobeats,United States,Americas,270990,157174,113816,1.76,169.97,171.73,19097,4262,0.197,100,Rising
2024-03,2024,Q1,Brent Faiyaz,R&B,Brazil,Americas,12328451,4684811,7643640,22.62,16104.36,16126.98,896584,496655,0.267,100,Rising
2024-03,2024,Q1,Martin Garrix,Electronic,Brazil,Americas,6170214,2344681,3825533,13.12,3982.56,3995.68,367599,132876,0.155,100,Rising
2024-03,2024,Q1,Lil Baby,Hip-Hop,Brazil,Americas,2805376,1066042,1739334,4.63,2076.25,2080.88,81122,128926,0.195,100,Declining
2024-03,2024,Q1,Miley Cyrus,Pop,Brazil,Americas,1204227,457606,746621,2.14,1151.76,1153.9,64551,32173,0.217,100,Stable
2024-03,2024,Q1,Travis Scott,Hip-Hop,Brazil,Americas,11594540,4405925,7188615,20.2,13909.54,13929.74,629673,567429,0.32,100,Declining
2024-03,2024,Q1,The Weeknd,R&B/Pop,Brazil,Americas,326339,124008,202331,0.58,404.1,404.68,15117,9447,0.246,100,Rising
2024-03,2024,Q1,Ed Sheeran,Pop,Brazil,Americas,7771794,2953281,4818513,15.33,5403.13,5418.46,603581,293173,0.121,100,Rising
2024-03,2024,Q1,Kendrick Lamar,Hip-Hop,Brazil,Americas,4734093,1798955,2935138,7.93,4901.31,4909.24,339086,134675,0.238,100,Rising
2024-03,2024,Q1,Doja Cat,Pop,Brazil,Americas,9984578,3794139,6190439,21.31,11463.41,11484.72,723074,266693,0.223,100,Stable
2024-03,2024,Q1,H.E.R.,R&B,Brazil,Americas,10496496,3988668,6507828,19.85,7446.79,7466.64,739391,320386,0.116,100,Rising
2024-03,2024,Q1,Imagine Dragons,Rock,Brazil,Americas,6012123,2284606,3727517,11.88,10584.08,10595.96,448946,75370,0.338,100,Stable
2024-03,2024,Q1,Post Malone,Hip-Hop,Mexico,Americas,4654652,1629128,3025524,6.56,7341.52,7348.08,338638,161424,0.195,100,Declining
2024-03,2024,Q1,Paramore,Rock,Mexico,Americas,4398180,1539363,2858817,5.36,6214.64,6220.0,293108,79485,0.096,100,Stable
2024-03,2024,Q1,Brent Faiyaz,R&B,Mexico,Americas,8550429,2992650,5557779,13.54,16239.25,16252.79,588421,386970,0.267,100,Rising
2024-03,2024,Q1,H.E.R.,R&B,Mexico,Americas,2949903,1032466,1917437,4.48,2648.99,2653.47,207722,101684,0.302,100,Rising
2024-03,2024,Q1,Sza,R&B,Mexico,Americas,988648,346026,642622,1.27,957.11,958.38,57971,41090,0.237,100,Stable
2024-03,2024,Q1,Doja Cat,Pop,Mexico,Americas,9068342,3173919,5894423,11.7,13027.93,13039.63,407142,240840,0.129,100,Stable
2024-03,2024,Q1,Asake,Afrobeats,Mexico,Americas,3081436,1078502,2002934,3.73,4077.78,4081.51,69422,82091,0.085,74,Rising
2024-03,2024,Q1,Billie Eilish,Pop,Mexico,Americas,6224723,2178653,4046070,9.28,4621.8,4631.08,386766,132251,0.233,100,Declining
2024-03,2024,Q1,Blackpink,K-Pop,Mexico,Americas,7497868,2624253,4873615,10.92,7950.3,7961.22,364286,325708,0.117,100,Rising
2024-03,2024,Q1,Ed Sheeran,Pop,Mexico,Americas,13362221,4676777,8685444,19.56,23938.28,23957.84,315005,327296,0.246,100,Rising
2024-03,2024,Q1,Newjeans,K-Pop,Mexico,Americas,2828542,989989,1838553,3.78,2149.25,2153.03,162911,56576,0.269,68,Stable
2024-03,2024,Q1,Calvin Harris,Electronic,Mexico,Americas,4588576,1606001,2982575,6.45,6063.6,6070.05,121783,136534,0.121,83,Rising
2024-03,2024,Q1,Kendrick Lamar,Hip-Hop,Colombia,Americas,13151720,3945516,9206204,15.14,13603.53,13618.67,763467,634679,0.235,100,Rising
2024-03,2024,Q1,Bad Bunny,Latin,Colombia,Americas,8896257,2668877,6227380,10.29,7804.37,7814.66,490063,229139,0.198,100,Stable
2024-03,2024,Q1,Stray Kids,K-Pop,Colombia,Americas,3393210,1017963,2375247,3.84,4742.19,4746.03,172342,93114,0.148,70,Declining
2024-03,2024,Q1,Blackpink,K-Pop,Colombia,Americas,8334594,2500378,5834216,9.25,11207.81,11217.06,303922,178361,0.277,100,Rising
2024-03,2024,Q1,Ed Sheeran,Pop,Colombia,Americas,7622857,2286857,5336000,7.98,7525.97,7533.95,304837,114288,0.23,100,Rising
2024-03,2024,Q1,Drake,Hip-Hop,Colombia,Americas,9294243,2788272,6505971,10.5,7892.1,7902.6,337233,383942,0.094,100,Stable
2024-03,2024,Q1,Travis Scott,Hip-Hop,Colombia,Americas,9621228,2886368,6734860,10.22,17526.88,17537.1,538582,257918,0.114,100,Declining
2024-03,2024,Q1,Post Malone,Hip-Hop,Colombia,Americas,6061392,1818417,4242975,6.51,10985.33,10991.84,439774,164527,0.181,100,Declining
2024-03,2024,Q1,Dua Lipa,Pop,Colombia,Americas,10328775,3098632,7230143,11.87,7720.58,7732.45,471086,259291,0.345,100,Rising
2024-03,2024,Q1,Karol G,Latin,Colombia,Americas,617036,185110,431926,0.72,628.36,629.08,14195,24223,0.265,100,Rising
2024-03,2024,Q1,Lil Baby,Hip-Hop,Nigeria,Africa,786465,141563,644902,0.37,1302.91,1303.28,42345,8572,0.191,95,Declining
2024-03,2024,Q1,Karol G,Latin,Nigeria,Africa,951442,171259,780183,0.57,1802.27,1802.84,19989,46302,0.24,82,Rising
2024-03,2024,Q1,Post Malone,Hip-Hop,Nigeria,Africa,671973,120955,551018,0.36,669.25,669.61,52233,8829,0.126,100,Declining
2024-03,2024,Q1,Fred Again..,Electronic,Nigeria,Africa,1025799,184643,841156,0.6,1882.67,1883.27,55444,30354,0.135,45,Declining
2024-03,2024,Q1,Travis Scott,Hip-Hop,Nigeria,Africa,1471519,264873,1206646,0.71,3003.27,3003.98,82071,20151,0.24,100,Declining
2024-03,2024,Q1,Nicki Minaj,Hip-Hop,Nigeria,Africa,1866119,335901,1530218,1.05,3646.05,3647.1,85467,24209,0.345,100,Stable
2024-03,2024,Q1,Olivia Rodrigo,Pop,Nigeria,Africa,2090669,376320,1714349,1.05,3634.03,3635.08,93679,101043,0.309,100,Rising
2024-03,2024,Q1,Kendrick Lamar,Hip-Hop,Nigeria,Africa,1583450,285021,1298429,0.96,1841.09,1842.05,45771,49730,0.093,100,Rising
2024-03,2024,Q1,Calvin Harris,Electronic,South Africa,Africa,412034,115369,296665,0.43,833.91,834.34,14929,14628,0.335,81,Rising
2024-03,2024,Q1,Stray Kids,K-Pop,South Africa,Africa,115831,32432,83399,0.13,175.91,176.04,4542,4140,0.255,65,Declining
2024-03,2024,Q1,Frank Ocean,R&B,South Africa,Africa,839372,235024,604348,0.93,1083.61,1084.54,45886,11971,0.163,100,Rising
2024-03,2024,Q1,Tyla,Afrobeats,South Africa,Africa,6915584,1936363,4979221,8.51,5603.36,5611.87,457550,92327,0.206,100,Rising
2024-03,2024,Q1,Bts,K-Pop,South Africa,Africa,264264,73993,190271,0.28,274.92,275.2,14379,12094,0.21,74,Stable
2024-03,2024,Q1,21 Savage,Hip-Hop,South Africa,Africa,2030975,568673,1462302,2.26,3340.1,3342.36,81062,80406,0.27,83,Declining
2024-03,2024,Q1,Rauw Alejandro,Latin,South Africa,Africa,615226,172263,442963,0.6,1268.0,1268.6,46142,7190,0.134,71,Stable
2024-03,2024,Q1,J Balvin,Latin,South Africa,Africa,1934191,541573,1392618,2.02,1485.75,1487.77,93563,26456,0.146,81,Rising
2024-03,2024,Q1,Dua Lipa,Pop,South Africa,Africa,1610118,450833,1159285,1.84,2546.91,2548.75,55902,19892,0.275,100,Rising
2024-03,2024,Q1,Paramore,Rock,South Africa,Africa,290603,81368,209235,0.35,234.75,235.1,8493,8276,0.329,70,Stable
2024-03,2024,Q1,Bad Bunny,Latin,South Africa,Africa,1333514,373383,960131,1.54,1349.28,1350.82,57346,35349,0.201,61,Stable
2024-03,2024,Q1,J Balvin,Latin,Kenya,Africa,411726,61758,349968,0.14,469.63,469.77,21004,19460,0.185,84,Rising
2024-03,2024,Q1,Calvin Harris,Electronic,Kenya,Africa,1221080,183162,1037918,0.47,1251.37,1251.84,31072,35651,0.323,91,Rising
2024-03,2024,Q1,Imagine Dragons,Rock,Kenya,Africa,1645387,246808,1398579,0.65,3082.65,3083.3,36737,67430,0.116,98,Stable
2024-03,2024,Q1,Paramore,Rock,Kenya,Africa,1466022,219903,1246119,0.61,2180.67,2181.28,112100,61883,0.31,71,Stable
2024-03,2024,Q1,Arctic Monkeys,Rock,Kenya,Africa,2693163,403974,2289189,0.93,5208.95,5209.88,162596,105607,0.084,100,Rising
2024-03,2024,Q1,Aespa,K-Pop,Kenya,Africa,2272859,340928,1931931,0.9,5594.96,5595.86,135684,82257,0.082,95,Rising
2024-03,2024,Q1,Disclosure,Electronic,Kenya,Africa,1085453,162817,922636,0.36,1122.17,1122.53,77734,16053,0.104,93,Rising
2024-03,2024,Q1,Dua Lipa,Pop,Kenya,Africa,1711667,256750,1454917,0.72,3297.72,3298.44,112730,62896,0.182,100,Rising
2024-03,2024,Q1,Fred Again..,Electronic,Kenya,Africa,619943,92991,526952,0.23,561.67,561.9,45679,10612,0.16,43,Declining
2024-03,2024,Q1,The Weeknd,R&B/Pop,Kenya,Africa,663127,99469,563658,0.25,852.95,853.2,48690,9629,0.085,100,Rising
2024-03,2024,Q1,Bts,K-Pop,Ghana,Africa,912134,127698,784436,0.3,1488.25,1488.55,29416,13944,0.213,72,Stable
2024-03,2024,Q1,Dua Lipa,Pop,Ghana,Africa,2777124,388797,2388327,0.94,4378.39,4379.33,141132,106899,0.246,100,Rising
2024-03,2024,Q1,21 Savage,Hip-Hop,Ghana,Africa,503467,70485,432982,0.14,1086.76,1086.9,30885,12983,0.183,89,Declining
2024-03,2024,Q1,Aespa,K-Pop,Ghana,Africa,2281366,319391,1961975,0.64,3445.48,3446.12,169308,64094,0.168,100,Rising
2024-03,2024,Q1,Arctic Monkeys,Rock,Ghana,Africa,1842637,257969,1584668,0.51,4207.66,4208.17,115173,29413,0.241,100,Rising
2024-03,2024,Q1,J Balvin,Latin,Ghana,Africa,677923,94909,583014,0.19,1610.19,1610.38,20287,10204,0.163,63,Rising
2024-03,2024,Q1,Giveon,R&B,Ghana,Africa,4374394,612415,3761979,1.5,3960.37,3961.87,293102,175082,0.103,100,Rising
2024-03,2024,Q1,Coldplay,Rock,Ghana,Africa,399308,55903,343405,0.11,355.13,355.24,26639,10436,0.222,53,Stable
2024-03,2024,Q1,Bad Bunny,Latin,Ghana,Africa,945996,132439,813557,0.27,1633.58,1633.85,27898,41087,0.318,69,Stable
2024-03,2024,Q1,Frank Ocean,R&B,Ghana,Africa,4415623,618187,3797436,1.55,10978.0,10979.55,96618,204955,0.183,100,Rising
2024-03,2024,Q1,Harry Styles,Pop,Ghana,Africa,1425308,199543,1225765,0.47,3570.61,3571.08,92176,31564,0.133,100,Stable
2024-03,2024,Q1,Burna Boy,Afrobeats,Japan,Asia,611100,366660,244440,3.8,564.96,568.76,18307,15516,0.286,100,Rising
2024-03,2024,Q1,Peso Pluma,Latin,Japan,Asia,5956567,3573940,2382627,35.72,5404.13,5439.85,319292,126187,0.123,100,Rising
2024-03,2024,Q1,J Balvin,Latin,Japan,Asia,1515342,909205,606137,9.21,662.33,671.54,80257,35948,0.3,96,Rising
2024-03,2024,Q1,Wizkid,Afrobeats,Japan,Asia,4710723,2826433,1884290,27.3,2991.82,3019.12,140819,163793,0.252,100,Rising
2024-03,2024,Q1,Brent Faiyaz,R&B,Japan,Asia,735286,441171,294115,3.88,343.69,347.57,42514,29137,0.196,86,Rising
2024-03,2024,Q1,Bts,K-Pop,Japan,Asia,21931809,13159085,8772724,133.06,13416.69,13549.75,590673,964706,0.267,100,Stable
2024-03,2024,Q1,Drake,Hip-Hop,Japan,Asia,2069273,1241563,827710,10.05,1406.05,1416.1,59812,55599,0.305,67,Stable
2024-03,2024,Q1,Rauw Alejandro,Latin,Japan,Asia,317022,190213,126809,1.6,326.78,328.38,20551,12735,0.185,83,Stable
2024-03,2024,Q1,Sza,R&B,Japan,Asia,3623067,2173840,1449227,21.83,1584.34,1606.17,144307,117909,0.118,63,Stable
2024-03,2024,Q1,Harry Styles,Pop,South Korea,Asia,2557890,1406839,1151051,11.69,1364.92,1376.61,153241,88720,0.334,100,Stable
2024-03,2024,Q1,Frank Ocean,R&B,South Korea,Asia,2821195,1551657,1269538,11.22,1732.14,1743.36,74716,111567,0.328,99,Rising
2024-03,2024,Q1,Aespa,K-Pop,South Korea,Asia,9814934,5398213,4416721,37.99,9649.12,9687.11,362542,450484,0.124,100,Rising
2024-03,2024,Q1,Miley Cyrus,Pop,South Korea,Asia,1477502,812626,664876,6.13,1992.33,1998.46,49588,26746,0.239,100,Stable
2024-03,2024,Q1,Bts,K-Pop,South Korea,Asia,8944485,4919466,4025019,35.37,11600.65,11636.02,506380,133812,0.125,100,Stable
2024-03,2024,Q1,Disclosure,Electronic,South Korea,Asia,8271264,4549195,3722069,36.24,5656.57,5692.81,320660,285814,0.097,100,Rising
2024-03,2024,Q1,Peso Pluma,Latin,South Korea,Asia,5411711,2976441,2435270,21.67,6686.26,6707.93,132432,95177,0.191,92,Rising
2024-03,2024,Q1,Billie Eilish,Pop,South Korea,Asia,302559,166407,136152,1.52,169.32,170.84,17870,3054,0.093,100,Declining
2024-03,2024,Q1,Newjeans,K-Pop,South Korea,Asia,5085791,2797185,2288606,22.41,4962.47,4984.88,294319,229055,0.097,100,Stable
2024-03,2024,Q1,Ariana Grande,Pop,South Korea,Asia,3211286,1766207,1445079,12.09,1992.21,2004.3,227181,98315,0.192,100,Stable
2024-03,2024,Q1,Kendrick Lamar,Hip-Hop,South Korea,Asia,4574255,2515840,2058415,17.5,3751.3,3768.8,179681,155448,0.141,100,Rising
2024-03,2024,Q1,Arctic Monkeys,Rock,South Korea,Asia,7271280,3999204,3272076,29.23,7284.8,7314.03,315612,97533,0.158,100,Rising
2024-03,2024,Q1,J Balvin,Latin,India,Asia,5633640,1239400,4394240,2.4,12547.11,12549.51,288011,256338,0.236,90,Rising
2024-03,2024,Q1,Karol G,Latin,India,Asia,4787373,1053222,3734151,2.26,6263.74,6266.0,101283,170294,0.346,100,Rising
2024-03,2024,Q1,Tyla,Afrobeats,India,Asia,632755,139206,493549,0.28,1075.52,1075.8,33028,17349,0.272,94,Rising
2024-03,2024,Q1,Peso Pluma,Latin,India,Asia,1500977,330214,1170763,0.64,2621.14,2621.78,101731,52726,0.106,100,Rising
2024-03,2024,Q1,Doja Cat,Pop,India,Asia,6399463,1407881,4991582,2.87,14931.78,14934.65,168353,186504,0.289,100,Stable
2024-03,2024,Q1,Kendrick Lamar,Hip-Hop,India,Asia,7024377,1545362,5479015,3.45,8344.38,8347.83,444665,253254,0.319,100,Rising
2024-03,2024,Q1,Bts,K-Pop,India,Asia,16378942,3603367,12775575,6.23,34101.91,34108.14,597771,488684,0.183,100,Stable
2024-03,2024,Q1,Twenty One Pilots,Rock,India,Asia,447352,98417,348935,0.22,462.89,463.11,35353,12121,0.344,63,Stable
2024-03,2024,Q1,Travis Scott,Hip-Hop,India,Asia,3570530,785516,2785014,1.44,6991.76,6993.2,252481,173525,0.233,93,Declining
2024-03,2024,Q1,Billie Eilish,Pop,Indonesia,Asia,1490862,298172,1192690,0.74,1645.26,1646.0,76003,57350,0.311,100,Declining
2024-03,2024,Q1,J. Cole,Hip-Hop,Indonesia,Asia,2863581,572716,2290865,1.23,4505.65,4506.88,196275,120534,0.217,95,Stable
2024-03,2024,Q1,Tyla,Afrobeats,Indonesia,Asia,452412,90482,361930,0.19,439.9,440.09,35736,5214,0.156,100,Rising
2024-03,2024,Q1,Frank Ocean,R&B,Indonesia,Asia,4742689,948537,3794152,2.18,4585.02,4587.2,227746,177580,0.133,78,Rising
2024-03,2024,Q1,Disclosure,Electronic,Indonesia,Asia,7150624,1430124,5720500,3.29,11105.76,11109.05,150848,96538,0.277,100,Rising
2024-03,2024,Q1,Drake,Hip-Hop,Indonesia,Asia,4544612,908922,3635690,2.51,10035.5,10038.01,246839,218560,0.301,70,Stable
2024-03,2024,Q1,Ariana Grande,Pop,Indonesia,Asia,7990624,1598124,6392500,4.04,9756.86,9760.9,295755,120088,0.177,100,Stable
2024-03,2024,Q1,Brent Faiyaz,R&B,Indonesia,Asia,1398335,279667,1118668,0.73,1165.9,1166.63,63659,36896,0.149,84,Rising
2024-03,2024,Q1,Sza,R&B,Indonesia,Asia,1294360,258872,1035488,0.58,1823.83,1824.41,34664,24102,0.187,79,Stable
2024-03,2024,Q1,Peso Pluma,Latin,Indonesia,Asia,3102373,620474,2481899,1.74,5891.04,5892.78,81832,123286,0.141,100,Rising
2024-03,2024,Q1,Rema,Afrobeats,Indonesia,Asia,5916497,1183299,4733198,2.8,13551.77,13554.57,464081,133011,0.254,97,Rising
2024-03,2024,Q1,Aespa,K-Pop,Argentina,Latam,1641295,525214,1116081,1.89,2150.43,2152.32,46764,34435,0.232,87,Rising
2024-03,2024,Q1,H.E.R.,R&B,Argentina,Latam,1621293,518813,1102480,1.78,1794.9,1796.68,67390,64985,0.329,78,Rising
2024-03,2024,Q1,Bad Bunny,Latin,Argentina,Latam,10478007,3352962,7125045,11.19,15073.59,15084.78,590693,349469,0.214,100,Stable
2024-03,2024,Q1,Newjeans,K-Pop,Argentina,Latam,914209,292546,621663,0.89,918.97,919.86,61602,14754,0.169,74,Stable
2024-03,2024,Q1,Calvin Harris,Electronic,Argentina,Latam,1138020,364166,773854,1.22,834.2,835.42,75255,54871,0.163,83,Rising
2024-03,2024,Q1,Drake,Hip-Hop,Argentina,Latam,196769,62966,133803,0.19,348.77,348.96,6279,2010,0.222,100,Stable
2024-03,2024,Q1,Giveon,R&B,Argentina,Latam,2853197,913023,1940174,2.87,4262.33,4265.2,77301,116895,0.341,100,Rising
2024-03,2024,Q1,Coldplay,Rock,Argentina,Latam,562999,180159,382840,0.67,484.63,485.3,38740,20277,0.294,59,Stable
2024-03,2024,Q1,Dua Lipa,Pop,Chile,Latam,1856257,631127,1225130,1.98,1649.96,1651.94,90296,57607,0.172,100,Rising
2024-03,2024,Q1,Drake,Hip-Hop,Chile,Latam,380357,129321,251036,0.44,592.71,593.15,9184,11386,0.289,100,Stable
2024-03,2024,Q1,Davido,Afrobeats,Chile,Latam,2127144,723228,1403916,2.87,3703.7,3706.57,114363,33437,0.273,64,Rising
2024-03,2024,Q1,Imagine Dragons,Rock,Chile,Latam,837929,284895,553034,1.0,1237.89,1238.89,64181,29432,0.15,96,Stable
2024-03,2024,Q1,Fred Again..,Electronic,Chile,Latam,1365504,464271,901233,1.4,1917.33,1918.73,64448,62595,0.279,43,Declining
2024-03,2024,Q1,Miley Cyrus,Pop,Chile,Latam,224970,76489,148481,0.3,281.74,282.04,17576,5046,0.264,85,Stable
2024-03,2024,Q1,Giveon,R&B,Chile,Latam,1417906,482088,935818,1.64,1080.12,1081.76,36316,36842,0.187,89,Rising
2024-03,2024,Q1,Sza,R&B,Chile,Latam,621487,211305,410182,0.8,1177.44,1178.24,15894,26196,0.254,75,Stable
2024-03,2024,Q1,Kendrick Lamar,Hip-Hop,Chile,Latam,4048496,1376488,2672008,4.69,5955.53,5960.22,278055,89532,0.218,100,Rising
2024-03,2024,Q1,Harry Styles,Pop,Chile,Latam,1318416,448261,870155,1.53,1057.08,1058.61,57883,59079,0.333,100,Stable
2024-03,2024,Q1,Karol G,Latin,Chile,Latam,7417813,2522056,4895757,7.79,8275.0,8282.79,453276,160878,0.1,100,Rising
2024-04,2024,Q2,Wizkid,Afrobeats,Netherlands,Europe,6890235,4685359,2204876,46.91,6185.04,6231.95,295190,211845,0.28,100,Rising
2024-04,2024,Q2,Giveon,R&B,Netherlands,Europe,5455812,3709952,1745860,39.07,3457.57,3496.64,312361,176448,0.326,100,Rising
2024-04,2024,Q2,Peso Pluma,Latin,Netherlands,Europe,3122909,2123578,999331,20.81,1165.09,1185.9,166301,63627,0.204,100,Rising
2024-04,2024,Q2,Burna Boy,Afrobeats,Netherlands,Europe,4401629,2993107,1408522,32.99,2203.28,2236.27,94790,133816,0.311,99,Rising
2024-04,2024,Q2,Martin Garrix,Electronic,Netherlands,Europe,15859320,10784337,5074983,106.93,12323.82,12430.75,1057384,315885,0.129,100,Rising
2024-04,2024,Q2,Kendrick Lamar,Hip-Hop,Netherlands,Europe,3257653,2215204,1042449,23.17,2474.61,2497.78,213634,77002,0.232,100,Rising
2024-04,2024,Q2,Ariana Grande,Pop,Netherlands,Europe,10144680,6898382,3246298,75.59,4356.08,4431.67,230533,181168,0.198,100,Stable
2024-04,2024,Q2,Ed Sheeran,Pop,Netherlands,Europe,975549,663373,312176,6.75,588.46,595.21,40557,20215,0.235,100,Rising
2024-04,2024,Q2,Travis Scott,Hip-Hop,Netherlands,Europe,1550655,1054445,496210,9.09,759.81,768.9,82957,41095,0.289,100,Declining
2024-04,2024,Q2,Taylor Swift,Pop,Netherlands,Europe,7830923,5325027,2505896,54.02,5591.11,5645.13,240818,308810,0.186,100,Stable
2024-04,2024,Q2,J. Cole,Hip-Hop,United Kingdom,Europe,2319928,1507953,811975,14.1,1009.11,1023.21,104915,24771,0.203,100,Stable
2024-04,2024,Q2,Taylor Swift,Pop,United Kingdom,Europe,9671996,6286797,3385199,65.72,4887.92,4953.64,240778,233424,0.296,100,Stable
2024-04,2024,Q2,Bts,K-Pop,United Kingdom,Europe,1107133,719636,387497,8.26,987.55,995.81,36845,44195,0.225,71,Stable
2024-04,2024,Q2,Stray Kids,K-Pop,United Kingdom,Europe,3302815,2146829,1155986,22.62,1183.17,1205.79,237486,137833,0.161,57,Declining
2024-04,2024,Q2,Frank Ocean,R&B,United Kingdom,Europe,721506,468978,252528,4.89,530.36,535.25,26232,10234,0.184,97,Rising
2024-04,2024,Q2,Arctic Monkeys,Rock,United Kingdom,Europe,13000773,8450502,4550271,80.05,7739.96,7820.01,467387,431577,0.309,100,Rising
2024-04,2024,Q2,Giveon,R&B,United Kingdom,Europe,5127424,3332825,1794599,30.44,4415.46,4445.9,301053,78729,0.25,100,Rising
2024-04,2024,Q2,Paramore,Rock,United Kingdom,Europe,230359,149733,80626,1.44,232.18,233.62,16497,11020,0.113,100,Stable
2024-04,2024,Q2,Sza,R&B,United Kingdom,Europe,1653915,1075044,578871,11.8,868.37,880.17,105079,57262,0.309,79,Stable
2024-04,2024,Q2,21 Savage,Hip-Hop,United Kingdom,Europe,676200,439530,236670,4.03,415.24,419.27,40189,19457,0.335,64,Declining
2024-04,2024,Q2,Nicki Minaj,Hip-Hop,United Kingdom,Europe,285401,185510,99891,2.01,243.1,245.11,12897,13899,0.2,100,Stable
2024-04,2024,Q2,Blackpink,K-Pop,United Kingdom,Europe,2479792,1611864,867928,14.46,1023.87,1038.33,128672,100501,0.128,100,Rising
2024-04,2024,Q2,Karol G,Latin,Germany,Europe,3131580,2192106,939474,19.69,2085.89,2105.58,170803,126666,0.316,100,Rising
2024-04,2024,Q2,Peso Pluma,Latin,Germany,Europe,1973364,1381354,592010,14.12,860.06,874.18,129283,29291,0.12,100,Rising
2024-04,2024,Q2,Billie Eilish,Pop,Germany,Europe,1513969,1059778,454191,10.31,1043.32,1053.63,75256,18299,0.143,100,Declining
2024-04,2024,Q2,Paramore,Rock,Germany,Europe,7463067,5224146,2238921,52.49,5132.18,5184.67,553797,94093,0.107,100,Stable
2024-04,2024,Q2,Frank Ocean,R&B,Germany,Europe,5734324,4014026,1720298,39.53,2314.7,2354.23,336640,118754,0.324,100,Rising
2024-04,2024,Q2,Taylor Swift,Pop,Germany,Europe,1967520,1377264,590256,15.23,1552.52,1567.75,67599,23654,0.268,100,Stable
2024-04,2024,Q2,21 Savage,Hip-Hop,Germany,Europe,1314381,920066,394315,8.71,404.29,413.0,51288,41600,0.257,66,Declining
2024-04,2024,Q2,Coldplay,Rock,Germany,Europe,4123881,2886716,1237165,24.89,3214.13,3239.02,258691,178407,0.263,100,Stable
2024-04,2024,Q2,Lil Baby,Hip-Hop,Germany,Europe,1957720,1370404,587316,14.04,1067.3,1081.34,88137,31192,0.17,69,Declining
2024-04,2024,Q2,Martin Garrix,Electronic,Germany,Europe,10588893,7412225,3176668,63.66,3361.84,3425.5,810758,505954,0.137,100,Rising
2024-04,2024,Q2,Nicki Minaj,Hip-Hop,Germany,Europe,1990865,1393605,597260,13.23,885.43,898.66,135066,79589,0.102,100,Stable
2024-04,2024,Q2,Kendrick Lamar,Hip-Hop,Sweden,Europe,4403969,3170857,1233112,33.42,1865.13,1898.55,157351,198627,0.164,100,Rising
2024-04,2024,Q2,Miley Cyrus,Pop,Sweden,Europe,2198013,1582569,615444,18.21,881.27,899.48,166753,83260,0.231,100,Stable
2024-04,2024,Q2,Harry Styles,Pop,Sweden,Europe,7673492,5524914,2148578,55.86,3009.49,3065.35,575051,320110,0.343,100,Stable
2024-04,2024,Q2,Disclosure,Electronic,Sweden,Europe,5408603,3894194,1514409,38.58,3851.28,3889.86,380871,56005,0.082,100,Rising
2024-04,2024,Q2,Asake,Afrobeats,Sweden,Europe,3618675,2605446,1013229,29.98,2046.21,2076.19,141446,38977,0.295,84,Rising
2024-04,2024,Q2,Dua Lipa,Pop,Sweden,Europe,928736,668689,260047,7.17,439.1,446.27,40187,42379,0.239,100,Rising
2024-04,2024,Q2,Giveon,R&B,Sweden,Europe,2349995,1691996,657999,19.3,1935.48,1954.78,183321,97708,0.212,100,Rising
2024-04,2024,Q2,Fred Again..,Electronic,Sweden,Europe,6487238,4670811,1816427,46.65,2288.15,2334.8,217231,86551,0.221,100,Declining
2024-04,2024,Q2,Paramore,Rock,France,Europe,7532223,4669978,2862245,45.84,6153.51,6199.35,373146,349414,0.263,100,Stable
2024-04,2024,Q2,Wizkid,Afrobeats,France,Europe,5645183,3500013,2145170,33.31,5303.64,5336.95,303392,127416,0.178,100,Rising
2024-04,2024,Q2,Davido,Afrobeats,France,Europe,4925751,3053965,1871786,28.56,4057.61,4086.17,347448,84890,0.124,100,Rising
2024-04,2024,Q2,Billie Eilish,Pop,France,Europe,8238555,5107904,3130651,55.9,4078.42,4134.32,513527,289000,0.155,100,Declining
2024-04,2024,Q2,Harry Styles,Pop,France,Europe,3125600,1937872,1187728,17.78,1557.92,1575.7,197226,49673,0.264,100,Stable
2024-04,2024,Q2,The Weeknd,R&B/Pop,France,Europe,6093324,3777860,2315464,35.4,5439.97,5475.37,233429,137604,0.308,100,Rising
2024-04,2024,Q2,Karol G,Latin,France,Europe,2721044,1687047,1033997,18.75,2656.89,2675.64,146193,105735,0.093,91,Rising
2024-04,2024,Q2,Kendrick Lamar,Hip-Hop,France,Europe,7798488,4835062,2963426,49.82,3490.73,3540.55,461244,328664,0.227,100,Rising
2024-04,2024,Q2,Drake,Hip-Hop,France,Europe,620368,384628,235740,3.8,488.72,492.52,32311,11256,0.264,77,Stable
2024-04,2024,Q2,Burna Boy,Afrobeats,France,Europe,3596093,2229577,1366516,23.51,3324.96,3348.47,212417,98171,0.319,97,Rising
2024-04,2024,Q2,Imagine Dragons,Rock,France,Europe,8666865,5373456,3293409,49.62,8312.24,8361.86,510776,308435,0.321,100,Stable
2024-04,2024,Q2,Coldplay,Rock,France,Europe,653035,404881,248154,3.86,514.86,518.72,43091,27525,0.313,100,Stable
2024-04,2024,Q2,Bts,K-Pop,Ireland,Europe,1427973,913902,514071,8.76,1047.26,1056.02,69391,26199,0.226,90,Stable
2024-04,2024,Q2,Twenty One Pilots,Rock,Ireland,Europe,5294448,3388446,1906002,33.77,3050.51,3084.28,284849,196473,0.141,100,Stable
2024-04,2024,Q2,Rema,Afrobeats,Ireland,Europe,1896555,1213795,682760,12.2,1281.5,1293.7,46976,41165,0.156,100,Rising
2024-04,2024,Q2,Dua Lipa,Pop,Ireland,Europe,6955308,4451397,2503911,47.22,5170.1,5217.32,353263,345562,0.086,100,Rising
2024-04,2024,Q2,Billie Eilish,Pop,Ireland,Europe,6827282,4369460,2457822,39.09,3251.23,3290.32,257573,127475,0.343,100,Declining
2024-04,2024,Q2,Wizkid,Afrobeats,Ireland,Europe,4302565,2753641,1548924,29.72,1599.12,1628.84,153531,213253,0.256,100,Rising
2024-04,2024,Q2,Tyla,Afrobeats,Ireland,Europe,3433083,2197173,1235910,23.86,2880.72,2904.58,198745,151502,0.088,100,Rising
2024-04,2024,Q2,H.E.R.,R&B,Ireland,Europe,5089249,3257119,1832130,33.72,3055.25,3088.97,251998,141293,0.202,100,Rising
2024-04,2024,Q2,Bad Bunny,Latin,Ireland,Europe,3344391,2140410,1203981,23.67,1496.72,1520.39,109131,163245,0.32,80,Stable
2024-04,2024,Q2,Rauw Alejandro,Latin,Spain,Europe,2615482,1438515,1176967,16.3,1614.26,1630.56,92485,130042,0.321,96,Stable
2024-04,2024,Q2,Coldplay,Rock,Spain,Europe,6215004,3418252,2796752,34.05,8114.63,8148.68,428842,114653,0.292,100,Stable
2024-04,2024,Q2,Olivia Rodrigo,Pop,Spain,Europe,1072695,589982,482713,5.07,1176.62,1181.69,38396,18890,0.182,100,Rising
2024-04,2024,Q2,Burna Boy,Afrobeats,Spain,Europe,5016151,2758883,2257268,27.42,3052.59,3080.01,139447,166357,0.249,91,Rising
2024-04,2024,Q2,Blackpink,K-Pop,Spain,Europe,3234202,1778811,1455391,19.04,3439.16,3458.2,74334,154109,0.339,100,Rising
2024-04,2024,Q2,Ed Sheeran,Pop,Spain,Europe,1933306,1063318,869988,9.49,1738.36,1747.85,126415,42352,0.255,100,Rising
2024-04,2024,Q2,Ariana Grande,Pop,Spain,Europe,3026210,1664415,1361795,16.07,3434.47,3450.54,144061,40095,0.251,100,Stable
2024-04,2024,Q2,Lil Baby,Hip-Hop,Spain,Europe,2636382,1450010,1186372,16.01,3042.1,3058.11,209372,51953,0.206,68,Declining
2024-04,2024,Q2,Aespa,K-Pop,Italy,Europe,4368448,2271592,2096856,23.23,3398.43,3421.66,220647,173509,0.214,89,Rising
2024-04,2024,Q2,Karol G,Latin,Italy,Europe,5408450,2812394,2596056,26.82,5078.04,5104.86,317370,163596,0.121,100,Rising
2024-04,2024,Q2,Brent Faiyaz,R&B,Italy,Europe,4355086,2264644,2090442,25.8,3200.47,3226.27,212078,164256,0.083,92,Rising
2024-04,2024,Q2,Nicki Minaj,Hip-Hop,Italy,Europe,5867998,3051358,2816640,31.07,4626.55,4657.62,411287,81621,0.327,100,Stable
2024-04,2024,Q2,Frank Ocean,R&B,Italy,Europe,5172855,2689884,2482971,28.6,4661.88,4690.48,300157,116400,0.306,100,Rising
2024-04,2024,Q2,Calvin Harris,Electronic,Italy,Europe,10453964,5436061,5017903,53.23,14377.51,14430.74,705893,433118,0.286,100,Rising
2024-04,2024,Q2,Harry Styles,Pop,Italy,Europe,11916778,6196724,5720054,66.88,6677.67,6744.55,901877,330207,0.285,100,Stable
2024-04,2024,Q2,The Weeknd,R&B/Pop,Italy,Europe,6954836,3616514,3338322,34.26,9864.69,9898.95,306554,186717,0.123,100,Rising
2024-04,2024,Q2,Imagine Dragons,Rock,Italy,Europe,3514884,1827739,1687145,19.76,4751.94,4771.7,101794,54204,0.113,100,Stable
2024-04,2024,Q2,H.E.R.,R&B,Italy,Europe,5585655,2904540,2681115,32.1,6508.47,6540.57,176060,90473,0.328,97,Rising
2024-04,2024,Q2,Blackpink,K-Pop,United States,Americas,1624391,942146,682245,11.16,1915.76,1926.92,107145,31561,0.144,100,Rising
2024-04,2024,Q2,Giveon,R&B,United States,Americas,1008658,585021,423637,6.65,652.91,659.56,31257,44041,0.312,100,Rising
2024-04,2024,Q2,Frank Ocean,R&B,United States,Americas,8223115,4769406,3453709,51.84,6629.8,6681.64,437587,218872,0.147,100,Rising
2024-04,2024,Q2,Paramore,Rock,United States,Americas,5738915,3328570,2410345,37.46,5760.83,5798.29,232166,273296,0.087,100,Stable
2024-04,2024,Q2,Burna Boy,Afrobeats,United States,Americas,4266483,2474560,1791923,27.54,5011.74,5039.28,172491,210315,0.339,100,Rising
2024-04,2024,Q2,Rauw Alejandro,Latin,United States,Americas,8207511,4760356,3447155,52.11,5083.91,5136.02,181778,284705,0.101,100,Stable
2024-04,2024,Q2,H.E.R.,R&B,United States,Americas,7740490,4489484,3251006,44.89,8542.25,8587.14,381764,253157,0.122,100,Rising
2024-04,2024,Q2,Tyla,Afrobeats,United States,Americas,3585123,2079371,1505752,24.74,3711.03,3735.77,127895,157967,0.109,94,Rising
2024-04,2024,Q2,Aespa,K-Pop,Brazil,Americas,3102413,1178916,1923497,5.32,5110.33,5115.65,99071,87213,0.129,92,Rising
2024-04,2024,Q2,Imagine Dragons,Rock,Brazil,Americas,6537643,2484304,4053339,12.29,5346.99,5359.28,447077,159353,0.259,100,Stable
2024-04,2024,Q2,Calvin Harris,Electronic,Brazil,Americas,2851529,1083581,1767948,5.14,4675.76,4680.9,126498,99765,0.106,88,Rising
2024-04,2024,Q2,Asake,Afrobeats,Brazil,Americas,1485690,564562,921128,2.63,1008.67,1011.3,80014,16854,0.319,70,Rising
2024-04,2024,Q2,Ed Sheeran,Pop,Brazil,Americas,8931602,3394008,5537594,19.01,9836.72,9855.73,557176,139337,0.263,100,Rising
2024-04,2024,Q2,H.E.R.,R&B,Brazil,Americas,11776477,4475061,7301416,20.94,21556.31,21577.25,762833,441531,0.129,100,Rising
2024-04,2024,Q2,Giveon,R&B,Brazil,Americas,17315367,6579839,10735528,36.3,26608.79,26645.09,946523,262039,0.266,100,Rising
2024-04,2024,Q2,Stray Kids,K-Pop,Brazil,Americas,665638,252942,412696,1.31,418.92,420.23,41050,25998,0.226,66,Declining
2024-04,2024,Q2,Brent Faiyaz,R&B,Brazil,Americas,2302360,874896,1427464,4.77,3150.95,3155.72,183410,29402,0.146,100,Rising
2024-04,2024,Q2,Martin Garrix,Electronic,Brazil,Americas,2039042,774835,1264207,4.13,2884.78,2888.91,92618,45089,0.167,100,Rising
2024-04,2024,Q2,Kendrick Lamar,Hip-Hop,Mexico,Americas,19814862,6935201,12879661,30.12,23284.3,23314.42,1296821,551750,0.138,100,Rising
2024-04,2024,Q2,Calvin Harris,Electronic,Mexico,Americas,5800880,2030307,3770573,9.01,7793.48,7802.49,238596,180254,0.278,90,Rising
2024-04,2024,Q2,Post Malone,Hip-Hop,Mexico,Americas,3814570,1335099,2479471,6.11,6571.08,6577.19,209375,120855,0.169,100,Declining
2024-04,2024,Q2,Burna Boy,Afrobeats,Mexico,Americas,5930165,2075557,3854608,9.3,4287.16,4296.46,248833,108112,0.28,97,Rising
2024-04,2024,Q2,Travis Scott,Hip-Hop,Mexico,Americas,12806605,4482311,8324294,19.52,24039.89,24059.41,467510,600192,0.314,100,Declining
2024-04,2024,Q2,Taylor Swift,Pop,Mexico,Americas,3400547,1190191,2210356,4.76,4554.91,4559.67,187341,139565,0.209,100,Stable
2024-04,2024,Q2,Ariana Grande,Pop,Mexico,Americas,2166699,758344,1408355,3.25,2549.04,2552.29,170768,42450,0.29,100,Stable
2024-04,2024,Q2,Doja Cat,Pop,Mexico,Americas,9731111,3405888,6325223,13.37,14288.52,14301.89,504275,393736,0.177,100,Stable
2024-04,2024,Q2,Bts,K-Pop,Mexico,Americas,1891045,661865,1229180,2.55,1867.62,1870.17,98167,39996,0.315,84,Stable
2024-04,2024,Q2,Disclosure,Electronic,Mexico,Americas,1620657,567229,1053428,2.36,2909.05,2911.41,72746,50615,0.24,100,Rising
2024-04,2024,Q2,Nicki Minaj,Hip-Hop,Mexico,Americas,7225537,2528937,4696600,10.24,13968.51,13978.75,285947,159509,0.324,100,Stable
2024-04,2024,Q2,Karol G,Latin,Colombia,Americas,4896451,1468935,3427516,4.72,8209.36,8214.08,328103,119967,0.16,100,Rising
2024-04,2024,Q2,Brent Faiyaz,R&B,Colombia,Americas,10932244,3279673,7652571,12.4,12426.06,12438.46,518392,498286,0.12,100,Rising
2024-04,2024,Q2,Dua Lipa,Pop,Colombia,Americas,8027928,2408378,5619550,9.48,11356.58,11366.06,295255,203857,0.139,100,Rising
2024-04,2024,Q2,Davido,Afrobeats,Colombia,Americas,5004431,1501329,3503102,4.76,5519.98,5524.74,356211,117955,0.34,100,Rising
2024-04,2024,Q2,Asake,Afrobeats,Colombia,Americas,1418092,425427,992665,1.7,2759.89,2761.59,97924,23105,0.342,81,Rising
2024-04,2024,Q2,Coldplay,Rock,Colombia,Americas,2361628,708488,1653140,2.32,3042.09,3044.41,124462,67017,0.086,86,Stable
2024-04,2024,Q2,Martin Garrix,Electronic,Colombia,Americas,2023693,607107,1416586,2.11,3450.98,3453.09,43634,53704,0.122,100,Rising
2024-04,2024,Q2,Nicki Minaj,Hip-Hop,Colombia,Americas,17254266,5176279,12077987,19.87,35967.4,35987.27,867077,845232,0.12,100,Stable
2024-04,2024,Q2,Taylor Swift,Pop,Colombia,Americas,12514692,3754407,8760285,14.99,23272.37,23287.36,343888,379182,0.324,100,Stable
2024-04,2024,Q2,Travis Scott,Hip-Hop,Colombia,Americas,3079591,923877,2155714,3.07,2393.45,2396.52,238243,93595,0.278,100,Declining
2024-04,2024,Q2,Burna Boy,Afrobeats,Colombia,Americas,4812208,1443662,3368546,5.34,7982.11,7987.45,250301,92507,0.137,100,Rising
2024-04,2024,Q2,J. Cole,Hip-Hop,Colombia,Americas,13572928,4071878,9501050,16.16,12134.28,12150.44,458957,457201,0.121,100,Stable
2024-04,2024,Q2,Wizkid,Afrobeats,Nigeria,Africa,1160719,208929,951790,0.71,2554.2,2554.91,71666,45067,0.207,100,Rising
2024-04,2024,Q2,Brent Faiyaz,R&B,Nigeria,Africa,1824577,328423,1496154,0.86,2169.09,2169.95,141909,42705,0.152,100,Rising
2024-04,2024,Q2,Newjeans,K-Pop,Nigeria,Africa,954094,171736,782358,0.48,1778.28,1778.76,52767,37661,0.253,61,Stable
2024-04,2024,Q2,Coldplay,Rock,Nigeria,Africa,597988,107637,490351,0.29,859.83,860.12,42160,14691,0.191,52,Stable
2024-04,2024,Q2,Tyla,Afrobeats,Nigeria,Africa,4791485,862467,3929018,2.76,8993.58,8996.34,215709,103875,0.262,100,Rising
2024-04,2024,Q2,Taylor Swift,Pop,Nigeria,Africa,213203,38376,174827,0.13,445.65,445.78,5397,4098,0.215,100,Stable
2024-04,2024,Q2,Ariana Grande,Pop,Nigeria,Africa,154839,27871,126968,0.08,160.57,160.65,11098,4868,0.085,100,Stable
2024-04,2024,Q2,Davido,Afrobeats,Nigeria,Africa,2978616,536150,2442466,1.7,5169.04,5170.74,183510,66888,0.29,100,Rising
2024-04,2024,Q2,J Balvin,Latin,South Africa,Africa,1610848,451037,1159811,1.75,2701.17,2702.92,70340,52920,0.348,79,Rising
2024-04,2024,Q2,Giveon,R&B,South Africa,Africa,1290638,361378,929260,1.4,1892.11,1893.51,81134,31341,0.179,100,Rising
2024-04,2024,Q2,Imagine Dragons,Rock,South Africa,Africa,2207265,618034,1589231,2.81,2135.24,2138.05,79513,56674,0.126,96,Stable
2024-04,2024,Q2,Calvin Harris,Electronic,South Africa,Africa,1668994,467318,1201676,1.7,2810.88,2812.58,37997,30248,0.335,97,Rising
2024-04,2024,Q2,Doja Cat,Pop,South Africa,Africa,676330,189372,486958,0.79,1140.78,1141.57,35419,31753,0.326,100,Stable
2024-04,2024,Q2,Kendrick Lamar,Hip-Hop,South Africa,Africa,155336,43494,111842,0.15,309.23,309.38,7674,2566,0.321,100,Rising
2024-04,2024,Q2,Travis Scott,Hip-Hop,South Africa,Africa,4193491,1174177,3019314,4.33,6238.72,6243.05,154136,94919,0.243,100,Declining
2024-04,2024,Q2,Davido,Afrobeats,South Africa,Africa,2764744,774128,1990616,3.35,2533.09,2536.44,101788,47074,0.095,100,Rising
2024-04,2024,Q2,Martin Garrix,Electronic,South Africa,Africa,3158749,884449,2274300,3.68,3561.26,3564.94,164163,47318,0.135,100,Rising
2024-04,2024,Q2,Blackpink,K-Pop,South Africa,Africa,2207673,618148,1589525,2.21,2981.46,2983.67,172643,40894,0.298,100,Rising
2024-04,2024,Q2,Dua Lipa,Pop,Kenya,Africa,3195928,479389,2716539,1.35,3873.21,3874.56,119902,155566,0.257,100,Rising
2024-04,2024,Q2,Disclosure,Electronic,Kenya,Africa,1821210,273181,1548029,0.75,3907.34,3908.09,46334,43960,0.319,90,Rising
2024-04,2024,Q2,Ed Sheeran,Pop,Kenya,Africa,4149381,622407,3526974,1.58,8618.87,8620.45,184663,188699,0.328,100,Rising
2024-04,2024,Q2,Blackpink,K-Pop,Kenya,Africa,1096646,164496,932150,0.44,1807.97,1808.41,61775,41221,0.33,100,Rising
2024-04,2024,Q2,Miley Cyrus,Pop,Kenya,Africa,1956597,293489,1663108,0.73,3835.49,3836.22,73662,91900,0.324,98,Stable
2024-04,2024,Q2,Martin Garrix,Electronic,Kenya,Africa,824321,123648,700673,0.32,912.91,913.23,17895,26529,0.206,100,Rising
2024-04,2024,Q2,Bts,K-Pop,Kenya,Africa,1878329,281749,1596580,0.63,2281.81,2282.44,139372,43530,0.346,69,Stable
2024-04,2024,Q2,Arctic Monkeys,Rock,Kenya,Africa,1839167,275875,1563292,0.79,4658.72,4659.51,62742,38052,0.282,100,Rising
2024-04,2024,Q2,Davido,Afrobeats,Kenya,Africa,8478343,1271751,7206592,3.0,15317.7,15320.7,420021,409073,0.145,100,Rising
2024-04,2024,Q2,Giveon,R&B,Kenya,Africa,5094983,764247,4330736,1.76,7136.99,7138.75,254630,83223,0.338,100,Rising
2024-04,2024,Q2,Karol G,Latin,Kenya,Africa,2189274,328391,1860883,0.87,5482.85,5483.72,113572,85970,0.175,90,Rising
2024-04,2024,Q2,Aespa,K-Pop,Ghana,Africa,1655842,231817,1424025,0.48,3502.51,3502.99,113894,32227,0.142,76,Rising
2024-04,2024,Q2,Wizkid,Afrobeats,Ghana,Africa,3696915,517568,3179347,1.29,8942.94,8944.23,198720,72920,0.141,100,Rising
2024-04,2024,Q2,Imagine Dragons,Rock,Ghana,Africa,773839,108337,665502,0.21,1411.5,1411.71,43726,25739,0.267,89,Stable
2024-04,2024,Q2,Sza,R&B,Ghana,Africa,333788,46730,287058,0.12,487.37,487.49,12649,11660,0.234,100,Stable
2024-04,2024,Q2,Tyla,Afrobeats,Ghana,Africa,8188663,1146412,7042251,2.98,7100.87,7103.85,329754,96805,0.31,100,Rising
2024-04,2024,Q2,Coldplay,Rock,Ghana,Africa,545962,76434,469528,0.18,1021.56,1021.74,23786,6247,0.189,55,Stable
2024-04,2024,Q2,Arctic Monkeys,Rock,Ghana,Africa,3453949,483552,2970397,0.94,6614.05,6614.99,275143,157392,0.271,100,Rising
2024-04,2024,Q2,Doja Cat,Pop,Ghana,Africa,1134684,158855,975829,0.38,1895.27,1895.65,78440,33897,0.347,100,Stable
2024-04,2024,Q2,Imagine Dragons,Rock,Japan,Asia,4120905,2472543,1648362,26.68,1995.82,2022.5,205759,51542,0.104,82,Stable
2024-04,2024,Q2,Sza,R&B,Japan,Asia,2922385,1753431,1168954,18.5,2810.6,2829.1,111157,58259,0.284,80,Stable
2024-04,2024,Q2,Davido,Afrobeats,Japan,Asia,5853709,3512225,2341484,35.27,5880.83,5916.1,363995,222613,0.21,100,Rising
2024-04,2024,Q2,Asake,Afrobeats,Japan,Asia,3982741,2389644,1593097,20.35,1809.49,1829.84,143029,175207,0.109,84,Rising
2024-04,2024,Q2,Olivia Rodrigo,Pop,Japan,Asia,7785126,4671075,3114051,39.11,7887.29,7926.4,508754,167973,0.131,100,Rising
2024-04,2024,Q2,Miley Cyrus,Pop,Japan,Asia,6014159,3608495,2405664,29.56,4807.91,4837.47,185090,221812,0.349,100,Stable
2024-04,2024,Q2,Lil Baby,Hip-Hop,Japan,Asia,1616777,970066,646711,8.77,1770.51,1779.28,114420,59774,0.225,63,Declining
2024-04,2024,Q2,Doja Cat,Pop,Japan,Asia,9897436,5938461,3958975,55.53,10449.3,10504.83,402326,445376,0.299,100,Stable
2024-04,2024,Q2,H.E.R.,R&B,Japan,Asia,4487406,2692443,1794963,22.79,4240.53,4263.32,171632,213426,0.207,81,Rising
2024-04,2024,Q2,Martin Garrix,Electronic,South Korea,Asia,3622121,1992166,1629955,15.59,1948.23,1963.82,102209,77362,0.337,100,Rising
2024-04,2024,Q2,Arctic Monkeys,Rock,South Korea,Asia,5596474,3078060,2518414,21.38,6177.12,6198.5,280271,123892,0.103,100,Rising
2024-04,2024,Q2,Drake,Hip-Hop,South Korea,Asia,2664906,1465698,1199208,12.31,3225.42,3237.73,81303,91570,0.181,67,Stable
2024-04,2024,Q2,Imagine Dragons,Rock,South Korea,Asia,959015,527458,431557,3.75,1189.47,1193.22,53744,33414,0.304,78,Stable
2024-04,2024,Q2,Paramore,Rock,South Korea,Asia,960270,528148,432122,4.54,848.69,853.23,32228,31629,0.143,64,Stable
2024-04,2024,Q2,Bad Bunny,Latin,South Korea,Asia,1157166,636441,520725,5.75,1060.18,1065.93,84762,35665,0.231,73,Stable
2024-04,2024,Q2,Kendrick Lamar,Hip-Hop,South Korea,Asia,5616390,3089014,2527376,25.55,6046.55,6072.1,264301,133250,0.296,100,Rising
2024-04,2024,Q2,Sza,R&B,South Korea,Asia,1662191,914205,747986,7.51,1976.26,1983.77,72573,61601,0.305,74,Stable
2024-04,2024,Q2,Ariana Grande,Pop,South Korea,Asia,6943857,3819121,3124736,29.66,4950.61,4980.27,504801,308939,0.313,100,Stable
2024-04,2024,Q2,Wizkid,Afrobeats,South Korea,Asia,971159,534137,437022,4.84,550.07,554.91,66403,30155,0.344,100,Rising
2024-04,2024,Q2,Tyla,Afrobeats,South Korea,Asia,747648,411206,336442,3.12,368.27,371.39,37823,21654,0.103,100,Rising
2024-04,2024,Q2,Lil Baby,Hip-Hop,India,Asia,1332603,293172,1039431,0.61,1756.91,1757.52,54662,23017,0.216,56,Declining
2024-04,2024,Q2,Karol G,Latin,India,Asia,1747855,384528,1363327,0.83,3514.49,3515.32,51042,18718,0.238,97,Rising
2024-04,2024,Q2,Billie Eilish,Pop,India,Asia,816619,179656,636963,0.33,1672.61,1672.94,49478,39860,0.319,100,Declining
2024-04,2024,Q2,Stray Kids,K-Pop,India,Asia,546915,120321,426594,0.22,1223.87,1224.09,34609,26381,0.316,100,Declining
2024-04,2024,Q2,21 Savage,Hip-Hop,India,Asia,2748284,604622,2143662,1.3,4921.28,4922.58,136018,30799,0.268,48,Declining
2024-04,2024,Q2,Rema,Afrobeats,India,Asia,3722877,819032,2903845,1.68,4059.37,4061.05,254933,81964,0.236,100,Rising
2024-04,2024,Q2,Peso Pluma,Latin,India,Asia,5644522,1241794,4402728,2.79,9893.3,9896.09,403851,128627,0.087,100,Rising
2024-04,2024,Q2,Wizkid,Afrobeats,India,Asia,2544205,559725,1984480,1.01,3290.56,3291.57,166431,29435,0.19,100,Rising
2024-04,2024,Q2,Aespa,K-Pop,Indonesia,Asia,10238461,2047692,8190769,4.35,15286.57,15290.92,302354,228639,0.11,100,Rising
2024-04,2024,Q2,Wizkid,Afrobeats,Indonesia,Asia,5982443,1196488,4785955,3.13,12931.91,12935.04,325489,83110,0.118,100,Rising
2024-04,2024,Q2,Kendrick Lamar,Hip-Hop,Indonesia,Asia,7409470,1481894,5927576,4.23,15245.46,15249.69,328182,212266,0.279,100,Rising
2024-04,2024,Q2,Ariana Grande,Pop,Indonesia,Asia,3518109,703621,2814488,1.6,7799.57,7801.17,157784,141056,0.235,100,Stable
2024-04,2024,Q2,Rema,Afrobeats,Indonesia,Asia,649741,129948,519793,0.31,1048.26,1048.57,44065,26266,0.17,93,Rising
2024-04,2024,Q2,Dua Lipa,Pop,Indonesia,Asia,1485834,297166,1188668,0.64,2963.38,2964.02,67116,31183,0.26,100,Rising
2024-04,2024,Q2,Travis Scott,Hip-Hop,Indonesia,Asia,4088947,817789,3271158,1.95,3732.82,3734.77,231995,93719,0.171,85,Declining
2024-04,2024,Q2,Billie Eilish,Pop,Indonesia,Asia,5139585,1027917,4111668,2.5,4563.34,4565.84,317811,248600,0.258,100,Declining
2024-04,2024,Q2,Peso Pluma,Latin,Indonesia,Asia,3365510,673102,2692408,1.45,3377.88,3379.33,167949,163793,0.308,100,Rising
2024-04,2024,Q2,Doja Cat,Pop,Argentina,Latam,3541186,1133179,2408007,4.07,2705.58,2709.65,93435,81489,0.196,100,Stable
2024-04,2024,Q2,Blackpink,K-Pop,Argentina,Latam,1839355,588593,1250762,2.15,2159.27,2161.42,60912,54223,0.09,100,Rising
2024-04,2024,Q2,Newjeans,K-Pop,Argentina,Latam,1794909,574370,1220539,1.95,1902.94,1904.89,79707,86464,0.297,58,Stable
2024-04,2024,Q2,Miley Cyrus,Pop,Argentina,Latam,1613602,516352,1097250,1.92,2437.54,2439.46,57824,64990,0.268,95,Stable
2024-04,2024,Q2,Travis Scott,Hip-Hop,Argentina,Latam,2062262,659923,1402339,2.17,2657.99,2660.16,127944,58432,0.258,100,Declining
2024-04,2024,Q2,Davido,Afrobeats,Argentina,Latam,1690990,541116,1149874,1.53,1153.16,1154.69,41216,41252,0.131,61,Rising
2024-04,2024,Q2,Giveon,R&B,Argentina,Latam,1070866,342677,728189,1.14,1974.02,1975.16,79037,37610,0.341,100,Rising
2024-04,2024,Q2,Aespa,K-Pop,Argentina,Latam,2878385,921083,1957302,2.72,3758.22,3760.94,116480,114541,0.144,98,Rising
2024-04,2024,Q2,Wizkid,Afrobeats,Argentina,Latam,2208804,706817,1501987,2.42,3520.0,3522.42,67413,47066,0.146,63,Rising
2024-04,2024,Q2,Tyla,Afrobeats,Argentina,Latam,1786060,571539,1214521,1.73,2388.38,2390.11,54754,60701,0.112,52,Rising
2024-04,2024,Q2,Frank Ocean,R&B,Argentina,Latam,1055963,337908,718055,1.03,1148.03,1149.06,61686,51329,0.138,100,Rising
2024-04,2024,Q2,The Weeknd,R&B/Pop,Argentina,Latam,508301,162656,345645,0.55,490.9,491.45,17514,18355,0.298,100,Rising
2024-04,2024,Q2,Sza,R&B,Chile,Latam,237451,80733,156718,0.3,456.08,456.38,10230,2840,0.274,77,Stable
2024-04,2024,Q2,Ed Sheeran,Pop,Chile,Latam,3904220,1327434,2576786,5.16,3681.55,3686.71,215752,122600,0.135,100,Rising
2024-04,2024,Q2,Nicki Minaj,Hip-Hop,Chile,Latam,3303331,1123132,2180199,4.36,3150.5,3154.86,210688,83705,0.331,100,Stable
2024-04,2024,Q2,Dua Lipa,Pop,Chile,Latam,3910169,1329457,2580712,4.28,5692.11,5696.39,167624,140262,0.161,100,Rising
2024-04,2024,Q2,Bts,K-Pop,Chile,Latam,988410,336059,652351,1.03,1470.36,1471.39,70727,16647,0.103,71,Stable
2024-04,2024,Q2,Bad Bunny,Latin,Chile,Latam,4433782,1507485,2926297,4.9,3920.89,3925.79,325277,72872,0.173,100,Stable
2024-04,2024,Q2,Aespa,K-Pop,Chile,Latam,2117513,719954,1397559,2.21,3605.07,3607.28,48299,22626,0.278,98,Rising
2024-04,2024,Q2,Ariana Grande,Pop,Chile,Latam,2687530,913760,1773770,3.38,4532.77,4536.15,187167,44682,0.225,94,Stable
2024-04,2024,Q2,Taylor Swift,Pop,Chile,Latam,1015730,345348,670382,1.27,1208.79,1210.06,34999,37849,0.133,100,Stable
2024-04,2024,Q2,Wizkid,Afrobeats,Chile,Latam,200268,68091,132177,0.25,215.65,215.9,10454,3016,0.17,68,Rising
2024-04,2024,Q2,Frank Ocean,R&B,Chile,Latam,446948,151962,294986,0.49,491.25,491.74,33474,14074,0.23,97,Rising
2024-04,2024,Q2,Billie Eilish,Pop,Chile,Latam,2137542,726764,1410778,2.77,4047.66,4050.43,147996,25345,0.112,92,Declining
2024-05,2024,Q2,Bts,K-Pop,Netherlands,Europe,1366996,929557,437439,10.68,1182.07,1192.75,75503,51614,0.243,74,Stable
2024-05,2024,Q2,Dua Lipa,Pop,Netherlands,Europe,7301959,4965332,2336627,44.87,4077.51,4122.38,489702,313451,0.25,100,Rising
2024-05,2024,Q2,The Weeknd,R&B/Pop,Netherlands,Europe,5631833,3829646,1802187,43.34,1840.94,1884.28,204019,214821,0.315,100,Rising
2024-05,2024,Q2,Aespa,K-Pop,Netherlands,Europe,2511656,1707926,803730,19.45,2261.11,2280.56,123057,80226,0.306,85,Rising
2024-05,2024,Q2,Fred Again..,Electronic,Netherlands,Europe,1417139,963654,453485,8.87,788.23,797.1,38406,60313,0.134,100,Declining
2024-05,2024,Q2,Wizkid,Afrobeats,Netherlands,Europe,2844028,1933939,910089,22.13,2567.48,2589.61,203021,105069,0.244,100,Rising
2024-05,2024,Q2,Doja Cat,Pop,Netherlands,Europe,5605155,3811505,1793650,32.37,5234.25,5266.62,170784,111796,0.325,100,Stable
2024-05,2024,Q2,Imagine Dragons,Rock,Netherlands,Europe,3662366,2490408,1171958,22.05,1734.75,1756.8,169652,112574,0.108,100,Stable
2024-05,2024,Q2,Sza,R&B,Netherlands,Europe,4218229,2868395,1349834,32.89,1789.69,1822.58,170956,103505,0.276,88,Stable
2024-05,2024,Q2,Nicki Minaj,Hip-Hop,Netherlands,Europe,3224368,2192570,1031798,24.6,1282.1,1306.7,187347,58346,0.199,100,Stable
2024-05,2024,Q2,Travis Scott,Hip-Hop,United Kingdom,Europe,220222,143144,77078,1.46,196.05,197.51,8293,6633,0.085,100,Declining
2024-05,2024,Q2,Brent Faiyaz,R&B,United Kingdom,Europe,3076361,1999634,1076727,18.87,2152.56,2171.43,68994,83299,0.153,100,Rising
2024-05,2024,Q2,Burna Boy,Afrobeats,United Kingdom,Europe,5113266,3323622,1789644,33.5,4692.32,4725.82,210885,224335,0.168,100,Rising
2024-05,2024,Q2,Lil Baby,Hip-Hop,United Kingdom,Europe,3957188,2572172,1385016,27.41,2198.49,2225.9,145299,168021,0.3,74,Declining
2024-05,2024,Q2,Arctic Monkeys,Rock,United Kingdom,Europe,6770368,4400739,2369629,40.92,3763.04,3803.96,259421,156539,0.268,100,Rising
2024-05,2024,Q2,Tyla,Afrobeats,United Kingdom,Europe,1034093,672160,361933,6.55,517.86,524.41,27155,23556,0.257,100,Rising
2024-05,2024,Q2,Peso Pluma,Latin,United Kingdom,Europe,896143,582492,313651,5.34,434.99,440.33,55289,43547,0.129,100,Rising
2024-05,2024,Q2,Ariana Grande,Pop,United Kingdom,Europe,3680107,2392069,1288038,26.57,2117.99,2144.56,247823,152919,0.302,100,Stable
2024-05,2024,Q2,Frank Ocean,R&B,United Kingdom,Europe,3856297,2506593,1349704,21.71,1359.43,1381.14,97495,186109,0.294,100,Rising
2024-05,2024,Q2,Miley Cyrus,Pop,United Kingdom,Europe,8299445,5394639,2904806,52.1,4725.48,4777.58,306848,252403,0.228,100,Stable
2024-05,2024,Q2,Lil Baby,Hip-Hop,Germany,Europe,502089,351462,150627,3.88,156.47,160.35,36790,11723,0.269,68,Declining
2024-05,2024,Q2,Ariana Grande,Pop,Germany,Europe,4451394,3115975,1335419,31.22,2891.69,2922.91,167027,221215,0.279,100,Stable
2024-05,2024,Q2,Taylor Swift,Pop,Germany,Europe,12256008,8579205,3676803,81.31,5058.21,5139.52,279046,605108,0.177,100,Stable
2024-05,2024,Q2,Calvin Harris,Electronic,Germany,Europe,12261327,8582928,3678399,78.03,7047.91,7125.94,385855,214560,0.152,100,Rising
2024-05,2024,Q2,Coldplay,Rock,Germany,Europe,1225667,857966,367701,8.75,427.87,436.62,52176,23900,0.198,100,Stable
2024-05,2024,Q2,Newjeans,K-Pop,Germany,Europe,3683302,2578311,1104991,25.09,1506.37,1531.46,202267,179231,0.13,62,Stable
2024-05,2024,Q2,The Weeknd,R&B/Pop,Germany,Europe,1874917,1312441,562476,12.35,1501.48,1513.83,92961,37207,0.337,100,Rising
2024-05,2024,Q2,Nicki Minaj,Hip-Hop,Germany,Europe,1825440,1277808,547632,12.83,1360.36,1373.19,99608,51621,0.102,100,Stable
2024-05,2024,Q2,Arctic Monkeys,Rock,Germany,Europe,708036,495625,212411,4.98,582.59,587.57,15249,16052,0.318,100,Rising
2024-05,2024,Q2,Coldplay,Rock,Sweden,Europe,2566019,1847533,718486,18.25,1389.98,1408.23,177570,79104,0.219,95,Stable
2024-05,2024,Q2,Tyla,Afrobeats,Sweden,Europe,5671275,4083318,1587957,49.01,3352.7,3401.71,312655,124783,0.249,100,Rising
2024-05,2024,Q2,Lil Baby,Hip-Hop,Sweden,Europe,3711644,2672383,1039261,26.7,2708.18,2734.88,183594,105146,0.122,67,Declining
2024-05,2024,Q2,Miley Cyrus,Pop,Sweden,Europe,3354556,2415280,939276,27.12,1732.49,1759.61,256443,37665,0.15,100,Stable
2024-05,2024,Q2,Burna Boy,Afrobeats,Sweden,Europe,5428259,3908346,1519913,37.89,3247.72,3285.61,109877,58066,0.118,100,Rising
2024-05,2024,Q2,Imagine Dragons,Rock,Sweden,Europe,990239,712972,277267,7.06,409.84,416.9,68691,16349,0.263,100,Stable
2024-05,2024,Q2,21 Savage,Hip-Hop,Sweden,Europe,396368,285384,110984,3.24,275.82,279.06,24986,13686,0.299,64,Declining
2024-05,2024,Q2,Drake,Hip-Hop,Sweden,Europe,2456424,1768625,687799,20.82,1975.87,1996.69,84697,102134,0.338,92,Stable
2024-05,2024,Q2,Olivia Rodrigo,Pop,Sweden,Europe,11274689,8117776,3156913,72.39,5742.86,5815.25,336351,433561,0.14,100,Rising
2024-05,2024,Q2,Wizkid,Afrobeats,Sweden,Europe,664997,478797,186200,4.37,295.62,299.99,51219,26193,0.284,100,Rising
2024-05,2024,Q2,Davido,Afrobeats,France,Europe,1857773,1151819,705954,11.52,1115.57,1127.09,39306,71381,0.144,100,Rising
2024-05,2024,Q2,Arctic Monkeys,Rock,France,Europe,8706364,5397945,3308419,47.16,4788.49,4835.65,628290,404166,0.193,100,Rising
2024-05,2024,Q2,Peso Pluma,Latin,France,Europe,3583250,2221615,1361635,20.89,2070.22,2091.11,94111,165534,0.238,100,Rising
2024-05,2024,Q2,Harry Styles,Pop,France,Europe,12769047,7916809,4852238,71.11,13744.17,13815.28,310213,518447,0.248,100,Stable
2024-05,2024,Q2,Ed Sheeran,Pop,France,Europe,1161684,720244,441440,6.92,831.72,838.64,71127,28396,0.303,100,Rising
2024-05,2024,Q2,Doja Cat,Pop,France,Europe,7335413,4547956,2787457,48.4,3263.03,3311.43,421574,328474,0.287,100,Stable
2024-05,2024,Q2,Blackpink,K-Pop,France,Europe,4887192,3030059,1857133,26.36,5335.66,5362.02,146310,233438,0.302,100,Rising
2024-05,2024,Q2,Frank Ocean,R&B,France,Europe,1534677,951499,583178,9.08,1081.35,1090.43,81004,29443,0.318,100,Rising
2024-05,2024,Q2,The Weeknd,R&B/Pop,France,Europe,6839729,4240631,2599098,38.19,6293.51,6331.7,302449,328189,0.25,100,Rising
2024-05,2024,Q2,Bad Bunny,Latin,France,Europe,4735316,2935895,1799421,27.02,5323.58,5350.6,134268,107182,0.212,91,Stable
2024-05,2024,Q2,Martin Garrix,Electronic,France,Europe,6203423,3846122,2357301,36.04,3024.97,3061.01,171997,130757,0.286,100,Rising
2024-05,2024,Q2,Billie Eilish,Pop,France,Europe,1453101,900922,552179,8.22,676.94,685.16,53519,42514,0.105,100,Declining
2024-05,2024,Q2,J Balvin,Latin,Ireland,Europe,4447837,2846615,1601222,28.7,3188.5,3217.2,145803,124749,0.329,79,Rising
2024-05,2024,Q2,Kendrick Lamar,Hip-Hop,Ireland,Europe,4661423,2983310,1678113,29.67,4191.7,4221.37,323097,226473,0.248,100,Rising
2024-05,2024,Q2,H.E.R.,R&B,Ireland,Europe,3939518,2521291,1418227,21.84,2287.04,2308.88,176217,64761,0.082,100,Rising
2024-05,2024,Q2,Paramore,Rock,Ireland,Europe,7296467,4669738,2626729,41.91,6523.63,6565.54,210786,183529,0.119,100,Stable
2024-05,2024,Q2,Twenty One Pilots,Rock,Ireland,Europe,2739915,1753545,986370,19.72,1999.81,2019.53,214740,48307,0.309,100,Stable
2024-05,2024,Q2,Martin Garrix,Electronic,Ireland,Europe,13731979,8788466,4943513,96.38,14663.01,14759.39,750978,665439,0.162,100,Rising
2024-05,2024,Q2,Peso Pluma,Latin,Ireland,Europe,4169169,2668268,1500901,25.91,1660.43,1686.34,115043,65337,0.155,99,Rising
2024-05,2024,Q2,Calvin Harris,Electronic,Ireland,Europe,6806044,4355868,2450176,45.62,5113.87,5159.49,188003,174535,0.09,100,Rising
2024-05,2024,Q2,Asake,Afrobeats,Ireland,Europe,2617920,1675468,942452,17.74,1633.29,1651.03,151723,106207,0.13,71,Rising
2024-05,2024,Q2,Wizkid,Afrobeats,Ireland,Europe,7036330,4503251,2533079,42.94,2849.67,2892.61,267262,306108,0.179,100,Rising
2024-05,2024,Q2,Davido,Afrobeats,Ireland,Europe,7725526,4944336,2781190,43.87,5534.81,5578.68,315611,337267,0.318,100,Rising
2024-05,2024,Q2,H.E.R.,R&B,Spain,Europe,2589918,1424454,1165464,15.09,2885.69,2900.78,200797,127439,0.259,100,Rising
2024-05,2024,Q2,Fred Again..,Electronic,Spain,Europe,7003655,3852010,3151645,43.42,7493.37,7536.79,338965,96641,0.31,100,Declining
2024-05,2024,Q2,Arctic Monkeys,Rock,Spain,Europe,7916364,4354000,3562364,48.86,3923.59,3972.45,546917,254525,0.245,100,Rising
2024-05,2024,Q2,Billie Eilish,Pop,Spain,Europe,1996704,1098187,898517,10.56,1892.29,1902.85,81508,55906,0.215,100,Declining
2024-05,2024,Q2,Bts,K-Pop,Spain,Europe,3704312,2037371,1666941,22.87,3803.18,3826.05,177147,53184,0.175,86,Stable
2024-05,2024,Q2,Imagine Dragons,Rock,Spain,Europe,2873797,1580588,1293209,18.03,3199.45,3217.48,181648,129076,0.087,100,Stable
2024-05,2024,Q2,Ed Sheeran,Pop,Spain,Europe,4834530,2658991,2175539,30.24,5617.33,5647.57,189942,222498,0.261,100,Rising
2024-05,2024,Q2,Frank Ocean,R&B,Spain,Europe,4868118,2677464,2190654,29.06,4037.98,4067.04,219257,193939,0.254,100,Rising
2024-05,2024,Q2,Sza,R&B,Spain,Europe,4437453,2440599,1996854,23.03,4101.34,4124.37,336479,192530,0.206,98,Stable
2024-05,2024,Q2,Bts,K-Pop,Italy,Europe,1509042,784701,724341,7.85,1662.51,1670.36,47523,28504,0.132,78,Stable
2024-05,2024,Q2,Wizkid,Afrobeats,Italy,Europe,6167762,3207236,2960526,27.67,5208.25,5235.92,204286,114545,0.182,100,Rising
2024-05,2024,Q2,Sza,R&B,Italy,Europe,5125626,2665325,2460301,24.59,6219.29,6243.88,107237,62809,0.306,99,Stable
2024-05,2024,Q2,Disclosure,Electronic,Italy,Europe,5117310,2661001,2456309,28.5,6603.31,6631.81,248601,70738,0.276,100,Rising
2024-05,2024,Q2,Brent Faiyaz,R&B,Italy,Europe,3575036,1859018,1716018,18.21,3771.26,3789.47,125777,85343,0.093,88,Rising
2024-05,2024,Q2,Blackpink,K-Pop,Italy,Europe,3195998,1661918,1534080,17.84,3215.3,3233.14,168631,68363,0.134,100,Rising
2024-05,2024,Q2,Post Malone,Hip-Hop,Italy,Europe,286680,149073,137607,1.39,400.31,401.7,10530,8502,0.286,100,Declining
2024-05,2024,Q2,Frank Ocean,R&B,Italy,Europe,4618549,2401645,2216904,27.01,6364.5,6391.51,121566,176062,0.089,100,Rising
2024-05,2024,Q2,Calvin Harris,Electronic,United States,Americas,5308994,3079216,2229778,29.33,3120.0,3149.33,298193,214802,0.326,89,Rising
2024-05,2024,Q2,J. Cole,Hip-Hop,United States,Americas,6494957,3767075,2727882,42.59,5346.12,5388.71,173155,127200,0.212,100,Stable
2024-05,2024,Q2,Rema,Afrobeats,United States,Americas,3298432,1913090,1385342,22.83,3506.95,3529.78,180559,62053,0.174,100,Rising
2024-05,2024,Q2,J Balvin,Latin,United States,Americas,7396884,4290192,3106692,46.31,7945.7,7992.01,181436,285944,0.195,100,Rising
2024-05,2024,Q2,Kendrick Lamar,Hip-Hop,United States,Americas,4866646,2822654,2043992,31.28,2546.32,2577.6,335577,110392,0.329,100,Rising
2024-05,2024,Q2,Fred Again..,Electronic,United States,Americas,1346955,781233,565722,7.65,1332.55,1340.2,95788,48402,0.15,44,Declining
2024-05,2024,Q2,Davido,Afrobeats,United States,Americas,6717441,3896115,2821326,49.06,3800.44,3849.5,273623,112384,0.318,100,Rising
2024-05,2024,Q2,Tyla,Afrobeats,United States,Americas,8963571,5198871,3764700,58.0,4654.31,4712.31,373566,102611,0.309,100,Rising
2024-05,2024,Q2,Bts,K-Pop,United States,Americas,5446089,3158731,2287358,34.71,3662.1,3696.81,235223,172383,0.344,80,Stable
2024-05,2024,Q2,Doja Cat,Pop,Brazil,Americas,7266822,2761392,4505430,15.43,9612.71,9628.14,491250,178368,0.238,100,Stable
2024-05,2024,Q2,Olivia Rodrigo,Pop,Brazil,Americas,2456153,933338,1522815,4.79,2797.99,2802.78,58749,30127,0.199,100,Rising
2024-05,2024,Q2,Blackpink,K-Pop,Brazil,Americas,7293157,2771399,4521758,11.82,13093.81,13105.63,539212,194828,0.256,100,Rising
2024-05,2024,Q2,Ariana Grande,Pop,Brazil,Americas,4236961,1610045,2626916,7.34,4537.57,4544.91,316941,58339,0.096,100,Stable
2024-05,2024,Q2,Asake,Afrobeats,Brazil,Americas,4909124,1865467,3043657,10.03,4458.06,4468.09,221764,111566,0.147,79,Rising
2024-05,2024,Q2,H.E.R.,R&B,Brazil,Americas,5855394,2225049,3630345,11.21,9033.38,9044.59,445507,272313,0.188,100,Rising
2024-05,2024,Q2,Bts,K-Pop,Brazil,Americas,4658877,1770373,2888504,8.0,6846.85,6854.85,189474,186036,0.138,78,Stable
2024-05,2024,Q2,Drake,Hip-Hop,Brazil,Americas,9898989,3761615,6137374,19.54,13317.34,13336.88,765950,300586,0.239,100,Stable
2024-05,2024,Q2,Burna Boy,Afrobeats,Brazil,Americas,2465926,937051,1528875,4.69,1805.08,1809.77,109240,44813,0.224,100,Rising
2024-05,2024,Q2,Sza,R&B,Brazil,Americas,2743423,1042500,1700923,5.86,2249.49,2255.35,55632,56539,0.329,100,Stable
2024-05,2024,Q2,Imagine Dragons,Rock,Brazil,Americas,560911,213146,347765,1.12,792.95,794.07,31570,25982,0.084,100,Stable
2024-05,2024,Q2,Newjeans,K-Pop,Mexico,Americas,204305,71506,132799,0.3,271.26,271.56,15469,6657,0.311,63,Stable
2024-05,2024,Q2,The Weeknd,R&B/Pop,Mexico,Americas,6646172,2326160,4320012,7.96,8910.11,8918.07,266471,158442,0.147,100,Rising
2024-05,2024,Q2,J Balvin,Latin,Mexico,Americas,6557578,2295152,4262426,9.99,8858.3,8868.29,308008,308681,0.331,100,Rising
2024-05,2024,Q2,Giveon,R&B,Mexico,Americas,10343539,3620238,6723301,13.96,11893.24,11907.2,301672,415360,0.138,100,Rising
2024-05,2024,Q2,Tyla,Afrobeats,Mexico,Americas,1513856,529849,984007,1.83,2092.44,2094.27,63802,65589,0.116,100,Rising
2024-05,2024,Q2,Coldplay,Rock,Mexico,Americas,3653587,1278755,2374832,5.27,5427.25,5432.52,251402,78467,0.263,78,Stable
2024-05,2024,Q2,Disclosure,Electronic,Mexico,Americas,494385,173034,321351,0.69,566.29,566.98,28079,9222,0.304,87,Rising
2024-05,2024,Q2,Olivia Rodrigo,Pop,Mexico,Americas,1778829,622590,1156239,2.5,1760.42,1762.92,93933,38295,0.08,100,Rising
2024-05,2024,Q2,Wizkid,Afrobeats,Mexico,Americas,3911173,1368910,2542263,5.47,5128.64,5134.11,93166,161587,0.243,100,Rising
2024-05,2024,Q2,Bts,K-Pop,Colombia,Americas,738258,221477,516781,0.81,1515.55,1516.36,54047,27767,0.218,77,Stable
2024-05,2024,Q2,J Balvin,Latin,Colombia,Americas,9229563,2768868,6460695,8.74,12773.03,12781.77,267042,264711,0.098,100,Rising
2024-05,2024,Q2,Twenty One Pilots,Rock,Colombia,Americas,4573716,1372114,3201602,4.61,9078.29,9082.9,221245,201037,0.16,82,Stable
2024-05,2024,Q2,Karol G,Latin,Colombia,Americas,10284940,3085482,7199458,11.28,11355.02,11366.3,504554,112463,0.101,100,Rising
2024-05,2024,Q2,21 Savage,Hip-Hop,Colombia,Americas,3216919,965075,2251844,2.92,5406.33,5409.25,113540,73841,0.133,100,Declining
2024-05,2024,Q2,Calvin Harris,Electronic,Colombia,Americas,5372847,1611854,3760993,5.64,6955.68,6961.32,197420,80912,0.222,90,Rising
2024-05,2024,Q2,Sza,R&B,Colombia,Americas,1948129,584438,1363691,1.97,2879.77,2881.74,136800,83394,0.311,100,Stable
2024-05,2024,Q2,Coldplay,Rock,Colombia,Americas,2241549,672464,1569085,2.2,2025.53,2027.73,55963,101411,0.18,82,Stable
2024-05,2024,Q2,Drake,Hip-Hop,Colombia,Americas,2794141,838242,1955899,2.61,4426.19,4428.8,84909,77859,0.317,100,Stable
2024-05,2024,Q2,Blackpink,K-Pop,Colombia,Americas,1829709,548912,1280797,2.0,1313.95,1315.95,109124,75527,0.162,100,Rising
2024-05,2024,Q2,Bad Bunny,Latin,Colombia,Americas,8607799,2582339,6025460,9.63,12818.37,12828.0,488022,378582,0.104,100,Stable
2024-05,2024,Q2,Olivia Rodrigo,Pop,Colombia,Americas,5318581,1595574,3723007,5.5,4533.43,4538.93,360379,238615,0.19,100,Rising
2024-05,2024,Q2,Nicki Minaj,Hip-Hop,Nigeria,Africa,2556573,460183,2096390,1.4,3245.56,3246.96,195991,111164,0.257,100,Stable
2024-05,2024,Q2,Frank Ocean,R&B,Nigeria,Africa,1234584,222225,1012359,0.71,3023.05,3023.76,42940,39855,0.308,100,Rising
2024-05,2024,Q2,Twenty One Pilots,Rock,Nigeria,Africa,1012410,182233,830177,0.5,2097.81,2098.31,53775,20453,0.152,52,Stable
2024-05,2024,Q2,Rauw Alejandro,Latin,Nigeria,Africa,1176686,211803,964883,0.63,1786.31,1786.94,73333,37903,0.315,77,Stable
2024-05,2024,Q2,Giveon,R&B,Nigeria,Africa,3319289,597472,2721817,1.97,5020.62,5022.59,209592,90215,0.08,100,Rising
2024-05,2024,Q2,Imagine Dragons,Rock,Nigeria,Africa,623701,112266,511435,0.31,1088.26,1088.57,49080,22988,0.339,84,Stable
2024-05,2024,Q2,Davido,Afrobeats,Nigeria,Africa,9970436,1794678,8175758,5.31,13984.59,13989.9,365498,173897,0.316,100,Rising
2024-05,2024,Q2,Arctic Monkeys,Rock,Nigeria,Africa,2682945,482930,2200015,1.26,6112.22,6113.48,194805,88214,0.202,100,Rising
2024-05,2024,Q2,21 Savage,Hip-Hop,Nigeria,Africa,1826905,328842,1498063,1.0,1886.52,1887.52,70098,67101,0.255,89,Declining
2024-05,2024,Q2,Kendrick Lamar,Hip-Hop,Nigeria,Africa,710320,127857,582463,0.38,1204.54,1204.92,24591,27944,0.304,100,Rising
2024-05,2024,Q2,Brent Faiyaz,R&B,South Africa,Africa,2925501,819140,2106361,3.45,2846.32,2849.77,224138,41496,0.272,100,Rising
2024-05,2024,Q2,H.E.R.,R&B,South Africa,Africa,838533,234789,603744,1.01,1362.58,1363.59,17575,28485,0.119,100,Rising
2024-05,2024,Q2,Imagine Dragons,Rock,South Africa,Africa,1411615,395252,1016363,1.65,1085.76,1087.41,33946,18928,0.31,87,Stable
2024-05,2024,Q2,Stray Kids,K-Pop,South Africa,Africa,1681795,470902,1210893,1.66,3307.12,3308.78,73109,42854,0.174,60,Declining
2024-05,2024,Q2,Ariana Grande,Pop,South Africa,Africa,1176868,329523,847345,1.17,2041.99,2043.16,24216,23357,0.099,100,Stable
2024-05,2024,Q2,Twenty One Pilots,Rock,South Africa,Africa,319758,89532,230226,0.3,409.06,409.36,12044,3794,0.31,55,Stable
2024-05,2024,Q2,Paramore,Rock,South Africa,Africa,552156,154603,397553,0.55,406.82,407.37,23778,24633,0.142,78,Stable
2024-05,2024,Q2,Bts,K-Pop,South Africa,Africa,365532,102348,263184,0.37,389.03,389.4,12629,11674,0.158,81,Stable
2024-05,2024,Q2,Coldplay,Rock,Kenya,Africa,1092754,163913,928841,0.46,2056.31,2056.77,37731,47226,0.083,49,Stable
2024-05,2024,Q2,The Weeknd,R&B/Pop,Kenya,Africa,3346251,501937,2844314,1.25,3137.16,3138.41,72610,147991,0.215,100,Rising
2024-05,2024,Q2,Peso Pluma,Latin,Kenya,Africa,1798319,269747,1528572,0.64,3370.0,3370.64,105927,39372,0.336,77,Rising
2024-05,2024,Q2,Kendrick Lamar,Hip-Hop,Kenya,Africa,3978709,596806,3381903,1.31,6429.1,6430.41,89466,182227,0.12,100,Rising
2024-05,2024,Q2,Wizkid,Afrobeats,Kenya,Africa,10415071,1562260,8852811,3.58,15095.8,15099.38,210684,141629,0.114,100,Rising
2024-05,2024,Q2,J Balvin,Latin,Kenya,Africa,1544839,231725,1313114,0.57,2054.65,2055.22,116904,46475,0.221,70,Rising
2024-05,2024,Q2,Olivia Rodrigo,Pop,Kenya,Africa,942821,141423,801398,0.4,983.95,984.35,59503,19238,0.193,100,Rising
2024-05,2024,Q2,Paramore,Rock,Kenya,Africa,1884342,282651,1601691,0.7,4503.82,4504.52,87097,86078,0.237,76,Stable
2024-05,2024,Q2,Giveon,R&B,Kenya,Africa,4391449,658717,3732732,1.47,9589.14,9590.61,222911,68648,0.261,100,Rising
2024-05,2024,Q2,Martin Garrix,Electronic,Kenya,Africa,1468094,220214,1247880,0.5,2988.67,2989.17,107519,45822,0.211,100,Rising
2024-05,2024,Q2,Tyla,Afrobeats,Ghana,Africa,1038832,145436,893396,0.31,1853.9,1854.21,39478,40424,0.333,100,Rising
2024-05,2024,Q2,Stray Kids,K-Pop,Ghana,Africa,1273253,178255,1094998,0.46,1773.6,1774.06,99774,54888,0.203,70,Declining
2024-05,2024,Q2,Disclosure,Electronic,Ghana,Africa,2178329,304966,1873363,0.75,4248.67,4249.42,125676,39416,0.164,96,Rising
2024-05,2024,Q2,Fred Again..,Electronic,Ghana,Africa,783582,109701,673881,0.23,748.21,748.44,51768,20682,0.139,39,Declining
2024-05,2024,Q2,Harry Styles,Pop,Ghana,Africa,985660,137992,847668,0.29,1397.52,1397.81,43059,32837,0.219,100,Stable
2024-05,2024,Q2,Billie Eilish,Pop,Ghana,Africa,2232739,312583,1920156,0.63,4724.9,4725.53,151108,44444,0.117,86,Declining
2024-05,2024,Q2,Nicki Minaj,Hip-Hop,Ghana,Africa,1055289,147740,907549,0.38,2361.45,2361.83,45738,19261,0.186,100,Stable
2024-05,2024,Q2,Ed Sheeran,Pop,Ghana,Africa,3941121,551756,3389365,1.15,4371.94,4373.09,204426,148791,0.206,100,Rising
2024-05,2024,Q2,Twenty One Pilots,Rock,Ghana,Africa,1612163,225702,1386461,0.47,1720.2,1720.67,53597,23986,0.204,60,Stable
2024-05,2024,Q2,Taylor Swift,Pop,Ghana,Africa,3243281,454059,2789222,1.16,6790.42,6791.58,174278,154080,0.326,100,Stable
2024-05,2024,Q2,Miley Cyrus,Pop,Ghana,Africa,976506,136710,839796,0.33,1522.5,1522.83,33035,9872,0.259,85,Stable
2024-05,2024,Q2,Peso Pluma,Latin,Japan,Asia,5005634,3003380,2002254,29.0,5736.2,5765.2,246017,56969,0.237,94,Rising
2024-05,2024,Q2,Arctic Monkeys,Rock,Japan,Asia,2887025,1732215,1154810,16.96,1241.3,1258.26,84477,31420,0.224,100,Rising
2024-05,2024,Q2,Burna Boy,Afrobeats,Japan,Asia,964401,578640,385761,5.02,874.74,879.76,21960,13570,0.159,100,Rising
2024-05,2024,Q2,Bad Bunny,Latin,Japan,Asia,1826618,1095970,730648,10.79,1318.85,1329.64,43945,62899,0.244,74,Stable
2024-05,2024,Q2,Calvin Harris,Electronic,Japan,Asia,3306778,1984066,1322712,19.84,1749.83,1769.67,144048,42004,0.301,100,Rising
2024-05,2024,Q2,Imagine Dragons,Rock,Japan,Asia,4557886,2734731,1823155,29.64,2911.74,2941.38,161322,208688,0.271,91,Stable
2024-05,2024,Q2,Brent Faiyaz,R&B,Japan,Asia,2071388,1242832,828556,13.44,1710.77,1724.21,82389,98455,0.178,77,Rising
2024-05,2024,Q2,Travis Scott,Hip-Hop,Japan,Asia,2967900,1780740,1187160,19.23,2292.5,2311.73,88002,40174,0.278,74,Declining
2024-05,2024,Q2,Nicki Minaj,Hip-Hop,Japan,Asia,6725555,4035333,2690222,38.93,4087.85,4126.78,458856,176284,0.211,100,Stable
2024-05,2024,Q2,Wizkid,Afrobeats,South Korea,Asia,4598073,2528940,2069133,21.78,5863.32,5885.1,272056,115089,0.247,100,Rising
2024-05,2024,Q2,Imagine Dragons,Rock,South Korea,Asia,4304258,2367341,1936917,21.01,2082.88,2103.89,244604,192164,0.091,87,Stable
2024-05,2024,Q2,Sza,R&B,South Korea,Asia,3416723,1879197,1537526,17.13,4388.62,4405.75,252223,52384,0.16,74,Stable
2024-05,2024,Q2,Brent Faiyaz,R&B,South Korea,Asia,1218390,670114,548276,5.34,1276.96,1282.3,49460,42839,0.148,80,Rising
2024-05,2024,Q2,Rauw Alejandro,Latin,South Korea,Asia,4264505,2345477,1919028,19.13,5030.09,5049.22,133005,184151,0.249,90,Stable
2024-05,2024,Q2,Asake,Afrobeats,South Korea,Asia,3044184,1674301,1369883,13.84,2028.46,2042.3,93676,106346,0.153,86,Rising
2024-05,2024,Q2,Billie Eilish,Pop,South Korea,Asia,6860330,3773181,3087149,26.63,5826.11,5852.74,547975,257751,0.265,100,Declining
2024-05,2024,Q2,Twenty One Pilots,Rock,South Korea,Asia,1416583,779120,637463,6.77,733.61,740.38,77677,33663,0.085,48,Stable
2024-05,2024,Q2,Taylor Swift,Pop,South Korea,Asia,10035433,5519488,4515945,50.33,7756.81,7807.14,212999,347900,0.272,100,Stable
2024-05,2024,Q2,Newjeans,K-Pop,South Korea,Asia,9381660,5159913,4221747,45.66,4289.12,4334.78,748718,118701,0.225,100,Stable
2024-05,2024,Q2,Ed Sheeran,Pop,India,Asia,7856921,1728522,6128399,3.81,11404.01,11407.82,298893,320038,0.119,100,Rising
2024-05,2024,Q2,Burna Boy,Afrobeats,India,Asia,2964115,652105,2312010,1.4,6547.06,6548.46,185858,71365,0.293,100,Rising
2024-05,2024,Q2,Harry Styles,Pop,India,Asia,5680646,1249742,4430904,2.14,11819.8,11821.94,315886,105674,0.342,100,Stable
2024-05,2024,Q2,Rema,Afrobeats,India,Asia,4039844,888765,3151079,1.56,7619.07,7620.63,196388,153312,0.223,100,Rising
2024-05,2024,Q2,Coldplay,Rock,India,Asia,968215,213007,755208,0.46,1208.62,1209.08,74210,39849,0.178,55,Stable
2024-05,2024,Q2,H.E.R.,R&B,India,Asia,224372,49361,175011,0.11,393.1,393.21,15595,6259,0.132,81,Rising
2024-05,2024,Q2,Taylor Swift,Pop,India,Asia,7402475,1628544,5773931,3.35,14773.29,14776.64,557079,74172,0.249,100,Stable
2024-05,2024,Q2,Sza,R&B,India,Asia,1945800,428076,1517724,0.88,3444.41,3445.29,94904,50346,0.321,86,Stable
2024-05,2024,Q2,Asake,Afrobeats,India,Asia,1943267,427518,1515749,0.8,1841.66,1842.46,39482,38046,0.219,84,Rising
2024-05,2024,Q2,Ariana Grande,Pop,India,Asia,5956955,1310530,4646425,2.8,11249.12,11251.92,289922,263868,0.218,100,Stable
2024-05,2024,Q2,Giveon,R&B,India,Asia,7072267,1555898,5516369,3.04,10997.41,11000.45,187516,74833,0.172,100,Rising
2024-05,2024,Q2,21 Savage,Hip-Hop,Indonesia,Asia,3049774,609954,2439820,1.7,3042.43,3044.13,193563,105021,0.298,57,Declining
2024-05,2024,Q2,Rauw Alejandro,Latin,Indonesia,Asia,3908157,781631,3126526,1.71,3782.26,3783.97,170459,112982,0.134,87,Stable
2024-05,2024,Q2,Frank Ocean,R&B,Indonesia,Asia,688062,137612,550450,0.34,1478.95,1479.29,28657,26241,0.212,82,Rising
2024-05,2024,Q2,Twenty One Pilots,Rock,Indonesia,Asia,682433,136486,545947,0.31,1388.5,1388.81,32589,11594,0.306,60,Stable
2024-05,2024,Q2,J Balvin,Latin,Indonesia,Asia,3382137,676427,2705710,1.59,4461.76,4463.35,150859,97187,0.113,70,Rising
2024-05,2024,Q2,Martin Garrix,Electronic,Indonesia,Asia,12906307,2581261,10325046,6.9,11641.38,11648.28,844958,585168,0.161,100,Rising
2024-05,2024,Q2,Tyla,Afrobeats,Indonesia,Asia,2656620,531324,2125296,1.24,2948.78,2950.02,198939,115720,0.258,100,Rising
2024-05,2024,Q2,Bad Bunny,Latin,Indonesia,Asia,1988853,397770,1591083,0.9,2513.97,2514.87,104981,69609,0.1,84,Stable
2024-05,2024,Q2,Bad Bunny,Latin,Argentina,Latam,10525748,3368239,7157509,10.24,10863.62,10873.86,804047,276623,0.223,100,Stable
2024-05,2024,Q2,Rauw Alejandro,Latin,Argentina,Latam,1945504,622561,1322943,2.16,3621.1,3623.26,82437,78974,0.145,100,Stable
2024-05,2024,Q2,Arctic Monkeys,Rock,Argentina,Latam,3834138,1226924,2607214,4.27,7503.19,7507.46,117812,118294,0.268,100,Rising
2024-05,2024,Q2,Nicki Minaj,Hip-Hop,Argentina,Latam,5278088,1688988,3589100,6.08,5447.53,5453.61,360245,140047,0.152,100,Stable
2024-05,2024,Q2,Fred Again..,Electronic,Argentina,Latam,343043,109773,233270,0.32,682.15,682.47,25960,9164,0.239,39,Declining
2024-05,2024,Q2,Kendrick Lamar,Hip-Hop,Argentina,Latam,5797960,1855347,3942613,6.76,7138.43,7145.19,224167,216074,0.274,100,Rising
2024-05,2024,Q2,Blackpink,K-Pop,Argentina,Latam,1557559,498418,1059141,1.42,1604.82,1606.24,52332,21359,0.2,100,Rising
2024-05,2024,Q2,Ed Sheeran,Pop,Argentina,Latam,5477947,1752943,3725004,6.27,10136.99,10143.26,191124,81796,0.275,100,Rising
2024-05,2024,Q2,Travis Scott,Hip-Hop,Argentina,Latam,1722355,551153,1171202,1.83,3252.69,3254.52,131169,64826,0.313,100,Declining
2024-05,2024,Q2,Coldplay,Rock,Argentina,Latam,1361115,435556,925559,1.32,2161.71,2163.03,89879,45287,0.097,44,Stable
2024-05,2024,Q2,Brent Faiyaz,R&B,Argentina,Latam,1274989,407996,866993,1.29,1328.84,1330.13,87367,12957,0.171,77,Rising
2024-05,2024,Q2,Karol G,Latin,Chile,Latam,4411204,1499809,2911395,5.8,5018.34,5024.14,105677,116577,0.256,100,Rising
2024-05,2024,Q2,Miley Cyrus,Pop,Chile,Latam,1525999,518839,1007160,1.63,2116.02,2117.65,87097,71889,0.098,89,Stable
2024-05,2024,Q2,Burna Boy,Afrobeats,Chile,Latam,1350949,459322,891627,1.6,1741.03,1742.63,47647,16012,0.161,54,Rising
2024-05,2024,Q2,Fred Again..,Electronic,Chile,Latam,451112,153378,297734,0.48,430.88,431.36,22636,10269,0.137,42,Declining
2024-05,2024,Q2,Ed Sheeran,Pop,Chile,Latam,2518427,856265,1662162,3.39,4380.6,4383.99,69556,67484,0.226,100,Rising
2024-05,2024,Q2,Sza,R&B,Chile,Latam,1523140,517867,1005273,1.9,2699.13,2701.03,112624,43744,0.345,80,Stable
2024-05,2024,Q2,Taylor Swift,Pop,Chile,Latam,395236,134380,260856,0.5,436.61,437.11,21348,19149,0.102,100,Stable
2024-05,2024,Q2,Olivia Rodrigo,Pop,Chile,Latam,1101745,374593,727152,1.12,1874.98,1876.1,47538,36826,0.215,100,Rising
2024-05,2024,Q2,Doja Cat,Pop,Chile,Latam,539639,183477,356162,0.68,650.09,650.77,33087,26227,0.102,100,Stable
2024-05,2024,Q2,Giveon,R&B,Chile,Latam,486638,165456,321182,0.65,346.75,347.4,34924,20279,0.3,100,Rising
2024-06,2024,Q2,Fred Again..,Electronic,Netherlands,Europe,1001494,681015,320479,6.11,446.23,452.34,56207,35132,0.172,100,Declining
2024-06,2024,Q2,Rauw Alejandro,Latin,Netherlands,Europe,2771642,1884716,886926,16.03,1599.18,1615.21,181351,118918,0.228,100,Stable
2024-06,2024,Q2,Ed Sheeran,Pop,Netherlands,Europe,5091120,3461961,1629159,34.07,2041.65,2075.72,191867,65414,0.16,100,Rising
2024-06,2024,Q2,Billie Eilish,Pop,Netherlands,Europe,4074542,2770688,1303854,27.53,1840.07,1867.6,125946,81152,0.088,100,Declining
2024-06,2024,Q2,H.E.R.,R&B,Netherlands,Europe,5495734,3737099,1758635,39.05,1991.17,2030.22,212806,179569,0.328,96,Rising
2024-06,2024,Q2,Disclosure,Electronic,Netherlands,Europe,4122577,2803352,1319225,25.86,2396.19,2422.05,224733,151049,0.214,100,Rising
2024-06,2024,Q2,Karol G,Latin,Netherlands,Europe,718417,488523,229894,5.07,548.0,553.07,45965,12745,0.345,100,Rising
2024-06,2024,Q2,Bts,K-Pop,Netherlands,Europe,3922944,2667601,1255343,26.96,1362.67,1389.63,238823,95437,0.333,66,Stable
2024-06,2024,Q2,Paramore,Rock,Netherlands,Europe,6624115,4504398,2119717,43.65,3452.61,3496.26,190980,283756,0.201,100,Stable
2024-06,2024,Q2,Giveon,R&B,Netherlands,Europe,3495995,2377276,1118719,26.66,1816.06,1842.72,112014,72130,0.146,100,Rising
2024-06,2024,Q2,Kendrick Lamar,Hip-Hop,Netherlands,Europe,5493146,3735339,1757807,33.69,2963.98,2997.67,290002,200936,0.228,100,Rising
2024-06,2024,Q2,Newjeans,K-Pop,United Kingdom,Europe,1982853,1288854,693999,11.24,807.94,819.18,46344,41068,0.168,66,Stable
2024-06,2024,Q2,Rauw Alejandro,Latin,United Kingdom,Europe,1031787,670661,361126,6.12,1076.79,1082.91,31287,48367,0.08,90,Stable
2024-06,2024,Q2,Coldplay,Rock,United Kingdom,Europe,2945691,1914699,1030992,18.37,2936.62,2954.99,215443,104589,0.287,100,Stable
2024-06,2024,Q2,Peso Pluma,Latin,United Kingdom,Europe,158081,102752,55329,0.97,162.99,163.96,10511,6057,0.199,100,Rising
2024-06,2024,Q2,Bad Bunny,Latin,United Kingdom,Europe,1657501,1077375,580126,11.39,1169.98,1181.37,86237,44178,0.125,69,Stable
2024-06,2024,Q2,Asake,Afrobeats,United Kingdom,Europe,3365983,2187888,1178095,19.42,1186.69,1206.11,217528,58735,0.094,72,Rising
2024-06,2024,Q2,Post Malone,Hip-Hop,United Kingdom,Europe,3323625,2160356,1163269,18.93,3014.46,3033.39,74402,96437,0.194,89,Declining
2024-06,2024,Q2,Kendrick Lamar,Hip-Hop,United Kingdom,Europe,5171966,3361777,1810189,30.74,3968.73,3999.47,306771,201873,0.347,100,Rising
2024-06,2024,Q2,Giveon,R&B,United Kingdom,Europe,7049707,4582309,2467398,48.88,5485.59,5534.47,178662,332928,0.119,100,Rising
2024-06,2024,Q2,Paramore,Rock,United Kingdom,Europe,7936677,5158840,2777837,54.75,4168.99,4223.74,303223,156560,0.234,100,Stable
2024-06,2024,Q2,Taylor Swift,Pop,United Kingdom,Europe,11592158,7534902,4057256,71.76,10440.08,10511.84,685816,349643,0.203,100,Stable
2024-06,2024,Q2,Stray Kids,K-Pop,Germany,Europe,1615961,1131172,484789,11.83,1061.41,1073.24,60488,32125,0.209,64,Declining
2024-06,2024,Q2,Giveon,R&B,Germany,Europe,3185466,2229826,955640,20.11,1973.36,1993.47,168840,157252,0.242,100,Rising
2024-06,2024,Q2,21 Savage,Hip-Hop,Germany,Europe,2605051,1823535,781516,18.85,1605.07,1623.92,122806,34171,0.226,74,Declining
2024-06,2024,Q2,Newjeans,K-Pop,Germany,Europe,2657243,1860070,797173,19.93,1647.02,1666.95,116810,86056,0.145,61,Stable
2024-06,2024,Q2,Lil Baby,Hip-Hop,Germany,Europe,3375000,2362500,1012500,23.93,2119.86,2143.79,240151,151838,0.225,58,Declining
2024-06,2024,Q2,Karol G,Latin,Germany,Europe,3506876,2454813,1052063,23.93,2303.23,2327.16,92707,123664,0.181,91,Rising
2024-06,2024,Q2,Arctic Monkeys,Rock,Germany,Europe,5304477,3713133,1591344,39.08,3589.2,3628.28,139286,211739,0.167,100,Rising
2024-06,2024,Q2,Imagine Dragons,Rock,Germany,Europe,1488587,1042010,446577,9.96,1099.93,1109.89,78900,54681,0.123,100,Stable
2024-06,2024,Q2,Rema,Afrobeats,Germany,Europe,3608327,2525828,1082499,25.93,2167.81,2193.74,255956,47581,0.344,97,Rising
2024-06,2024,Q2,Dua Lipa,Pop,Germany,Europe,7192273,5034591,2157682,47.1,4454.79,4501.89,329537,274494,0.187,100,Rising
2024-06,2024,Q2,Paramore,Rock,Germany,Europe,1905234,1333663,571571,13.3,1283.33,1296.63,96450,90492,0.115,100,Stable
2024-06,2024,Q2,Martin Garrix,Electronic,Germany,Europe,13807643,9665350,4142293,100.85,12118.15,12219.0,427161,521366,0.3,100,Rising
2024-06,2024,Q2,H.E.R.,R&B,Sweden,Europe,3479850,2505492,974358,29.87,2516.71,2546.58,167904,125436,0.155,100,Rising
2024-06,2024,Q2,Rema,Afrobeats,Sweden,Europe,1584171,1140603,443568,13.29,516.69,529.98,121727,18535,0.129,100,Rising
2024-06,2024,Q2,Ariana Grande,Pop,Sweden,Europe,8096230,5829285,2266945,53.77,3776.12,3829.89,637370,168896,0.341,100,Stable
2024-06,2024,Q2,Twenty One Pilots,Rock,Sweden,Europe,3095744,2228935,866809,22.34,2360.3,2382.64,186061,149867,0.313,100,Stable
2024-06,2024,Q2,Blackpink,K-Pop,Sweden,Europe,1941533,1397903,543630,12.87,1471.29,1484.16,88009,30699,0.134,100,Rising
2024-06,2024,Q2,Billie Eilish,Pop,Sweden,Europe,5143115,3703042,1440073,37.69,1931.51,1969.2,391599,60776,0.207,100,Declining
2024-06,2024,Q2,Miley Cyrus,Pop,Sweden,Europe,6584678,4740968,1843710,55.43,4466.44,4521.87,264586,303569,0.337,100,Stable
2024-06,2024,Q2,Aespa,K-Pop,Sweden,Europe,5427321,3907671,1519650,38.49,3223.74,3262.23,396179,89208,0.138,99,Rising
2024-06,2024,Q2,Lil Baby,Hip-Hop,Sweden,Europe,130252,93781,36471,0.87,82.31,83.18,6874,2555,0.118,78,Declining
2024-06,2024,Q2,Bts,K-Pop,Sweden,Europe,1121329,807356,313973,8.77,472.56,481.33,66602,33150,0.137,64,Stable
2024-06,2024,Q2,Martin Garrix,Electronic,Sweden,Europe,11867626,8544690,3322936,96.71,6495.5,6592.21,525060,302129,0.242,100,Rising
2024-06,2024,Q2,Aespa,K-Pop,France,Europe,2360461,1463485,896976,13.57,2525.08,2538.65,114634,75897,0.11,86,Rising
2024-06,2024,Q2,Calvin Harris,Electronic,France,Europe,11592401,7187288,4405113,76.76,9212.3,9289.06,879275,520193,0.309,100,Rising
2024-06,2024,Q2,Billie Eilish,Pop,France,Europe,1468127,910238,557889,8.14,1655.83,1663.97,114830,53203,0.271,100,Declining
2024-06,2024,Q2,21 Savage,Hip-Hop,France,Europe,2290016,1419809,870207,13.08,1071.01,1084.09,74396,75315,0.146,63,Declining
2024-06,2024,Q2,Blackpink,K-Pop,France,Europe,1844800,1143776,701024,11.05,1196.03,1207.08,86799,37176,0.312,100,Rising
2024-06,2024,Q2,Martin Garrix,Electronic,France,Europe,19079538,11829313,7250225,127.67,13537.47,13665.14,784899,402917,0.143,100,Rising
2024-06,2024,Q2,Olivia Rodrigo,Pop,France,Europe,10689745,6627641,4062104,66.98,5229.95,5296.93,374890,293007,0.232,100,Rising
2024-06,2024,Q2,Fred Again..,Electronic,France,Europe,896795,556012,340783,5.49,635.68,641.17,39266,40756,0.148,100,Declining
2024-06,2024,Q2,Twenty One Pilots,Rock,Ireland,Europe,2373060,1518758,854302,15.62,2388.71,2404.33,59981,44101,0.314,100,Stable
2024-06,2024,Q2,Wizkid,Afrobeats,Ireland,Europe,3423022,2190734,1232288,23.51,1234.05,1257.56,121314,114680,0.16,100,Rising
2024-06,2024,Q2,Calvin Harris,Electronic,Ireland,Europe,1465543,937947,527596,10.18,957.48,967.66,35500,56434,0.121,100,Rising
2024-06,2024,Q2,Harry Styles,Pop,Ireland,Europe,4795855,3069347,1726508,28.17,4704.8,4732.97,188309,212231,0.127,100,Stable
2024-06,2024,Q2,Davido,Afrobeats,Ireland,Europe,6709913,4294344,2415569,44.43,3164.02,3208.45,195256,173694,0.174,100,Rising
2024-06,2024,Q2,Arctic Monkeys,Rock,Ireland,Europe,8016290,5130425,2885865,53.39,6843.25,6896.64,233845,381260,0.295,100,Rising
2024-06,2024,Q2,Taylor Swift,Pop,Ireland,Europe,9469855,6060707,3409148,59.09,9183.73,9242.82,474519,279855,0.23,100,Stable
2024-06,2024,Q2,Blackpink,K-Pop,Ireland,Europe,2120316,1357002,763314,14.59,1731.43,1746.02,163904,27996,0.288,100,Rising
2024-06,2024,Q2,Bts,K-Pop,Ireland,Europe,1992148,1274974,717174,11.44,2010.04,2021.48,97470,38708,0.34,69,Stable
2024-06,2024,Q2,Newjeans,K-Pop,Ireland,Europe,3182308,2036677,1145631,18.6,1930.41,1949.01,203634,40989,0.217,69,Stable
2024-06,2024,Q2,Martin Garrix,Electronic,Ireland,Europe,15296498,9789758,5506740,97.21,12928.7,13025.91,476427,704829,0.296,100,Rising
2024-06,2024,Q2,Imagine Dragons,Rock,Ireland,Europe,7773109,4974789,2798320,52.38,5661.34,5713.72,590036,214450,0.215,100,Stable
2024-06,2024,Q2,Karol G,Latin,Spain,Europe,3633625,1998493,1635132,21.28,4015.97,4037.25,261424,109145,0.143,100,Rising
2024-06,2024,Q2,Asake,Afrobeats,Spain,Europe,909957,500476,409481,4.54,597.81,602.35,62214,22606,0.11,77,Rising
2024-06,2024,Q2,Burna Boy,Afrobeats,Spain,Europe,3408767,1874821,1533946,17.93,1827.34,1845.27,100002,149500,0.126,90,Rising
2024-06,2024,Q2,H.E.R.,R&B,Spain,Europe,4396061,2417833,1978228,20.63,5626.77,5647.4,170931,136608,0.207,100,Rising
2024-06,2024,Q2,Drake,Hip-Hop,Spain,Europe,626722,344697,282025,3.72,356.87,360.59,28838,11860,0.213,98,Stable
2024-06,2024,Q2,Dua Lipa,Pop,Spain,Europe,11839019,6511460,5327559,69.45,6194.58,6264.03,493605,583597,0.292,100,Rising
2024-06,2024,Q2,Paramore,Rock,Spain,Europe,3633435,1998389,1635046,18.93,3618.01,3636.94,115720,43768,0.105,100,Stable
2024-06,2024,Q2,Wizkid,Afrobeats,Spain,Europe,7937173,4365445,3571728,40.88,8310.97,8351.85,345763,388131,0.189,100,Rising
2024-06,2024,Q2,Imagine Dragons,Rock,Spain,Europe,1875431,1031487,843944,10.73,1155.56,1166.29,134449,45973,0.21,100,Stable
2024-06,2024,Q2,J. Cole,Hip-Hop,Spain,Europe,3571801,1964490,1607311,16.94,2120.22,2137.16,180079,143377,0.242,100,Stable
2024-06,2024,Q2,Martin Garrix,Electronic,Italy,Europe,11786049,6128745,5657304,63.18,14898.72,14961.9,369799,171695,0.101,100,Rising
2024-06,2024,Q2,Blackpink,K-Pop,Italy,Europe,3224201,1676584,1547617,15.78,2653.29,2669.07,228216,68955,0.32,100,Rising
2024-06,2024,Q2,Twenty One Pilots,Rock,Italy,Europe,511045,265743,245302,2.51,399.17,401.68,17851,15444,0.144,100,Stable
2024-06,2024,Q2,Drake,Hip-Hop,Italy,Europe,3179888,1653541,1526347,14.52,2173.69,2188.21,152646,79329,0.168,85,Stable
2024-06,2024,Q2,Imagine Dragons,Rock,Italy,Europe,5421202,2819025,2602177,28.11,5130.78,5158.89,213113,55863,0.194,100,Stable
2024-06,2024,Q2,Harry Styles,Pop,Italy,Europe,12897931,6706924,6191007,59.22,14747.96,14807.18,658069,320816,0.276,100,Stable
2024-06,2024,Q2,Burna Boy,Afrobeats,Italy,Europe,1198819,623385,575434,5.39,1223.92,1229.31,54029,29301,0.339,100,Rising
2024-06,2024,Q2,Calvin Harris,Electronic,Italy,Europe,6660623,3463523,3197100,38.61,4274.6,4313.21,379982,240106,0.166,100,Rising
2024-06,2024,Q2,Burna Boy,Afrobeats,United States,Americas,1987618,1152818,834800,13.4,2091.99,2105.39,56507,67200,0.122,96,Rising
2024-06,2024,Q2,Stray Kids,K-Pop,United States,Americas,4988280,2893202,2095078,28.77,6273.47,6302.24,386811,70316,0.257,72,Declining
2024-06,2024,Q2,Billie Eilish,Pop,United States,Americas,4004762,2322761,1682001,24.36,2004.03,2028.39,292890,180301,0.336,100,Declining
2024-06,2024,Q2,Ed Sheeran,Pop,United States,Americas,7699860,4465918,3233942,53.66,6106.12,6159.78,545345,315997,0.215,100,Rising
2024-06,2024,Q2,Newjeans,K-Pop,United States,Americas,1650758,957439,693319,10.98,1963.15,1974.13,77014,74237,0.233,60,Stable
2024-06,2024,Q2,Olivia Rodrigo,Pop,United States,Americas,10582774,6138008,4444766,58.06,5415.45,5473.51,291297,286059,0.315,100,Rising
2024-06,2024,Q2,Lil Baby,Hip-Hop,United States,Americas,3787381,2196680,1590701,25.75,2590.3,2616.05,81039,162997,0.124,100,Declining
2024-06,2024,Q2,J. Cole,Hip-Hop,United States,Americas,6490753,3764636,2726117,36.13,5270.03,5306.16,475985,112226,0.209,100,Stable
2024-06,2024,Q2,Calvin Harris,Electronic,Brazil,Americas,5349691,2032882,3316809,11.57,8854.1,8865.67,391829,228132,0.339,80,Rising
2024-06,2024,Q2,Lil Baby,Hip-Hop,Brazil,Americas,440127,167248,272879,0.87,486.95,487.82,21103,8047,0.09,100,Declining
2024-06,2024,Q2,Giveon,R&B,Brazil,Americas,6313407,2399094,3914313,12.3,6992.54,7004.84,347162,241169,0.284,100,Rising
2024-06,2024,Q2,J. Cole,Hip-Hop,Brazil,Americas,8806207,3346358,5459849,16.5,15640.29,15656.79,666160,338695,0.321,100,Stable
2024-06,2024,Q2,Taylor Swift,Pop,Brazil,Americas,14841142,5639633,9201509,26.23,10310.43,10336.66,1009972,220933,0.191,100,Stable
2024-06,2024,Q2,Ariana Grande,Pop,Brazil,Americas,10080206,3830478,6249728,18.6,18498.16,18516.76,242681,419732,0.208,100,Stable
2024-06,2024,Q2,Paramore,Rock,Brazil,Americas,6970098,2648637,4321461,12.25,12082.65,12094.9,214557,239907,0.296,100,Stable
2024-06,2024,Q2,Kendrick Lamar,Hip-Hop,Brazil,Americas,4184255,1590016,2594239,8.79,6794.75,6803.54,268377,204093,0.309,100,Rising
2024-06,2024,Q2,Twenty One Pilots,Rock,Brazil,Americas,1479347,562151,917196,2.63,2144.22,2146.85,47830,18892,0.236,96,Stable
2024-06,2024,Q2,Fred Again..,Electronic,Mexico,Americas,3380839,1183293,2197546,4.53,6183.26,6187.79,207505,97086,0.108,47,Declining
2024-06,2024,Q2,Peso Pluma,Latin,Mexico,Americas,1405940,492078,913862,1.69,2038.54,2040.23,62849,24110,0.256,100,Rising
2024-06,2024,Q2,Rema,Afrobeats,Mexico,Americas,2346053,821118,1524935,3.36,4283.08,4286.44,121499,88331,0.129,100,Rising
2024-06,2024,Q2,Kendrick Lamar,Hip-Hop,Mexico,Americas,13730652,4805728,8924924,17.85,18459.18,18477.03,834258,339363,0.276,100,Rising
2024-06,2024,Q2,J. Cole,Hip-Hop,Mexico,Americas,10741899,3759664,6982235,16.4,19253.49,19269.89,227295,263248,0.091,100,Stable
2024-06,2024,Q2,21 Savage,Hip-Hop,Mexico,Americas,6018683,2106539,3912144,9.25,9729.59,9738.84,144705,253132,0.128,100,Declining
2024-06,2024,Q2,Stray Kids,K-Pop,Mexico,Americas,1240836,434292,806544,1.58,2289.46,2291.04,26923,39347,0.346,61,Declining
2024-06,2024,Q2,Frank Ocean,R&B,Mexico,Americas,5809344,2033270,3776074,7.89,6157.87,6165.76,153556,137412,0.245,100,Rising
2024-06,2024,Q2,Aespa,K-Pop,Mexico,Americas,7198881,2519608,4679273,9.15,11862.29,11871.44,285189,90646,0.274,100,Rising
2024-06,2024,Q2,Davido,Afrobeats,Colombia,Americas,8206381,2461914,5744467,8.26,13196.76,13205.02,509474,373007,0.325,100,Rising
2024-06,2024,Q2,Billie Eilish,Pop,Colombia,Americas,10033946,3010183,7023763,8.97,17293.9,17302.87,351229,277113,0.344,100,Declining
2024-06,2024,Q2,Miley Cyrus,Pop,Colombia,Americas,1560122,468036,1092086,1.78,1916.01,1917.79,102693,29387,0.286,100,Stable
2024-06,2024,Q2,Paramore,Rock,Colombia,Americas,4148866,1244659,2904207,4.38,3031.33,3035.71,184111,102023,0.344,100,Stable
2024-06,2024,Q2,H.E.R.,R&B,Colombia,Americas,14336699,4301009,10035690,15.16,17075.05,17090.21,837276,567228,0.294,100,Rising
2024-06,2024,Q2,Stray Kids,K-Pop,Colombia,Americas,3845543,1153662,2691881,4.4,4709.86,4714.26,133898,146318,0.099,71,Declining
2024-06,2024,Q2,Karol G,Latin,Colombia,Americas,6148429,1844528,4303901,6.68,11683.93,11690.61,205390,68297,0.184,100,Rising
2024-06,2024,Q2,Bad Bunny,Latin,Colombia,Americas,9870639,2961191,6909448,10.93,14848.64,14859.57,229675,320148,0.255,100,Stable
2024-06,2024,Q2,Fred Again..,Electronic,Nigeria,Africa,741983,133556,608427,0.38,1704.46,1704.84,47504,10032,0.283,42,Declining
2024-06,2024,Q2,Peso Pluma,Latin,Nigeria,Africa,1105840,199051,906789,0.57,943.34,943.91,41720,36282,0.297,76,Rising
2024-06,2024,Q2,Martin Garrix,Electronic,Nigeria,Africa,1561928,281147,1280781,0.8,2634.28,2635.08,53457,26019,0.194,100,Rising
2024-06,2024,Q2,Drake,Hip-Hop,Nigeria,Africa,1208354,217503,990851,0.6,1117.34,1117.94,28159,23746,0.09,100,Stable
2024-06,2024,Q2,Nicki Minaj,Hip-Hop,Nigeria,Africa,2752597,495467,2257130,1.3,3480.52,3481.82,116835,40253,0.161,100,Stable
2024-06,2024,Q2,Imagine Dragons,Rock,Nigeria,Africa,694528,125015,569513,0.42,1658.96,1659.38,44336,21945,0.341,94,Stable
2024-06,2024,Q2,Asake,Afrobeats,Nigeria,Africa,2684152,483147,2201005,1.41,6317.43,6318.84,173423,102796,0.158,100,Rising
2024-06,2024,Q2,Harry Styles,Pop,Nigeria,Africa,1167092,210076,957016,0.67,2648.24,2648.91,63232,23730,0.309,100,Stable
2024-06,2024,Q2,J. Cole,Hip-Hop,Nigeria,Africa,1874970,337494,1537476,0.98,3876.28,3877.26,96595,88935,0.168,100,Stable
2024-06,2024,Q2,Harry Styles,Pop,South Africa,Africa,1501407,420393,1081014,1.92,3063.95,3065.87,100699,26981,0.269,100,Stable
2024-06,2024,Q2,Drake,Hip-Hop,South Africa,Africa,2556028,715687,1840341,2.64,2735.22,2737.86,172537,77752,0.184,100,Stable
2024-06,2024,Q2,Bts,K-Pop,South Africa,Africa,1947302,545244,1402058,2.01,1969.76,1971.77,121890,29001,0.128,80,Stable
2024-06,2024,Q2,J Balvin,Latin,South Africa,Africa,203860,57080,146780,0.21,221.15,221.36,6108,3629,0.346,69,Rising
2024-06,2024,Q2,Blackpink,K-Pop,South Africa,Africa,154812,43347,111465,0.17,293.42,293.59,4700,3886,0.309,100,Rising
2024-06,2024,Q2,Wizkid,Afrobeats,South Africa,Africa,6695970,1874871,4821099,6.57,12894.75,12901.32,314210,309917,0.191,100,Rising
2024-06,2024,Q2,Sza,R&B,South Africa,Africa,1149708,321918,827790,1.19,1399.24,1400.43,34335,30924,0.336,100,Stable
2024-06,2024,Q2,Arctic Monkeys,Rock,South Africa,Africa,3667043,1026772,2640271,4.58,5213.01,5217.59,78753,160561,0.08,100,Rising
2024-06,2024,Q2,Bad Bunny,Latin,Kenya,Africa,175925,26388,149537,0.06,279.48,279.54,12379,3525,0.098,64,Stable
2024-06,2024,Q2,Sza,R&B,Kenya,Africa,2340273,351040,1989233,0.94,4838.79,4839.73,121243,62369,0.225,100,Stable
2024-06,2024,Q2,H.E.R.,R&B,Kenya,Africa,1465908,219886,1246022,0.61,2765.89,2766.5,30594,50900,0.245,100,Rising
2024-06,2024,Q2,Brent Faiyaz,R&B,Kenya,Africa,570233,85534,484699,0.23,1350.42,1350.65,40191,8360,0.244,100,Rising
2024-06,2024,Q2,Blackpink,K-Pop,Kenya,Africa,2766772,415015,2351757,1.06,6709.51,6710.57,83894,58708,0.11,100,Rising
2024-06,2024,Q2,J. Cole,Hip-Hop,Kenya,Africa,4261628,639244,3622384,1.43,3796.73,3798.16,180921,94624,0.187,100,Stable
2024-06,2024,Q2,Miley Cyrus,Pop,Kenya,Africa,2141785,321267,1820518,0.83,4239.71,4240.54,138804,49943,0.158,86,Stable
2024-06,2024,Q2,Aespa,K-Pop,Kenya,Africa,879060,131859,747201,0.33,1593.02,1593.35,48213,31601,0.096,100,Rising
2024-06,2024,Q2,Rauw Alejandro,Latin,Kenya,Africa,629083,94362,534721,0.22,850.24,850.46,22592,27638,0.253,84,Stable
2024-06,2024,Q2,Burna Boy,Afrobeats,Ghana,Africa,3671183,513965,3157218,1.12,7611.23,7612.35,84569,104851,0.333,100,Rising
2024-06,2024,Q2,Peso Pluma,Latin,Ghana,Africa,590208,82629,507579,0.18,893.02,893.2,32430,20576,0.198,76,Rising
2024-06,2024,Q2,Bad Bunny,Latin,Ghana,Africa,408361,57170,351191,0.12,620.0,620.12,13662,14594,0.096,79,Stable
2024-06,2024,Q2,Sza,R&B,Ghana,Africa,3429239,480093,2949146,1.22,3157.82,3159.04,157915,130346,0.313,100,Stable
2024-06,2024,Q2,Tyla,Afrobeats,Ghana,Africa,1083072,151630,931442,0.33,2270.1,2270.43,82569,36884,0.156,100,Rising
2024-06,2024,Q2,Aespa,K-Pop,Ghana,Africa,1200062,168008,1032054,0.39,1467.93,1468.32,60916,22698,0.141,97,Rising
2024-06,2024,Q2,Dua Lipa,Pop,Ghana,Africa,1255376,175752,1079624,0.35,3206.19,3206.54,52754,20801,0.313,100,Rising
2024-06,2024,Q2,The Weeknd,R&B/Pop,Ghana,Africa,2006835,280956,1725879,0.65,3783.35,3784.0,90490,51680,0.269,100,Rising
2024-06,2024,Q2,Martin Garrix,Electronic,Japan,Asia,9653109,5791865,3861244,58.57,9200.51,9259.08,504496,471654,0.267,100,Rising
2024-06,2024,Q2,Asake,Afrobeats,Japan,Asia,3593927,2156356,1437571,20.82,2053.26,2074.08,197703,145704,0.082,73,Rising
2024-06,2024,Q2,Rauw Alejandro,Latin,Japan,Asia,2562580,1537548,1025032,14.6,3030.45,3045.05,195195,54444,0.184,91,Stable
2024-06,2024,Q2,Calvin Harris,Electronic,Japan,Asia,4135651,2481390,1654261,25.49,4456.24,4481.73,302597,43764,0.293,100,Rising
2024-06,2024,Q2,Disclosure,Electronic,Japan,Asia,4574065,2744439,1829626,28.73,3418.65,3447.38,363307,158570,0.212,100,Rising
2024-06,2024,Q2,Lil Baby,Hip-Hop,Japan,Asia,1194480,716688,477792,6.33,632.66,638.99,63815,19039,0.126,56,Declining
2024-06,2024,Q2,Davido,Afrobeats,Japan,Asia,7516207,4509724,3006483,48.25,7438.78,7487.03,174358,335254,0.331,100,Rising
2024-06,2024,Q2,Fred Again..,Electronic,Japan,Asia,1691410,1014846,676564,8.93,1624.52,1633.45,120902,57149,0.112,67,Declining
2024-06,2024,Q2,Brent Faiyaz,R&B,Japan,Asia,1899997,1139998,759999,10.34,2180.09,2190.43,79981,22037,0.252,66,Rising
2024-06,2024,Q2,The Weeknd,R&B/Pop,Japan,Asia,1172475,703485,468990,6.77,890.94,897.71,26446,21570,0.16,100,Rising
2024-06,2024,Q2,J. Cole,Hip-Hop,Japan,Asia,1038751,623250,415501,5.56,986.95,992.51,38520,11934,0.277,87,Stable
2024-06,2024,Q2,J Balvin,Latin,Japan,Asia,3936385,2361831,1574554,19.92,3958.69,3978.61,264607,61279,0.246,100,Rising
2024-06,2024,Q2,Sza,R&B,South Korea,Asia,3685095,2026802,1658293,17.86,2824.41,2842.27,292972,41061,0.346,65,Stable
2024-06,2024,Q2,21 Savage,Hip-Hop,South Korea,Asia,3253371,1789354,1464017,13.2,2122.19,2135.39,190603,124337,0.082,54,Declining
2024-06,2024,Q2,Brent Faiyaz,R&B,South Korea,Asia,2712811,1492046,1220765,13.34,1553.35,1566.69,59627,80615,0.201,83,Rising
2024-06,2024,Q2,Twenty One Pilots,Rock,South Korea,Asia,839762,461869,377893,3.89,1056.28,1060.17,42205,24980,0.348,55,Stable
2024-06,2024,Q2,Travis Scott,Hip-Hop,South Korea,Asia,211376,116256,95120,1.0,195.98,196.98,9685,5967,0.319,84,Declining
2024-06,2024,Q2,Aespa,K-Pop,South Korea,Asia,11007291,6054010,4953281,53.95,9519.92,9573.87,682940,188365,0.216,100,Rising
2024-06,2024,Q2,Davido,Afrobeats,South Korea,Asia,8554093,4704751,3849342,37.57,6125.94,6163.51,195934,399313,0.083,100,Rising
2024-06,2024,Q2,Kendrick Lamar,Hip-Hop,South Korea,Asia,2166969,1191832,975137,9.7,1192.43,1202.13,164984,107342,0.225,100,Rising
2024-06,2024,Q2,Tyla,Afrobeats,South Korea,Asia,3952013,2173607,1778406,18.29,4595.73,4614.02,144668,145155,0.265,100,Rising
2024-06,2024,Q2,Coldplay,Rock,South Korea,Asia,594114,326762,267352,2.94,479.38,482.32,31569,18910,0.237,62,Stable
2024-06,2024,Q2,Taylor Swift,Pop,South Korea,Asia,1405074,772790,632284,6.84,1324.9,1331.74,106038,65541,0.185,100,Stable
2024-06,2024,Q2,Olivia Rodrigo,Pop,India,Asia,2163638,476000,1687638,0.82,2902.09,2902.91,90708,91456,0.164,100,Rising
2024-06,2024,Q2,Taylor Swift,Pop,India,Asia,3985951,876909,3109042,1.86,6610.27,6612.13,247139,141713,0.111,100,Stable
2024-06,2024,Q2,Karol G,Latin,India,Asia,2834409,623569,2210840,1.37,6114.63,6116.0,117245,50432,0.215,100,Rising
2024-06,2024,Q2,The Weeknd,R&B/Pop,India,Asia,4768508,1049071,3719437,1.88,10790.6,10792.48,376941,67406,0.202,100,Rising
2024-06,2024,Q2,Aespa,K-Pop,India,Asia,8856046,1948330,6907716,4.3,19673.52,19677.82,470055,366602,0.173,100,Rising
2024-06,2024,Q2,Frank Ocean,R&B,India,Asia,6065155,1334334,4730821,2.27,9682.08,9684.35,131005,225004,0.13,100,Rising
2024-06,2024,Q2,Peso Pluma,Latin,India,Asia,5613639,1235000,4378639,2.62,4419.01,4421.63,379050,92914,0.11,96,Rising
2024-06,2024,Q2,Asake,Afrobeats,India,Asia,4422774,973010,3449764,1.92,4433.35,4435.27,160648,56126,0.199,82,Rising
2024-06,2024,Q2,Giveon,R&B,Indonesia,Asia,1680390,336078,1344312,0.71,1704.67,1705.38,69671,59284,0.116,99,Rising
2024-06,2024,Q2,Burna Boy,Afrobeats,Indonesia,Asia,5367735,1073547,4294188,2.61,11062.53,11065.14,292183,195193,0.261,96,Rising
2024-06,2024,Q2,J. Cole,Hip-Hop,Indonesia,Asia,346655,69331,277324,0.16,370.76,370.92,11454,12521,0.319,76,Stable
2024-06,2024,Q2,Travis Scott,Hip-Hop,Indonesia,Asia,1131713,226342,905371,0.6,2362.7,2363.3,76693,27508,0.21,86,Declining
2024-06,2024,Q2,Dua Lipa,Pop,Indonesia,Asia,10571439,2114287,8457152,5.58,11247.02,11252.6,688154,182364,0.231,100,Rising
2024-06,2024,Q2,Doja Cat,Pop,Indonesia,Asia,5193858,1038771,4155087,2.88,4937.58,4940.46,403276,95106,0.333,100,Stable
2024-06,2024,Q2,Calvin Harris,Electronic,Indonesia,Asia,6272221,1254444,5017777,2.85,13095.37,13098.22,438476,310812,0.2,100,Rising
2024-06,2024,Q2,Billie Eilish,Pop,Indonesia,Asia,5977935,1195587,4782348,3.28,10158.69,10161.97,333015,221610,0.308,100,Declining
2024-06,2024,Q2,Harry Styles,Pop,Indonesia,Asia,2046398,409279,1637119,1.01,2014.15,2015.16,71290,38448,0.124,100,Stable
2024-06,2024,Q2,Fred Again..,Electronic,Argentina,Latam,1428862,457235,971627,1.66,2878.12,2879.78,74925,27895,0.331,43,Declining
2024-06,2024,Q2,Nicki Minaj,Hip-Hop,Argentina,Latam,6185268,1979285,4205983,7.0,5187.37,5194.37,323286,204804,0.131,100,Stable
2024-06,2024,Q2,Paramore,Rock,Argentina,Latam,1132787,362491,770296,1.14,1538.02,1539.16,65814,12613,0.147,63,Stable
2024-06,2024,Q2,Martin Garrix,Electronic,Argentina,Latam,3448374,1103479,2344895,3.23,6774.21,6777.44,117973,102792,0.286,100,Rising
2024-06,2024,Q2,Ariana Grande,Pop,Argentina,Latam,2086025,667528,1418497,2.41,3651.57,3653.98,146548,43907,0.201,100,Stable
2024-06,2024,Q2,Sza,R&B,Argentina,Latam,2567280,821529,1745751,3.09,5123.52,5126.61,53239,63460,0.098,70,Stable
2024-06,2024,Q2,Billie Eilish,Pop,Argentina,Latam,1660324,531303,1129021,1.86,2156.68,2158.54,102425,17479,0.083,88,Declining
2024-06,2024,Q2,H.E.R.,R&B,Argentina,Latam,202754,64881,137873,0.23,185.37,185.6,7845,2660,0.318,95,Rising
2024-06,2024,Q2,Ed Sheeran,Pop,Argentina,Latam,1215098,388831,826267,1.43,1748.39,1749.82,95784,19451,0.082,100,Rising
2024-06,2024,Q2,Bad Bunny,Latin,Argentina,Latam,6774965,2167988,4606977,6.11,12859.86,12865.97,371275,162981,0.219,100,Stable
2024-06,2024,Q2,Imagine Dragons,Rock,Argentina,Latam,1309768,419125,890643,1.29,2383.41,2384.7,87438,19378,0.139,83,Stable
2024-06,2024,Q2,Kendrick Lamar,Hip-Hop,Argentina,Latam,2556148,817967,1738181,2.74,5032.69,5035.43,151075,94650,0.147,100,Rising
2024-06,2024,Q2,Frank Ocean,R&B,Chile,Latam,3176981,1080173,2096808,4.17,5271.28,5275.45,224555,59988,0.12,92,Rising
2024-06,2024,Q2,Kendrick Lamar,Hip-Hop,Chile,Latam,3345099,1137333,2207766,3.5,3716.25,3719.75,260481,51688,0.23,100,Rising
2024-06,2024,Q2,J. Cole,Hip-Hop,Chile,Latam,1919303,652563,1266740,2.52,3566.52,3569.04,43730,61694,0.091,100,Stable
2024-06,2024,Q2,Burna Boy,Afrobeats,Chile,Latam,433727,147467,286260,0.52,774.89,775.41,33988,17403,0.287,53,Rising
2024-06,2024,Q2,Bts,K-Pop,Chile,Latam,324903,110467,214436,0.41,486.67,487.08,23498,6846,0.16,74,Stable
2024-06,2024,Q2,Fred Again..,Electronic,Chile,Latam,1236294,420339,815955,1.49,1921.88,1923.37,44885,60371,0.154,51,Declining
2024-06,2024,Q2,Olivia Rodrigo,Pop,Chile,Latam,637943,216900,421043,0.78,834.45,835.23,46047,24672,0.129,100,Rising
2024-06,2024,Q2,Martin Garrix,Electronic,Chile,Latam,2571094,874171,1696923,3.38,4531.19,4534.57,84549,69537,0.246,100,Rising
2024-07,2024,Q3,Lil Baby,Hip-Hop,Netherlands,Europe,1578836,1073608,505228,9.15,1338.15,1347.3,119008,44166,0.231,65,Declining
2024-07,2024,Q3,Rauw Alejandro,Latin,Netherlands,Europe,2385642,1622236,763406,17.39,1032.82,1050.21,142322,109327,0.083,100,Stable
2024-07,2024,Q3,Frank Ocean,R&B,Netherlands,Europe,5272137,3585053,1687084,33.12,1762.29,1795.41,143760,74934,0.338,100,Rising
2024-07,2024,Q3,Fred Again..,Electronic,Netherlands,Europe,4947396,3364229,1583167,33.42,2463.83,2497.25,343856,195609,0.248,100,Declining
2024-07,2024,Q3,Tyla,Afrobeats,Netherlands,Europe,2676117,1819759,856358,16.14,1312.16,1328.3,125627,65292,0.313,100,Rising
2024-07,2024,Q3,J. Cole,Hip-Hop,Netherlands,Europe,1735842,1180372,555470,11.93,685.01,696.94,127176,74424,0.29,100,Stable
2024-07,2024,Q3,Drake,Hip-Hop,Netherlands,Europe,912430,620452,291978,6.84,729.13,735.97,22824,29057,0.316,88,Stable
2024-07,2024,Q3,Olivia Rodrigo,Pop,Netherlands,Europe,8470399,5759871,2710528,59.75,6549.47,6609.22,570027,272970,0.257,100,Rising
2024-07,2024,Q3,Brent Faiyaz,R&B,Netherlands,Europe,5429037,3691745,1737292,41.03,2325.75,2366.78,417195,98629,0.348,100,Rising
2024-07,2024,Q3,Harry Styles,Pop,Netherlands,Europe,2407256,1636934,770322,14.73,1654.62,1669.35,135202,71314,0.104,100,Stable
2024-07,2024,Q3,Bad Bunny,Latin,Netherlands,Europe,1587456,1079470,507986,11.64,985.97,997.61,52013,70036,0.264,71,Stable
2024-07,2024,Q3,Davido,Afrobeats,United Kingdom,Europe,2382412,1548567,833845,13.31,2307.43,2320.74,120160,98677,0.336,100,Rising
2024-07,2024,Q3,Harry Styles,Pop,United Kingdom,Europe,1668198,1084328,583870,11.95,1192.22,1204.17,128400,63955,0.222,100,Stable
2024-07,2024,Q3,J. Cole,Hip-Hop,United Kingdom,Europe,396927,258002,138925,2.73,341.77,344.5,13970,4189,0.267,100,Stable
2024-07,2024,Q3,H.E.R.,R&B,United Kingdom,Europe,3960324,2574210,1386114,22.71,2746.71,2769.42,296510,144882,0.227,100,Rising
2024-07,2024,Q3,Kendrick Lamar,Hip-Hop,United Kingdom,Europe,9085601,5905640,3179961,66.3,5709.78,5776.08,199166,211758,0.135,100,Rising
2024-07,2024,Q3,Peso Pluma,Latin,United Kingdom,Europe,1990894,1294081,696813,11.12,1978.61,1989.73,147685,95514,0.304,100,Rising
2024-07,2024,Q3,Olivia Rodrigo,Pop,United Kingdom,Europe,1844234,1198752,645482,13.77,1692.7,1706.47,128869,64262,0.272,100,Rising
2024-07,2024,Q3,Stray Kids,K-Pop,United Kingdom,Europe,1257548,817406,440142,7.89,949.99,957.88,38432,62147,0.331,69,Declining
2024-07,2024,Q3,Travis Scott,Hip-Hop,United Kingdom,Europe,1679506,1091678,587828,11.9,1120.91,1132.81,121752,32529,0.27,99,Declining
2024-07,2024,Q3,J Balvin,Latin,United Kingdom,Europe,4030179,2619616,1410563,26.11,3790.0,3816.11,203650,69182,0.348,76,Rising
2024-07,2024,Q3,Sza,R&B,United Kingdom,Europe,383196,249077,134119,2.52,158.79,161.31,23652,16794,0.2,93,Stable
2024-07,2024,Q3,The Weeknd,R&B/Pop,Germany,Europe,2055272,1438690,616582,13.71,901.4,915.11,45897,95078,0.143,100,Rising
2024-07,2024,Q3,Miley Cyrus,Pop,Germany,Europe,6974343,4882040,2092303,42.43,5824.16,5866.59,557159,167497,0.281,100,Stable
2024-07,2024,Q3,Arctic Monkeys,Rock,Germany,Europe,8155554,5708887,2446667,64.82,6415.31,6480.13,517359,385256,0.339,100,Rising
2024-07,2024,Q3,Rauw Alejandro,Latin,Germany,Europe,3257400,2280180,977220,21.83,1109.14,1130.97,97495,49312,0.198,89,Stable
2024-07,2024,Q3,Nicki Minaj,Hip-Hop,Germany,Europe,4321573,3025101,1296472,29.14,2533.58,2562.72,136222,103756,0.275,100,Stable
2024-07,2024,Q3,Calvin Harris,Electronic,Germany,Europe,10537501,7376250,3161251,67.43,4174.38,4241.81,364744,135411,0.155,100,Rising
2024-07,2024,Q3,Disclosure,Electronic,Germany,Europe,9941067,6958746,2982321,73.45,4395.89,4469.34,624626,338085,0.163,100,Rising
2024-07,2024,Q3,Brent Faiyaz,R&B,Germany,Europe,214906,150434,64472,1.56,145.74,147.3,15292,5631,0.279,98,Rising
2024-07,2024,Q3,Peso Pluma,Latin,Germany,Europe,508953,356267,152686,3.9,293.05,296.95,31271,6654,0.134,100,Rising
2024-07,2024,Q3,J. Cole,Hip-Hop,Germany,Europe,1105569,773898,331671,6.99,521.83,528.82,52845,49729,0.219,100,Stable
2024-07,2024,Q3,Martin Garrix,Electronic,Germany,Europe,19188736,13432115,5756621,140.73,6800.07,6940.8,933533,826830,0.278,100,Rising
2024-07,2024,Q3,Olivia Rodrigo,Pop,Sweden,Europe,10424474,7505621,2918853,84.48,8085.41,8169.89,309617,460387,0.293,100,Rising
2024-07,2024,Q3,Brent Faiyaz,R&B,Sweden,Europe,1763982,1270067,493915,13.75,1022.67,1036.42,140482,58523,0.33,100,Rising
2024-07,2024,Q3,Imagine Dragons,Rock,Sweden,Europe,1346026,969138,376888,9.01,1058.34,1067.35,78278,63000,0.3,100,Stable
2024-07,2024,Q3,J. Cole,Hip-Hop,Sweden,Europe,1099505,791643,307862,8.11,706.95,715.06,81750,49253,0.233,100,Stable
2024-07,2024,Q3,Peso Pluma,Latin,Sweden,Europe,539471,388419,151052,4.0,298.46,302.46,11979,6814,0.202,100,Rising
2024-07,2024,Q3,Doja Cat,Pop,Sweden,Europe,1339857,964697,375160,9.52,718.32,727.84,86856,14356,0.186,100,Stable
2024-07,2024,Q3,Stray Kids,K-Pop,Sweden,Europe,2112706,1521148,591558,16.22,1166.43,1182.65,43952,25954,0.35,74,Declining
2024-07,2024,Q3,Miley Cyrus,Pop,Sweden,Europe,664832,478679,186153,4.55,490.92,495.47,13418,7815,0.114,100,Stable
2024-07,2024,Q3,Dua Lipa,Pop,France,Europe,2292469,1421330,871139,15.58,1459.02,1474.6,130080,54234,0.205,100,Rising
2024-07,2024,Q3,Fred Again..,Electronic,France,Europe,1974978,1224486,750492,12.34,1728.06,1740.4,101023,52398,0.174,100,Declining
2024-07,2024,Q3,Bad Bunny,Latin,France,Europe,4836705,2998757,1837948,33.25,3730.49,3763.74,265489,182701,0.278,86,Stable
2024-07,2024,Q3,Lil Baby,Hip-Hop,France,Europe,583337,361668,221669,3.84,563.0,566.84,35027,7980,0.211,62,Declining
2024-07,2024,Q3,Miley Cyrus,Pop,France,Europe,7935019,4919711,3015308,51.9,4928.23,4980.13,497066,136565,0.289,100,Stable
2024-07,2024,Q3,Davido,Afrobeats,France,Europe,4729358,2932201,1797157,25.17,1913.14,1938.31,350951,70691,0.261,100,Rising
2024-07,2024,Q3,J Balvin,Latin,France,Europe,4476888,2775670,1701218,29.39,2073.3,2102.69,240009,104043,0.342,89,Rising
2024-07,2024,Q3,Imagine Dragons,Rock,France,Europe,8870545,5499737,3370808,55.19,4367.25,4422.44,213201,137299,0.117,100,Stable
2024-07,2024,Q3,Newjeans,K-Pop,Ireland,Europe,3960000,2534400,1425600,23.28,2402.47,2425.75,108438,55358,0.235,75,Stable
2024-07,2024,Q3,H.E.R.,R&B,Ireland,Europe,1900300,1216192,684108,11.11,1077.12,1088.23,127635,71196,0.136,100,Rising
2024-07,2024,Q3,Stray Kids,K-Pop,Ireland,Europe,3080368,1971435,1108933,19.54,1999.43,2018.97,179410,150773,0.152,61,Declining
2024-07,2024,Q3,Blackpink,K-Pop,Ireland,Europe,5301472,3392942,1908530,35.19,4917.19,4952.38,191643,109664,0.261,100,Rising
2024-07,2024,Q3,Rauw Alejandro,Latin,Ireland,Europe,2955184,1891317,1063867,20.31,2609.94,2630.25,88667,118582,0.262,100,Stable
2024-07,2024,Q3,J Balvin,Latin,Ireland,Europe,4493008,2875525,1617483,28.92,4711.58,4740.5,103563,172330,0.3,100,Rising
2024-07,2024,Q3,Olivia Rodrigo,Pop,Ireland,Europe,12124632,7759764,4364868,88.25,6428.76,6517.01,324556,409967,0.138,100,Rising
2024-07,2024,Q3,Arctic Monkeys,Rock,Ireland,Europe,1151486,736951,414535,7.17,998.58,1005.75,43317,17590,0.116,100,Rising
2024-07,2024,Q3,Taylor Swift,Pop,Spain,Europe,613934,337663,276271,3.45,417.91,421.36,24911,7434,0.321,100,Stable
2024-07,2024,Q3,Bad Bunny,Latin,Spain,Europe,3939186,2166552,1772634,23.61,3750.28,3773.89,116938,40724,0.085,78,Stable
2024-07,2024,Q3,Frank Ocean,R&B,Spain,Europe,3688974,2028935,1660039,23.18,3264.75,3287.93,167669,59011,0.307,99,Rising
2024-07,2024,Q3,Blackpink,K-Pop,Spain,Europe,5357014,2946357,2410657,30.66,2831.15,2861.81,266156,227511,0.331,100,Rising
2024-07,2024,Q3,Ariana Grande,Pop,Spain,Europe,654916,360203,294713,3.92,410.41,414.33,39720,30925,0.274,100,Stable
2024-07,2024,Q3,Imagine Dragons,Rock,Spain,Europe,6726151,3699383,3026768,36.9,8493.88,8530.78,224439,97427,0.183,100,Stable
2024-07,2024,Q3,Arctic Monkeys,Rock,Spain,Europe,8795821,4837701,3958120,51.47,7147.78,7199.25,550236,307159,0.288,100,Rising
2024-07,2024,Q3,Asake,Afrobeats,Spain,Europe,4351469,2393307,1958162,21.3,5167.24,5188.54,207332,148750,0.321,88,Rising
2024-07,2024,Q3,Davido,Afrobeats,Spain,Europe,8203454,4511899,3691555,48.45,5413.82,5462.27,573180,194166,0.205,100,Rising
2024-07,2024,Q3,J Balvin,Latin,Italy,Europe,3188927,1658242,1530685,18.3,4237.09,4255.39,183881,99885,0.186,99,Rising
2024-07,2024,Q3,Harry Styles,Pop,Italy,Europe,4212726,2190617,2022109,22.9,5307.52,5330.42,114671,205293,0.129,100,Stable
2024-07,2024,Q3,Martin Garrix,Electronic,Italy,Europe,9027181,4694134,4333047,49.94,7272.87,7322.81,588842,394509,0.245,100,Rising
2024-07,2024,Q3,Disclosure,Electronic,Italy,Europe,1148364,597149,551215,6.68,585.96,592.64,31400,11690,0.213,100,Rising
2024-07,2024,Q3,Billie Eilish,Pop,Italy,Europe,868841,451797,417044,4.0,1069.5,1073.5,23938,14076,0.091,100,Declining
2024-07,2024,Q3,Rema,Afrobeats,Italy,Europe,4082570,2122936,1959634,19.78,5786.23,5806.01,242895,107854,0.317,84,Rising
2024-07,2024,Q3,Arctic Monkeys,Rock,Italy,Europe,5492646,2856175,2636471,24.71,3405.58,3430.29,404823,94391,0.329,100,Rising
2024-07,2024,Q3,Davido,Afrobeats,Italy,Europe,7210372,3749393,3460979,40.35,9272.72,9313.07,444309,205700,0.151,100,Rising
2024-07,2024,Q3,Sza,R&B,Italy,Europe,3269880,1700337,1569543,15.74,4236.63,4252.37,229910,51203,0.277,85,Stable
2024-07,2024,Q3,Bts,K-Pop,Italy,Europe,3913346,2034939,1878407,19.8,2091.43,2111.23,300788,142297,0.147,83,Stable
2024-07,2024,Q3,Disclosure,Electronic,United States,Americas,1292094,749414,542680,9.27,937.83,947.1,94080,63613,0.187,100,Rising
2024-07,2024,Q3,Travis Scott,Hip-Hop,United States,Americas,2981643,1729352,1252291,19.44,2310.49,2329.93,160495,30497,0.322,100,Declining
2024-07,2024,Q3,Kendrick Lamar,Hip-Hop,United States,Americas,7392614,4287716,3104898,53.96,6906.76,6960.72,383082,136424,0.212,100,Rising
2024-07,2024,Q3,Coldplay,Rock,United States,Americas,3499722,2029838,1469884,23.46,2093.82,2117.28,99476,46110,0.194,72,Stable
2024-07,2024,Q3,Dua Lipa,Pop,United States,Americas,8511338,4936576,3574762,54.54,8889.34,8943.88,482486,145725,0.251,100,Rising
2024-07,2024,Q3,Bad Bunny,Latin,United States,Americas,11528155,6686329,4841826,70.91,10676.68,10747.59,318274,458118,0.173,100,Stable
2024-07,2024,Q3,Giveon,R&B,United States,Americas,9462911,5488488,3974423,64.62,5511.15,5575.77,604911,335285,0.289,100,Rising
2024-07,2024,Q3,Wizkid,Afrobeats,United States,Americas,2657292,1541229,1116063,15.8,1889.01,1904.81,136156,72720,0.242,100,Rising
2024-07,2024,Q3,Fred Again..,Electronic,United States,Americas,441024,255793,185231,3.23,413.24,416.47,19427,20026,0.091,46,Declining
2024-07,2024,Q3,The Weeknd,R&B/Pop,United States,Americas,3206870,1859984,1346886,21.8,3696.32,3718.12,107961,104530,0.243,100,Rising
2024-07,2024,Q3,Stray Kids,K-Pop,Brazil,Americas,2477116,941304,1535812,4.54,2646.78,2651.32,176605,109469,0.328,61,Declining
2024-07,2024,Q3,Billie Eilish,Pop,Brazil,Americas,1784528,678120,1106408,3.68,1841.28,1844.96,128285,83059,0.229,100,Declining
2024-07,2024,Q3,Martin Garrix,Electronic,Brazil,Americas,404088,153553,250535,0.73,344.65,345.38,31731,9184,0.266,100,Rising
2024-07,2024,Q3,Peso Pluma,Latin,Brazil,Americas,11445850,4349423,7096427,23.47,7277.79,7301.26,743955,174070,0.268,100,Rising
2024-07,2024,Q3,Travis Scott,Hip-Hop,Brazil,Americas,10135449,3851470,6283979,19.22,10778.17,10797.39,797980,321932,0.195,100,Declining
2024-07,2024,Q3,Ed Sheeran,Pop,Brazil,Americas,1700747,646283,1054464,3.32,1225.17,1228.49,127222,25027,0.22,100,Rising
2024-07,2024,Q3,Dua Lipa,Pop,Brazil,Americas,16628247,6318733,10309514,31.83,12994.14,13025.97,1201844,537413,0.174,100,Rising
2024-07,2024,Q3,Sza,R&B,Brazil,Americas,11142400,4234112,6908288,20.3,7074.05,7094.35,474863,152887,0.22,100,Stable
2024-07,2024,Q3,Doja Cat,Pop,Brazil,Americas,1829921,695369,1134552,3.06,3243.18,3246.24,124787,54931,0.163,100,Stable
2024-07,2024,Q3,Twenty One Pilots,Rock,Brazil,Americas,4361047,1657197,2703850,7.52,7054.42,7061.94,284203,94508,0.112,77,Stable
2024-07,2024,Q3,Stray Kids,K-Pop,Mexico,Americas,4331445,1516005,2815440,5.73,4048.11,4053.84,324577,74153,0.236,58,Declining
2024-07,2024,Q3,Bad Bunny,Latin,Mexico,Americas,5840851,2044297,3796554,8.2,6667.4,6675.6,136204,106739,0.189,100,Stable
2024-07,2024,Q3,Olivia Rodrigo,Pop,Mexico,Americas,13706375,4797231,8909144,20.25,10521.11,10541.36,968373,235435,0.127,100,Rising
2024-07,2024,Q3,Arctic Monkeys,Rock,Mexico,Americas,6886851,2410397,4476454,8.23,10084.76,10092.99,393368,294886,0.286,100,Rising
2024-07,2024,Q3,Disclosure,Electronic,Mexico,Americas,1070269,374594,695675,1.45,1752.51,1753.96,62529,26161,0.197,98,Rising
2024-07,2024,Q3,Wizkid,Afrobeats,Mexico,Americas,2882316,1008810,1873506,4.14,2754.9,2759.04,173484,45421,0.154,100,Rising
2024-07,2024,Q3,Brent Faiyaz,R&B,Mexico,Americas,13440787,4704275,8736512,17.83,17299.52,17317.35,506758,300870,0.189,100,Rising
2024-07,2024,Q3,Frank Ocean,R&B,Mexico,Americas,11244355,3935524,7308831,15.21,19467.18,19482.39,820422,450207,0.187,100,Rising
2024-07,2024,Q3,Peso Pluma,Latin,Mexico,Americas,4253739,1488808,2764931,5.77,6390.55,6396.32,277715,138278,0.253,100,Rising
2024-07,2024,Q3,Dua Lipa,Pop,Colombia,Americas,14093003,4227900,9865103,16.28,15264.7,15280.98,547643,488673,0.26,100,Rising
2024-07,2024,Q3,Davido,Afrobeats,Colombia,Americas,5442847,1632854,3809993,4.93,8154.29,8159.22,385228,64003,0.217,100,Rising
2024-07,2024,Q3,Harry Styles,Pop,Colombia,Americas,9352582,2805774,6546808,10.3,15027.14,15037.44,609394,136167,0.22,100,Stable
2024-07,2024,Q3,Giveon,R&B,Colombia,Americas,8979524,2693857,6285667,10.06,8513.85,8523.91,552053,286045,0.177,100,Rising
2024-07,2024,Q3,Brent Faiyaz,R&B,Colombia,Americas,2725520,817656,1907864,2.9,3658.12,3661.02,119514,108030,0.257,100,Rising
2024-07,2024,Q3,J Balvin,Latin,Colombia,Americas,7813614,2344084,5469530,9.4,13784.49,13793.89,287337,316416,0.177,100,Rising
2024-07,2024,Q3,Ariana Grande,Pop,Colombia,Americas,12073212,3621963,8451249,14.5,21959.96,21974.46,584113,385003,0.166,100,Stable
2024-07,2024,Q3,Nicki Minaj,Hip-Hop,Colombia,Americas,11814601,3544380,8270221,11.03,14863.8,14874.83,617207,177057,0.18,100,Stable
2024-07,2024,Q3,Bts,K-Pop,Nigeria,Africa,1065701,191826,873875,0.53,1675.82,1676.35,26056,31136,0.152,79,Stable
2024-07,2024,Q3,Sza,R&B,Nigeria,Africa,3131237,563622,2567615,1.79,7158.41,7160.2,204096,97061,0.108,100,Stable
2024-07,2024,Q3,Arctic Monkeys,Rock,Nigeria,Africa,263338,47400,215938,0.14,611.81,611.95,6858,8060,0.08,100,Rising
2024-07,2024,Q3,Miley Cyrus,Pop,Nigeria,Africa,526782,94820,431962,0.25,929.07,929.32,36482,11367,0.306,88,Stable
2024-07,2024,Q3,Twenty One Pilots,Rock,Nigeria,Africa,1350505,243090,1107415,0.72,2173.87,2174.59,87239,66151,0.13,57,Stable
2024-07,2024,Q3,Post Malone,Hip-Hop,Nigeria,Africa,2993627,538852,2454775,1.47,5205.2,5206.67,95950,65369,0.306,100,Declining
2024-07,2024,Q3,Olivia Rodrigo,Pop,Nigeria,Africa,2627169,472890,2154279,1.44,5474.41,5475.85,90258,112767,0.085,100,Rising
2024-07,2024,Q3,Dua Lipa,Pop,Nigeria,Africa,265127,47722,217405,0.13,606.78,606.91,16429,7162,0.133,100,Rising
2024-07,2024,Q3,Frank Ocean,R&B,Nigeria,Africa,470198,84635,385563,0.25,1064.23,1064.48,25245,21185,0.197,100,Rising
2024-07,2024,Q3,Stray Kids,K-Pop,Nigeria,Africa,1315645,236816,1078829,0.79,1552.55,1553.34,60965,22343,0.129,59,Declining
2024-07,2024,Q3,Doja Cat,Pop,Nigeria,Africa,713821,128487,585334,0.41,1671.06,1671.47,34098,34763,0.229,100,Stable
2024-07,2024,Q3,Blackpink,K-Pop,Nigeria,Africa,3235288,582351,2652937,1.5,6140.97,6142.47,114065,69708,0.085,100,Rising
2024-07,2024,Q3,Dua Lipa,Pop,South Africa,Africa,3490214,977259,2512955,4.19,4309.65,4313.84,131465,134718,0.149,100,Rising
2024-07,2024,Q3,21 Savage,Hip-Hop,South Africa,Africa,879880,246366,633514,1.12,1553.33,1554.45,32397,41089,0.336,100,Declining
2024-07,2024,Q3,Frank Ocean,R&B,South Africa,Africa,3118613,873211,2245402,3.77,4199.1,4202.87,184071,152462,0.246,100,Rising
2024-07,2024,Q3,Disclosure,Electronic,South Africa,Africa,2498764,699653,1799111,3.05,2142.05,2145.1,155114,58088,0.115,100,Rising
2024-07,2024,Q3,Ed Sheeran,Pop,South Africa,Africa,4151945,1162544,2989401,3.99,5263.94,5267.93,225855,128148,0.286,100,Rising
2024-07,2024,Q3,Taylor Swift,Pop,South Africa,Africa,2870633,803777,2066856,2.78,3444.98,3447.76,225941,42591,0.241,100,Stable
2024-07,2024,Q3,Kendrick Lamar,Hip-Hop,South Africa,Africa,3431717,960880,2470837,3.32,7230.02,7233.34,233349,108822,0.29,100,Rising
2024-07,2024,Q3,Martin Garrix,Electronic,South Africa,Africa,3439592,963085,2476507,3.54,5508.87,5512.41,269052,117608,0.168,100,Rising
2024-07,2024,Q3,Harry Styles,Pop,South Africa,Africa,2370647,663781,1706866,3.03,5010.17,5013.2,68421,75823,0.238,100,Stable
2024-07,2024,Q3,Wizkid,Afrobeats,South Africa,Africa,1452166,406606,1045560,1.5,3092.49,3093.99,51115,48114,0.281,100,Rising
2024-07,2024,Q3,The Weeknd,R&B/Pop,South Africa,Africa,3390149,949241,2440908,3.93,3322.7,3326.63,202402,118133,0.31,100,Rising
2024-07,2024,Q3,Bts,K-Pop,South Africa,Africa,193922,54298,139624,0.21,229.4,229.61,14195,8556,0.16,64,Stable
2024-07,2024,Q3,Drake,Hip-Hop,Kenya,Africa,2809041,421356,2387685,0.99,5303.76,5304.75,67337,49454,0.227,100,Stable
2024-07,2024,Q3,Twenty One Pilots,Rock,Kenya,Africa,1512473,226870,1285603,0.58,2768.84,2769.42,119011,70528,0.309,53,Stable
2024-07,2024,Q3,Olivia Rodrigo,Pop,Kenya,Africa,430200,64530,365670,0.15,514.24,514.39,31583,17274,0.232,100,Rising
2024-07,2024,Q3,The Weeknd,R&B/Pop,Kenya,Africa,3393194,508979,2884215,1.25,4739.57,4740.82,177538,166267,0.092,100,Rising
2024-07,2024,Q3,Ariana Grande,Pop,Kenya,Africa,2174588,326188,1848400,0.8,4218.66,4219.46,112404,24283,0.236,94,Stable
2024-07,2024,Q3,Stray Kids,K-Pop,Kenya,Africa,1481146,222171,1258975,0.61,1378.76,1379.37,60548,38202,0.247,70,Declining
2024-07,2024,Q3,Paramore,Rock,Kenya,Africa,2127610,319141,1808469,0.85,2622.09,2622.94,95530,90334,0.322,76,Stable
2024-07,2024,Q3,Calvin Harris,Electronic,Kenya,Africa,1677424,251613,1425811,0.71,3027.18,3027.89,80777,43487,0.137,93,Rising
2024-07,2024,Q3,Post Malone,Hip-Hop,Kenya,Africa,1169380,175407,993973,0.45,2978.54,2978.99,58341,47095,0.159,100,Declining
2024-07,2024,Q3,H.E.R.,R&B,Kenya,Africa,2073945,311091,1762854,0.89,4612.49,4613.38,164924,52241,0.101,100,Rising
2024-07,2024,Q3,Travis Scott,Hip-Hop,Kenya,Africa,2550636,382595,2168041,0.85,5228.39,5229.24,61458,26317,0.089,100,Declining
2024-07,2024,Q3,Rauw Alejandro,Latin,Kenya,Africa,1476273,221440,1254833,0.51,1434.75,1435.26,84146,14953,0.294,77,Stable
2024-07,2024,Q3,Brent Faiyaz,R&B,Ghana,Africa,1366230,191272,1174958,0.39,1281.04,1281.43,46506,16922,0.297,100,Rising
2024-07,2024,Q3,Sza,R&B,Ghana,Africa,1606431,224900,1381531,0.45,2876.3,2876.75,49913,42642,0.131,100,Stable
2024-07,2024,Q3,J Balvin,Latin,Ghana,Africa,1376315,192684,1183631,0.38,1649.7,1650.08,105187,60242,0.194,65,Rising
2024-07,2024,Q3,Tyla,Afrobeats,Ghana,Africa,8980226,1257231,7722995,2.85,10081.51,10084.36,606033,314093,0.318,100,Rising
2024-07,2024,Q3,Ariana Grande,Pop,Ghana,Africa,1973632,276308,1697324,0.65,3343.39,3344.04,51219,40831,0.28,100,Stable
2024-07,2024,Q3,Imagine Dragons,Rock,Ghana,Africa,564801,79072,485729,0.17,1015.54,1015.71,15805,11256,0.325,91,Stable
2024-07,2024,Q3,Arctic Monkeys,Rock,Ghana,Africa,2261712,316639,1945073,0.65,3185.68,3186.33,178563,93135,0.307,100,Rising
2024-07,2024,Q3,Ed Sheeran,Pop,Ghana,Africa,3041783,425849,2615934,1.05,5422.12,5423.17,191563,81765,0.295,100,Rising
2024-07,2024,Q3,Frank Ocean,R&B,Ghana,Africa,942550,131957,810593,0.33,1409.23,1409.56,58813,19979,0.243,100,Rising
2024-07,2024,Q3,Nicki Minaj,Hip-Hop,Ghana,Africa,1985428,277959,1707469,0.59,1902.27,1902.86,68013,66421,0.093,100,Stable
2024-07,2024,Q3,Twenty One Pilots,Rock,Japan,Asia,1588966,953379,635587,9.53,1872.36,1881.89,98013,72129,0.12,55,Stable
2024-07,2024,Q3,Kendrick Lamar,Hip-Hop,Japan,Asia,1644713,986827,657886,9.25,1775.88,1785.13,43274,50893,0.133,100,Rising
2024-07,2024,Q3,Davido,Afrobeats,Japan,Asia,4951786,2971071,1980715,27.66,3332.1,3359.76,236477,175811,0.197,100,Rising
2024-07,2024,Q3,Olivia Rodrigo,Pop,Japan,Asia,7350670,4410402,2940268,45.6,3036.52,3082.12,479497,324229,0.243,100,Rising
2024-07,2024,Q3,Ariana Grande,Pop,Japan,Asia,1897583,1138549,759034,11.82,1961.79,1973.61,142254,88911,0.223,100,Stable
2024-07,2024,Q3,Lil Baby,Hip-Hop,Japan,Asia,2587199,1552319,1034880,15.39,1996.18,2011.57,169573,33664,0.217,61,Declining
2024-07,2024,Q3,Miley Cyrus,Pop,Japan,Asia,7446852,4468111,2978741,45.49,6982.28,7027.77,383773,171409,0.316,100,Stable
2024-07,2024,Q3,Karol G,Latin,Japan,Asia,680583,408349,272234,4.36,548.83,553.19,43122,19243,0.139,94,Rising
2024-07,2024,Q3,Frank Ocean,R&B,South Korea,Asia,1506705,828687,678018,6.5,1598.49,1604.99,71220,52298,0.322,82,Rising
2024-07,2024,Q3,Rema,Afrobeats,South Korea,Asia,6815523,3748537,3066986,33.12,3721.34,3754.46,267757,208130,0.256,100,Rising
2024-07,2024,Q3,Coldplay,Rock,South Korea,Asia,2008929,1104910,904019,8.31,2276.54,2284.85,94422,82579,0.319,49,Stable
2024-07,2024,Q3,Drake,Hip-Hop,South Korea,Asia,175656,96610,79046,0.72,147.99,148.71,12906,5828,0.214,70,Stable
2024-07,2024,Q3,Peso Pluma,Latin,South Korea,Asia,2057908,1131849,926059,9.62,1901.57,1911.19,118238,80162,0.262,100,Rising
2024-07,2024,Q3,21 Savage,Hip-Hop,South Korea,Asia,3317519,1824635,1492884,13.21,2701.86,2715.07,145812,69836,0.256,49,Declining
2024-07,2024,Q3,Twenty One Pilots,Rock,South Korea,Asia,1332437,732840,599597,5.7,1530.11,1535.81,66184,64814,0.127,60,Stable
2024-07,2024,Q3,Dua Lipa,Pop,South Korea,Asia,10658862,5862374,4796488,43.85,13010.63,13054.48,481462,258037,0.268,100,Rising
2024-07,2024,Q3,Ed Sheeran,Pop,South Korea,Asia,9624384,5293411,4330973,36.65,8125.95,8162.6,535064,437537,0.345,100,Rising
2024-07,2024,Q3,Martin Garrix,Electronic,India,Asia,11177064,2458954,8718110,4.82,21549.04,21553.86,253121,461045,0.135,100,Rising
2024-07,2024,Q3,Calvin Harris,Electronic,India,Asia,3480484,765706,2714778,1.63,3997.9,3999.53,115495,43400,0.186,100,Rising
2024-07,2024,Q3,Bad Bunny,Latin,India,Asia,436780,96091,340689,0.2,685.57,685.77,22642,12228,0.238,76,Stable
2024-07,2024,Q3,Drake,Hip-Hop,India,Asia,3820603,840532,2980071,1.61,8425.89,8427.5,245752,154405,0.232,72,Stable
2024-07,2024,Q3,Doja Cat,Pop,India,Asia,10169689,2237331,7932358,5.08,20803.24,20808.32,700657,341168,0.082,100,Stable
2024-07,2024,Q3,Stray Kids,K-Pop,India,Asia,9273996,2040279,7233717,4.61,18550.3,18554.91,269764,231746,0.129,100,Declining
2024-07,2024,Q3,Billie Eilish,Pop,India,Asia,2211264,486478,1724786,1.07,2067.02,2068.09,60899,102573,0.308,100,Declining
2024-07,2024,Q3,Taylor Swift,Pop,India,Asia,1388306,305427,1082879,0.59,1547.35,1547.94,41216,24580,0.27,100,Stable
2024-07,2024,Q3,Kendrick Lamar,Hip-Hop,Indonesia,Asia,9162927,1832585,7330342,4.6,16422.51,16427.11,502099,446591,0.319,100,Rising
2024-07,2024,Q3,Billie Eilish,Pop,Indonesia,Asia,1801693,360338,1441355,0.95,2264.8,2265.75,119637,18637,0.183,98,Declining
2024-07,2024,Q3,H.E.R.,R&B,Indonesia,Asia,3154996,630999,2523997,1.41,5246.24,5247.65,185416,123548,0.147,95,Rising
2024-07,2024,Q3,Disclosure,Electronic,Indonesia,Asia,7448012,1489602,5958410,3.97,13264.05,13268.02,306358,113774,0.255,100,Rising
2024-07,2024,Q3,Twenty One Pilots,Rock,Indonesia,Asia,3528112,705622,2822490,1.7,3983.68,3985.38,122491,68822,0.193,53,Stable
2024-07,2024,Q3,Burna Boy,Afrobeats,Indonesia,Asia,4800980,960196,3840784,2.05,7561.02,7563.07,192791,234200,0.182,100,Rising
2024-07,2024,Q3,Karol G,Latin,Indonesia,Asia,4218959,843791,3375168,2.37,4512.25,4514.62,197790,197954,0.304,100,Rising
2024-07,2024,Q3,Blackpink,K-Pop,Indonesia,Asia,25757556,5151511,20606045,14.4,45056.77,45071.17,1896418,415304,0.092,100,Rising
2024-07,2024,Q3,Nicki Minaj,Hip-Hop,Argentina,Latam,3395576,1086584,2308992,3.37,5397.37,5400.74,76042,97876,0.144,100,Stable
2024-07,2024,Q3,Miley Cyrus,Pop,Argentina,Latam,2924449,935823,1988626,3.13,2081.83,2084.96,130384,117231,0.338,94,Stable
2024-07,2024,Q3,Martin Garrix,Electronic,Argentina,Latam,3606694,1154142,2452552,3.46,4478.82,4482.28,211876,58149,0.327,100,Rising
2024-07,2024,Q3,Lil Baby,Hip-Hop,Argentina,Latam,119352,38192,81160,0.13,109.54,109.67,4150,2035,0.171,80,Declining
2024-07,2024,Q3,Aespa,K-Pop,Argentina,Latam,323094,103390,219704,0.35,225.2,225.55,8556,4410,0.181,92,Rising
2024-07,2024,Q3,Peso Pluma,Latin,Argentina,Latam,5173333,1655466,3517867,5.81,6449.98,6455.79,204610,241403,0.28,100,Rising
2024-07,2024,Q3,Karol G,Latin,Argentina,Latam,1437112,459875,977237,1.33,1265.48,1266.81,71089,35509,0.27,100,Rising
2024-07,2024,Q3,21 Savage,Hip-Hop,Argentina,Latam,1910400,611328,1299072,2.0,3104.06,3106.06,106411,58384,0.196,93,Declining
2024-07,2024,Q3,Kendrick Lamar,Hip-Hop,Argentina,Latam,3159164,1010932,2148232,3.61,2535.52,2539.13,97929,90085,0.252,100,Rising
2024-07,2024,Q3,Frank Ocean,R&B,Chile,Latam,3022530,1027660,1994870,3.37,2047.11,2050.48,186607,52110,0.122,100,Rising
2024-07,2024,Q3,Dua Lipa,Pop,Chile,Latam,4768993,1621457,3147536,6.05,6209.48,6215.53,175864,132523,0.083,100,Rising
2024-07,2024,Q3,Paramore,Rock,Chile,Latam,2233141,759267,1473874,2.75,1513.22,1515.97,121512,79355,0.293,59,Stable
2024-07,2024,Q3,Kendrick Lamar,Hip-Hop,Chile,Latam,2466999,838779,1628220,2.68,3789.51,3792.19,64531,69547,0.138,100,Rising
2024-07,2024,Q3,Stray Kids,K-Pop,Chile,Latam,1453650,494241,959409,1.78,2282.66,2284.44,48781,68190,0.248,55,Declining
2024-07,2024,Q3,Calvin Harris,Electronic,Chile,Latam,1278265,434610,843655,1.74,1515.24,1516.98,90208,56745,0.151,77,Rising
2024-07,2024,Q3,Billie Eilish,Pop,Chile,Latam,213194,72485,140709,0.28,270.88,271.16,13465,2318,0.293,83,Declining
2024-07,2024,Q3,Martin Garrix,Electronic,Chile,Latam,4551711,1547581,3004130,5.12,6154.18,6159.3,120713,199349,0.209,100,Rising
2024-07,2024,Q3,Wizkid,Afrobeats,Chile,Latam,2102095,714712,1387383,2.43,2025.8,2028.23,113973,99850,0.267,66,Rising
2024-07,2024,Q3,Asake,Afrobeats,Chile,Latam,1155835,392983,762852,1.57,1055.77,1057.34,92442,15067,0.273,46,Rising
2024-07,2024,Q3,Karol G,Latin,Chile,Latam,6737020,2290586,4446434,8.31,8212.51,8220.82,523816,103842,0.208,100,Rising
2024-07,2024,Q3,Taylor Swift,Pop,Chile,Latam,1553539,528203,1025336,1.84,2519.48,2521.32,110562,20909,0.33,100,Stable
2024-08,2024,Q3,21 Savage,Hip-Hop,Netherlands,Europe,3325371,2261252,1064119,23.84,1336.23,1360.07,150314,145016,0.198,72,Declining
2024-08,2024,Q3,Travis Scott,Hip-Hop,Netherlands,Europe,3727506,2534704,1192802,27.15,1767.88,1795.03,260115,97435,0.192,100,Declining
2024-08,2024,Q3,Ariana Grande,Pop,Netherlands,Europe,2389335,1624747,764588,14.45,2150.93,2165.38,150740,27293,0.237,100,Stable
2024-08,2024,Q3,Aespa,K-Pop,Netherlands,Europe,1777991,1209033,568958,12.41,922.03,934.44,61762,19382,0.17,100,Rising
2024-08,2024,Q3,The Weeknd,R&B/Pop,Netherlands,Europe,3742531,2544921,1197610,23.95,1844.0,1867.95,138419,182609,0.09,100,Rising
2024-08,2024,Q3,Calvin Harris,Electronic,Netherlands,Europe,12788221,8695990,4092231,85.0,11731.66,11816.66,392908,332380,0.347,100,Rising
2024-08,2024,Q3,Rema,Afrobeats,Netherlands,Europe,4471873,3040873,1431000,30.18,2222.11,2252.29,173522,109208,0.172,100,Rising
2024-08,2024,Q3,Arctic Monkeys,Rock,Netherlands,Europe,1200115,816078,384037,8.56,448.36,456.92,78730,56173,0.149,100,Rising
2024-08,2024,Q3,Newjeans,K-Pop,Netherlands,Europe,2275685,1547465,728220,14.47,1293.09,1307.56,178632,52236,0.117,66,Stable
2024-08,2024,Q3,Post Malone,Hip-Hop,Netherlands,Europe,1486140,1010575,475565,11.41,574.56,585.97,98030,20410,0.133,84,Declining
2024-08,2024,Q3,Bts,K-Pop,Netherlands,Europe,4069183,2767044,1302139,27.91,3748.62,3776.53,236478,127598,0.159,71,Stable
2024-08,2024,Q3,Nicki Minaj,Hip-Hop,Netherlands,Europe,3770810,2564150,1206660,23.09,3244.01,3267.1,257590,147641,0.093,100,Stable
2024-08,2024,Q3,Harry Styles,Pop,United Kingdom,Europe,7202310,4681501,2520809,40.13,3985.4,4025.53,202939,138652,0.22,100,Stable
2024-08,2024,Q3,Travis Scott,Hip-Hop,United Kingdom,Europe,4184702,2720056,1464646,25.43,2938.28,2963.71,234966,99661,0.308,100,Declining
2024-08,2024,Q3,Ariana Grande,Pop,United Kingdom,Europe,5867949,3814166,2053783,41.18,3895.54,3936.72,437990,199429,0.268,100,Stable
2024-08,2024,Q3,Miley Cyrus,Pop,United Kingdom,Europe,5770302,3750696,2019606,41.43,4174.48,4215.91,321210,85732,0.242,100,Stable
2024-08,2024,Q3,Sza,R&B,United Kingdom,Europe,2124135,1380687,743448,13.94,907.89,921.83,78551,74046,0.162,94,Stable
2024-08,2024,Q3,Blackpink,K-Pop,United Kingdom,Europe,7238221,4704843,2533378,47.26,4175.89,4223.15,450572,195132,0.323,100,Rising
2024-08,2024,Q3,Stray Kids,K-Pop,United Kingdom,Europe,2104416,1367870,736546,15.18,935.01,950.19,55881,50599,0.319,66,Declining
2024-08,2024,Q3,Kendrick Lamar,Hip-Hop,United Kingdom,Europe,545176,354364,190812,3.72,388.87,392.59,28476,12171,0.246,100,Rising
2024-08,2024,Q3,Drake,Hip-Hop,United Kingdom,Europe,1948587,1266581,682006,14.41,708.3,722.71,66838,58379,0.101,94,Stable
2024-08,2024,Q3,Dua Lipa,Pop,United Kingdom,Europe,12784475,8309908,4474567,89.14,8581.46,8670.6,939090,142711,0.15,100,Rising
2024-08,2024,Q3,Disclosure,Electronic,Germany,Europe,11105625,7773937,3331688,72.61,5645.72,5718.33,822501,350297,0.17,100,Rising
2024-08,2024,Q3,Rema,Afrobeats,Germany,Europe,1497654,1048357,449297,11.73,1039.59,1051.32,105977,74802,0.215,100,Rising
2024-08,2024,Q3,Burna Boy,Afrobeats,Germany,Europe,4576871,3203809,1373062,30.89,2728.7,2759.59,215129,182724,0.326,100,Rising
2024-08,2024,Q3,Nicki Minaj,Hip-Hop,Germany,Europe,3925949,2748164,1177785,26.14,2357.4,2383.54,90404,128061,0.249,100,Stable
2024-08,2024,Q3,Rauw Alejandro,Latin,Germany,Europe,4110661,2877462,1233199,26.03,2166.94,2192.97,234267,97854,0.208,97,Stable
2024-08,2024,Q3,J. Cole,Hip-Hop,Germany,Europe,1568990,1098293,470697,9.34,1184.95,1194.29,115279,35611,0.17,97,Stable
2024-08,2024,Q3,Davido,Afrobeats,Germany,Europe,596669,417668,179001,3.7,414.27,417.97,25027,22028,0.148,100,Rising
2024-08,2024,Q3,Calvin Harris,Electronic,Germany,Europe,10613544,7429480,3184064,73.96,8545.87,8619.83,565227,173891,0.249,100,Rising
2024-08,2024,Q3,Dua Lipa,Pop,Sweden,Europe,755516,543971,211545,5.51,579.3,584.81,59955,18704,0.095,100,Rising
2024-08,2024,Q3,The Weeknd,R&B/Pop,Sweden,Europe,6016005,4331523,1684482,38.83,5014.01,5052.84,140625,85296,0.214,100,Rising
2024-08,2024,Q3,Harry Styles,Pop,Sweden,Europe,1267804,912818,354986,9.48,742.17,751.65,70900,35527,0.206,100,Stable
2024-08,2024,Q3,Arctic Monkeys,Rock,Sweden,Europe,14070177,10130527,3939650,116.19,11103.58,11219.77,344978,467021,0.333,100,Rising
2024-08,2024,Q3,Kendrick Lamar,Hip-Hop,Sweden,Europe,4997632,3598295,1399337,39.14,2248.41,2287.55,230718,185366,0.107,100,Rising
2024-08,2024,Q3,Drake,Hip-Hop,Sweden,Europe,2965972,2135499,830473,22.9,1699.86,1722.76,185000,146916,0.127,77,Stable
2024-08,2024,Q3,Doja Cat,Pop,Sweden,Europe,9608808,6918341,2690467,69.6,4999.34,5068.94,222467,313108,0.081,100,Stable
2024-08,2024,Q3,Stray Kids,K-Pop,Sweden,Europe,399377,287551,111826,3.06,286.37,289.43,30473,8528,0.281,74,Declining
2024-08,2024,Q3,Newjeans,K-Pop,Sweden,Europe,1507046,1085073,421973,11.76,651.85,663.61,32176,30544,0.238,57,Stable
2024-08,2024,Q3,Ariana Grande,Pop,Sweden,Europe,3699443,2663598,1035845,27.09,1171.39,1198.48,162590,184937,0.15,100,Stable
2024-08,2024,Q3,Olivia Rodrigo,Pop,Sweden,Europe,2683753,1932302,751451,19.33,1570.22,1589.55,147617,108505,0.259,100,Rising
2024-08,2024,Q3,Giveon,R&B,France,Europe,3288500,2038870,1249630,21.3,2443.54,2464.84,256277,45817,0.1,100,Rising
2024-08,2024,Q3,Peso Pluma,Latin,France,Europe,3309311,2051772,1257539,21.32,1340.88,1362.2,258527,57109,0.154,100,Rising
2024-08,2024,Q3,Twenty One Pilots,Rock,France,Europe,1273615,789641,483974,8.75,1100.82,1109.57,48556,45547,0.299,100,Stable
2024-08,2024,Q3,H.E.R.,R&B,France,Europe,5544422,3437541,2106881,32.17,3404.42,3436.59,269053,58980,0.083,100,Rising
2024-08,2024,Q3,Tyla,Afrobeats,France,Europe,454461,281765,172696,3.0,299.57,302.57,34753,7029,0.098,100,Rising
2024-08,2024,Q3,Karol G,Latin,France,Europe,2439330,1512384,926946,17.08,2020.6,2037.68,145409,26292,0.261,100,Rising
2024-08,2024,Q3,Travis Scott,Hip-Hop,France,Europe,3799772,2355858,1443914,20.59,4189.41,4210.0,278337,91721,0.146,100,Declining
2024-08,2024,Q3,Sza,R&B,France,Europe,2938709,1821999,1116710,20.71,1838.58,1859.29,182307,99247,0.234,83,Stable
2024-08,2024,Q3,Post Malone,Hip-Hop,France,Europe,1220296,756583,463713,8.51,1061.46,1069.97,87662,15130,0.107,96,Declining
2024-08,2024,Q3,Tyla,Afrobeats,Ireland,Europe,6183016,3957130,2225886,40.1,2270.23,2310.33,489681,251520,0.178,100,Rising
2024-08,2024,Q3,Post Malone,Hip-Hop,Ireland,Europe,2574335,1647574,926761,17.06,2340.65,2357.71,73746,110333,0.164,100,Declining
2024-08,2024,Q3,The Weeknd,R&B/Pop,Ireland,Europe,6410846,4102941,2307905,42.72,5462.21,5504.93,506624,204136,0.283,100,Rising
2024-08,2024,Q3,21 Savage,Hip-Hop,Ireland,Europe,942644,603292,339352,6.49,753.68,760.17,31363,24468,0.274,74,Declining
2024-08,2024,Q3,Karol G,Latin,Ireland,Europe,4512849,2888223,1624626,29.36,2949.11,2978.47,186541,222993,0.091,100,Rising
2024-08,2024,Q3,Travis Scott,Hip-Hop,Ireland,Europe,4865416,3113866,1751550,28.26,4850.55,4878.81,206627,227146,0.346,100,Declining
2024-08,2024,Q3,Bad Bunny,Latin,Ireland,Europe,3391807,2170756,1221051,24.03,2197.95,2221.98,199774,167078,0.132,82,Stable
2024-08,2024,Q3,Giveon,R&B,Ireland,Europe,4308497,2757438,1551059,28.8,3634.3,3663.1,170089,206577,0.29,100,Rising
2024-08,2024,Q3,Blackpink,K-Pop,Spain,Europe,4751267,2613196,2138071,25.42,4452.88,4478.3,367681,224518,0.346,100,Rising
2024-08,2024,Q3,Twenty One Pilots,Rock,Spain,Europe,1366651,751658,614993,6.42,629.81,636.23,100543,15773,0.17,100,Stable
2024-08,2024,Q3,Stray Kids,K-Pop,Spain,Europe,2448332,1346582,1101750,14.09,1801.68,1815.77,126901,86178,0.163,65,Declining
2024-08,2024,Q3,Harry Styles,Pop,Spain,Europe,3053309,1679319,1373990,19.1,1892.02,1911.12,143639,55415,0.262,100,Stable
2024-08,2024,Q3,Rauw Alejandro,Latin,Spain,Europe,2667260,1466993,1200267,13.24,1353.79,1367.03,167743,110354,0.31,100,Stable
2024-08,2024,Q3,Miley Cyrus,Pop,Spain,Europe,1354102,744756,609346,6.95,1730.07,1737.02,68384,59801,0.287,100,Stable
2024-08,2024,Q3,Nicki Minaj,Hip-Hop,Spain,Europe,3200172,1760094,1440078,19.4,2704.77,2724.17,111621,41275,0.196,100,Stable
2024-08,2024,Q3,Calvin Harris,Electronic,Spain,Europe,5431792,2987485,2444307,29.11,7219.79,7248.9,147979,141291,0.154,100,Rising
2024-08,2024,Q3,Kendrick Lamar,Hip-Hop,Italy,Europe,1523654,792300,731354,7.71,1271.19,1278.9,106145,20769,0.12,100,Rising
2024-08,2024,Q3,Bad Bunny,Latin,Italy,Europe,3354068,1744115,1609953,18.84,4465.23,4484.07,162805,76859,0.276,95,Stable
2024-08,2024,Q3,Rema,Afrobeats,Italy,Europe,2189818,1138705,1051113,11.57,2875.02,2886.59,111344,97453,0.23,86,Rising
2024-08,2024,Q3,Ed Sheeran,Pop,Italy,Europe,5022015,2611447,2410568,26.81,3424.09,3450.9,356753,224536,0.297,100,Rising
2024-08,2024,Q3,Bts,K-Pop,Italy,Europe,1076988,560033,516955,5.92,811.51,817.43,57717,36710,0.175,79,Stable
2024-08,2024,Q3,Travis Scott,Hip-Hop,Italy,Europe,2232696,1161001,1071695,10.84,2909.8,2920.64,164179,53144,0.177,90,Declining
2024-08,2024,Q3,Martin Garrix,Electronic,Italy,Europe,14466581,7522622,6943959,75.57,7079.01,7154.58,379271,600928,0.185,100,Rising
2024-08,2024,Q3,Asake,Afrobeats,Italy,Europe,2286362,1188908,1097454,11.47,3236.1,3247.57,47855,88831,0.336,78,Rising
2024-08,2024,Q3,Lil Baby,Hip-Hop,Italy,Europe,1169722,608255,561467,5.9,1173.81,1179.71,55529,46124,0.261,59,Declining
2024-08,2024,Q3,Fred Again..,Electronic,Italy,Europe,796091,413967,382124,3.84,583.07,586.91,31713,27619,0.306,100,Declining
2024-08,2024,Q3,Davido,Afrobeats,Italy,Europe,6239553,3244567,2994986,30.71,4925.32,4956.03,250748,266689,0.295,100,Rising
2024-08,2024,Q3,Dua Lipa,Pop,United States,Americas,12056354,6992685,5063669,75.42,10748.11,10823.53,947829,425329,0.24,100,Rising
2024-08,2024,Q3,Frank Ocean,R&B,United States,Americas,7220477,4187876,3032601,50.23,6884.98,6935.21,227991,289606,0.216,100,Rising
2024-08,2024,Q3,Imagine Dragons,Rock,United States,Americas,4890368,2836413,2053955,31.15,5172.17,5203.32,102979,136356,0.084,100,Stable
2024-08,2024,Q3,Harry Styles,Pop,United States,Americas,11709382,6791441,4917941,74.31,14011.94,14086.25,715683,483481,0.237,100,Stable
2024-08,2024,Q3,Lil Baby,Hip-Hop,United States,Americas,8418346,4882640,3535706,53.06,5369.38,5422.44,577698,200911,0.245,100,Declining
2024-08,2024,Q3,Ed Sheeran,Pop,United States,Americas,5638530,3270347,2368183,35.39,4965.41,5000.8,417078,235757,0.34,100,Rising
2024-08,2024,Q3,Ariana Grande,Pop,United States,Americas,10231098,5934036,4297062,57.36,12431.08,12488.44,254765,379728,0.325,100,Stable
2024-08,2024,Q3,Bts,K-Pop,United States,Americas,4451066,2581618,1869448,26.62,4707.39,4734.01,179329,220031,0.312,78,Stable
2024-08,2024,Q3,Martin Garrix,Electronic,United States,Americas,6352449,3684420,2668029,44.76,6785.47,6830.23,269771,210685,0.177,100,Rising
2024-08,2024,Q3,Drake,Hip-Hop,Brazil,Americas,3859872,1466751,2393121,7.4,3340.25,3347.65,142779,113884,0.263,100,Stable
2024-08,2024,Q3,Davido,Afrobeats,Brazil,Americas,937891,356398,581493,1.68,1482.19,1483.87,72612,38747,0.127,100,Rising
2024-08,2024,Q3,Post Malone,Hip-Hop,Brazil,Americas,2156520,819477,1337043,4.26,2849.84,2854.1,105256,41898,0.103,100,Declining
2024-08,2024,Q3,Burna Boy,Afrobeats,Brazil,Americas,7762202,2949636,4812566,13.04,8163.21,8176.25,286580,102633,0.346,100,Rising
2024-08,2024,Q3,Paramore,Rock,Brazil,Americas,283062,107563,175499,0.47,425.69,426.16,14964,8762,0.347,100,Stable
2024-08,2024,Q3,Brent Faiyaz,R&B,Brazil,Americas,9548598,3628467,5920131,16.25,9817.06,9833.31,220889,344925,0.172,100,Rising
2024-08,2024,Q3,Martin Garrix,Electronic,Brazil,Americas,3230886,1227736,2003150,6.53,3260.4,3266.93,97324,112618,0.263,100,Rising
2024-08,2024,Q3,Calvin Harris,Electronic,Brazil,Americas,2691764,1022870,1668894,5.04,3920.11,3925.15,154463,110291,0.282,80,Rising
2024-08,2024,Q3,Fred Again..,Electronic,Brazil,Americas,2861208,1087259,1773949,5.39,4546.73,4552.12,58182,128017,0.241,45,Declining
2024-08,2024,Q3,Imagine Dragons,Rock,Brazil,Americas,6258755,2378326,3880429,11.07,8290.09,8301.16,404854,70774,0.242,100,Stable
2024-08,2024,Q3,Coldplay,Rock,Brazil,Americas,4892572,1859177,3033395,8.99,3904.31,3913.3,342746,146997,0.247,71,Stable
2024-08,2024,Q3,Billie Eilish,Pop,Mexico,Americas,6102354,2135823,3966531,9.7,4241.94,4251.64,135126,295357,0.269,100,Declining
2024-08,2024,Q3,Karol G,Latin,Mexico,Americas,5418917,1896620,3522297,8.03,9454.03,9462.06,135252,196505,0.209,100,Rising
2024-08,2024,Q3,Aespa,K-Pop,Mexico,Americas,5139479,1798817,3340662,6.67,7203.59,7210.26,105758,201774,0.197,100,Rising
2024-08,2024,Q3,Stray Kids,K-Pop,Mexico,Americas,4448577,1557001,2891576,5.42,5422.02,5427.44,350585,46244,0.179,65,Declining
2024-08,2024,Q3,Nicki Minaj,Hip-Hop,Mexico,Americas,5215410,1825393,3390017,7.03,5592.81,5599.84,308950,214560,0.09,100,Stable
2024-08,2024,Q3,Twenty One Pilots,Rock,Mexico,Americas,2748702,962045,1786657,3.6,2954.32,2957.92,160700,109133,0.218,93,Stable
2024-08,2024,Q3,Blackpink,K-Pop,Mexico,Americas,8395716,2938500,5457216,13.35,8791.07,8804.42,379119,341012,0.101,100,Rising
2024-08,2024,Q3,Bts,K-Pop,Mexico,Americas,3894937,1363227,2531710,5.57,3824.34,3829.91,227734,180546,0.189,80,Stable
2024-08,2024,Q3,Lil Baby,Hip-Hop,Mexico,Americas,6717597,2351158,4366439,10.59,9113.75,9124.34,293605,247605,0.231,100,Declining
2024-08,2024,Q3,Giveon,R&B,Colombia,Americas,9642890,2892867,6750023,9.25,9120.0,9129.25,289265,195861,0.223,100,Rising
2024-08,2024,Q3,Rauw Alejandro,Latin,Colombia,Americas,6513411,1954023,4559388,7.42,9348.74,9356.16,360756,200085,0.293,100,Stable
2024-08,2024,Q3,21 Savage,Hip-Hop,Colombia,Americas,6581741,1974522,4607219,6.47,6382.27,6388.74,399573,134711,0.206,100,Declining
2024-08,2024,Q3,H.E.R.,R&B,Colombia,Americas,610856,183256,427600,0.66,1209.97,1210.63,13758,25522,0.146,100,Rising
2024-08,2024,Q3,Tyla,Afrobeats,Colombia,Americas,8675008,2602502,6072506,9.11,16374.28,16383.39,197088,232678,0.199,100,Rising
2024-08,2024,Q3,Brent Faiyaz,R&B,Colombia,Americas,3643796,1093138,2550658,3.39,6414.01,6417.4,126717,83306,0.087,100,Rising
2024-08,2024,Q3,Twenty One Pilots,Rock,Colombia,Americas,5339119,1601735,3737384,6.27,7831.38,7837.65,411838,85030,0.173,92,Stable
2024-08,2024,Q3,Post Malone,Hip-Hop,Colombia,Americas,2115735,634720,1481015,1.94,3870.54,3872.48,103665,102867,0.112,100,Declining
2024-08,2024,Q3,Miley Cyrus,Pop,Nigeria,Africa,676785,121821,554964,0.39,1605.86,1606.25,17186,13325,0.144,89,Stable
2024-08,2024,Q3,Imagine Dragons,Rock,Nigeria,Africa,1091751,196515,895236,0.63,2544.11,2544.74,73379,46996,0.109,91,Stable
2024-08,2024,Q3,Taylor Swift,Pop,Nigeria,Africa,183717,33069,150648,0.09,269.21,269.3,7618,2561,0.284,100,Stable
2024-08,2024,Q3,Karol G,Latin,Nigeria,Africa,1110836,199950,910886,0.54,1013.28,1013.82,46187,38486,0.201,72,Rising
2024-08,2024,Q3,Dua Lipa,Pop,Nigeria,Africa,1010570,181902,828668,0.61,1274.71,1275.32,37016,36023,0.318,100,Rising
2024-08,2024,Q3,Sza,R&B,Nigeria,Africa,1549434,278898,1270536,0.84,3550.14,3550.98,42634,59109,0.111,100,Stable
2024-08,2024,Q3,Blackpink,K-Pop,Nigeria,Africa,3849626,692932,3156694,1.8,6448.06,6449.86,199142,47269,0.091,100,Rising
2024-08,2024,Q3,Newjeans,K-Pop,Nigeria,Africa,1354995,243899,1111096,0.83,1871.77,1872.6,80613,13959,0.259,72,Stable
2024-08,2024,Q3,Fred Again..,Electronic,Nigeria,Africa,1107531,199355,908176,0.63,1132.21,1132.84,72349,13817,0.24,48,Declining
2024-08,2024,Q3,Rauw Alejandro,Latin,Nigeria,Africa,392914,70724,322190,0.2,785.61,785.81,9761,16970,0.32,82,Stable
2024-08,2024,Q3,Aespa,K-Pop,Nigeria,Africa,1341644,241495,1100149,0.71,1695.63,1696.34,69512,34553,0.117,97,Rising
2024-08,2024,Q3,J Balvin,Latin,Nigeria,Africa,2174791,391462,1783329,1.11,3736.7,3737.81,96468,62306,0.286,83,Rising
2024-08,2024,Q3,Frank Ocean,R&B,South Africa,Africa,3095631,866776,2228855,3.68,2735.06,2738.74,107911,69797,0.224,100,Rising
2024-08,2024,Q3,The Weeknd,R&B/Pop,South Africa,Africa,1359516,380664,978852,1.4,1831.72,1833.12,106693,21885,0.338,100,Rising
2024-08,2024,Q3,Peso Pluma,Latin,South Africa,Africa,897033,251169,645864,1.05,1684.5,1685.55,28543,43888,0.228,100,Rising
2024-08,2024,Q3,Stray Kids,K-Pop,South Africa,Africa,76782,21498,55284,0.08,135.58,135.66,2778,3286,0.157,55,Declining
2024-08,2024,Q3,21 Savage,Hip-Hop,South Africa,Africa,190464,53329,137135,0.24,309.45,309.69,11448,8389,0.278,81,Declining
2024-08,2024,Q3,Billie Eilish,Pop,South Africa,Africa,2203135,616877,1586258,2.11,2883.43,2885.54,155730,84568,0.201,81,Declining
2024-08,2024,Q3,Coldplay,Rock,South Africa,Africa,1148634,321617,827017,1.46,2033.17,2034.63,46573,24374,0.331,46,Stable
2024-08,2024,Q3,Taylor Swift,Pop,South Africa,Africa,686336,192174,494162,0.72,842.14,842.86,18910,6886,0.213,100,Stable
2024-08,2024,Q3,Karol G,Latin,South Africa,Africa,2036805,570305,1466500,2.51,2633.23,2635.74,88620,86221,0.285,83,Rising
2024-08,2024,Q3,Nicki Minaj,Hip-Hop,South Africa,Africa,2632121,736993,1895128,2.73,3733.27,3736.0,168746,59921,0.083,100,Stable
2024-08,2024,Q3,Ed Sheeran,Pop,South Africa,Africa,929054,260135,668919,1.02,1666.98,1668.0,72162,21311,0.282,100,Rising
2024-08,2024,Q3,Burna Boy,Afrobeats,Kenya,Africa,4116845,617526,3499319,1.51,8901.43,8902.94,204896,85077,0.349,100,Rising
2024-08,2024,Q3,21 Savage,Hip-Hop,Kenya,Africa,396362,59454,336908,0.17,915.32,915.49,27936,13988,0.111,92,Declining
2024-08,2024,Q3,Disclosure,Electronic,Kenya,Africa,2558075,383711,2174364,1.03,5291.99,5293.02,62298,51361,0.301,100,Rising
2024-08,2024,Q3,Billie Eilish,Pop,Kenya,Africa,719586,107937,611649,0.29,691.41,691.7,35017,26323,0.126,100,Declining
2024-08,2024,Q3,Doja Cat,Pop,Kenya,Africa,1945533,291829,1653704,0.8,2654.72,2655.52,124869,40356,0.099,100,Stable
2024-08,2024,Q3,Blackpink,K-Pop,Kenya,Africa,3069888,460483,2609405,1.15,5632.03,5633.18,177611,104997,0.247,100,Rising
2024-08,2024,Q3,Wizkid,Afrobeats,Kenya,Africa,11158713,1673806,9484907,4.0,15207.53,15211.53,756940,398454,0.214,100,Rising
2024-08,2024,Q3,Drake,Hip-Hop,Kenya,Africa,1949237,292385,1656852,0.7,2044.08,2044.78,67814,19848,0.175,100,Stable
2024-08,2024,Q3,Bts,K-Pop,Kenya,Africa,1848374,277256,1571118,0.61,1609.72,1610.33,92240,52603,0.132,70,Stable
2024-08,2024,Q3,Imagine Dragons,Rock,Kenya,Africa,891931,133789,758142,0.31,1090.9,1091.21,60900,10320,0.157,74,Stable
2024-08,2024,Q3,Doja Cat,Pop,Ghana,Africa,1155115,161716,993399,0.42,2710.28,2710.7,51829,32132,0.222,100,Stable
2024-08,2024,Q3,Bts,K-Pop,Ghana,Africa,505595,70783,434812,0.14,667.5,667.64,36963,14578,0.24,87,Stable
2024-08,2024,Q3,Giveon,R&B,Ghana,Africa,3001212,420169,2581043,0.87,4183.78,4184.65,155440,108866,0.267,100,Rising
2024-08,2024,Q3,Ed Sheeran,Pop,Ghana,Africa,2947857,412699,2535158,1.07,7171.78,7172.85,156523,38796,0.1,100,Rising
2024-08,2024,Q3,J Balvin,Latin,Ghana,Africa,923747,129324,794423,0.29,950.64,950.93,67090,24017,0.328,87,Rising
2024-08,2024,Q3,Kendrick Lamar,Hip-Hop,Ghana,Africa,3381463,473404,2908059,1.23,7378.46,7379.69,230855,151666,0.221,100,Rising
2024-08,2024,Q3,Rema,Afrobeats,Ghana,Africa,9566977,1339376,8227601,3.34,16681.86,16685.2,403100,233756,0.176,100,Rising
2024-08,2024,Q3,Martin Garrix,Electronic,Ghana,Africa,2722135,381098,2341037,0.97,5335.96,5336.93,55934,59443,0.193,100,Rising
2024-08,2024,Q3,H.E.R.,R&B,Ghana,Africa,4266668,597333,3669335,1.18,6787.58,6788.76,314872,145109,0.181,100,Rising
2024-08,2024,Q3,Taylor Swift,Pop,Ghana,Africa,3784998,529899,3255099,1.33,7337.7,7339.03,205276,138084,0.256,100,Stable
2024-08,2024,Q3,Olivia Rodrigo,Pop,Ghana,Africa,3073977,430356,2643621,1.09,5088.4,5089.49,232328,128293,0.313,100,Rising
2024-08,2024,Q3,Bad Bunny,Latin,Ghana,Africa,770417,107858,662559,0.23,1224.24,1224.47,17588,15735,0.15,57,Stable
2024-08,2024,Q3,Aespa,K-Pop,Japan,Asia,20374481,12224688,8149793,130.45,13057.89,13188.34,601293,557304,0.103,100,Rising
2024-08,2024,Q3,Dua Lipa,Pop,Japan,Asia,3292902,1975741,1317161,20.62,2954.4,2975.02,84279,35051,0.129,100,Rising
2024-08,2024,Q3,Burna Boy,Afrobeats,Japan,Asia,4279520,2567712,1711808,27.88,1742.68,1770.56,322980,113569,0.19,88,Rising
2024-08,2024,Q3,Rauw Alejandro,Latin,Japan,Asia,1961990,1177194,784796,9.91,922.21,932.12,125385,38163,0.1,97,Stable
2024-08,2024,Q3,Lil Baby,Hip-Hop,Japan,Asia,432380,259428,172952,2.45,239.6,242.05,19780,10531,0.197,49,Declining
2024-08,2024,Q3,Calvin Harris,Electronic,Japan,Asia,6512857,3907714,2605143,32.73,4990.2,5022.93,242194,130725,0.272,100,Rising
2024-08,2024,Q3,Arctic Monkeys,Rock,Japan,Asia,1049254,629552,419702,6.62,671.87,678.49,50919,50607,0.222,100,Rising
2024-08,2024,Q3,Imagine Dragons,Rock,Japan,Asia,459674,275804,183870,2.83,535.91,538.74,35686,4604,0.251,82,Stable
2024-08,2024,Q3,Nicki Minaj,Hip-Hop,Japan,Asia,4860019,2916011,1944008,26.35,4292.18,4318.53,304906,132282,0.132,100,Stable
2024-08,2024,Q3,Billie Eilish,Pop,Japan,Asia,4468902,2681341,1787561,25.48,4556.62,4582.1,107431,125574,0.221,100,Declining
2024-08,2024,Q3,Davido,Afrobeats,South Korea,Asia,7151313,3933222,3218091,26.73,9267.09,9293.82,549920,274729,0.194,100,Rising
2024-08,2024,Q3,Harry Styles,Pop,South Korea,Asia,6879915,3783953,3095962,30.36,5215.06,5245.42,281213,172122,0.198,100,Stable
2024-08,2024,Q3,Newjeans,K-Pop,South Korea,Asia,9659911,5312951,4346960,45.4,11978.86,12024.26,473931,272312,0.297,100,Stable
2024-08,2024,Q3,Sza,R&B,South Korea,Asia,4568893,2512891,2056002,22.02,4242.98,4265.0,217987,150212,0.176,76,Stable
2024-08,2024,Q3,Rema,Afrobeats,South Korea,Asia,5214467,2867956,2346511,21.73,5185.06,5206.79,112850,147227,0.276,83,Rising
2024-08,2024,Q3,Giveon,R&B,South Korea,Asia,4746602,2610631,2135971,23.12,5311.63,5334.75,258160,216274,0.105,100,Rising
2024-08,2024,Q3,Ariana Grande,Pop,South Korea,Asia,2922902,1607596,1315306,13.97,1516.74,1530.71,107313,76307,0.189,100,Stable
2024-08,2024,Q3,Bad Bunny,Latin,South Korea,Asia,4300753,2365414,1935339,21.16,3097.4,3118.56,210774,127116,0.315,86,Stable
2024-08,2024,Q3,Frank Ocean,R&B,South Korea,Asia,4356539,2396096,1960443,19.52,3079.79,3099.31,217489,191839,0.238,100,Rising
2024-08,2024,Q3,Bts,K-Pop,South Korea,Asia,11195785,6157681,5038104,55.54,14632.01,14687.55,680354,488246,0.344,100,Stable
2024-08,2024,Q3,Dua Lipa,Pop,South Korea,Asia,7205266,3962896,3242370,28.26,7569.91,7598.17,419293,291114,0.268,100,Rising
2024-08,2024,Q3,Calvin Harris,Electronic,South Korea,Asia,2400010,1320005,1080005,10.8,2624.18,2634.98,178372,119440,0.091,100,Rising
2024-08,2024,Q3,Kendrick Lamar,Hip-Hop,India,Asia,897700,197494,700206,0.36,1103.92,1104.28,23222,37899,0.294,100,Rising
2024-08,2024,Q3,Disclosure,Electronic,India,Asia,8544430,1879774,6664656,4.3,18473.61,18477.91,612938,279318,0.291,100,Rising
2024-08,2024,Q3,Coldplay,Rock,India,Asia,2223724,489219,1734505,0.92,4460.96,4461.88,92581,66038,0.224,49,Stable
2024-08,2024,Q3,Olivia Rodrigo,Pop,India,Asia,6526267,1435778,5090489,3.17,5468.0,5471.17,367489,230621,0.279,100,Rising
2024-08,2024,Q3,H.E.R.,R&B,India,Asia,3280710,721756,2558954,1.42,4983.46,4984.88,227447,134004,0.143,100,Rising
2024-08,2024,Q3,Nicki Minaj,Hip-Hop,India,Asia,5272252,1159895,4112357,2.47,5938.78,5941.25,302766,160133,0.15,100,Stable
2024-08,2024,Q3,Ed Sheeran,Pop,India,Asia,12012553,2642761,9369792,5.48,21515.95,21521.43,639771,422465,0.314,100,Rising
2024-08,2024,Q3,Davido,Afrobeats,India,Asia,541943,119227,422716,0.25,931.56,931.81,12468,9391,0.152,100,Rising
2024-08,2024,Q3,21 Savage,Hip-Hop,India,Asia,2114599,465211,1649388,0.91,4435.21,4436.12,69831,22393,0.209,58,Declining
2024-08,2024,Q3,Arctic Monkeys,Rock,India,Asia,2889073,635596,2253477,1.11,2966.89,2968.0,90469,123469,0.176,100,Rising
2024-08,2024,Q3,Disclosure,Electronic,Indonesia,Asia,8574781,1714956,6859825,4.34,14479.0,14483.34,417730,280091,0.251,100,Rising
2024-08,2024,Q3,Blackpink,K-Pop,Indonesia,Asia,36724924,7344984,29379940,20.69,31603.37,31624.06,2845784,1790696,0.222,100,Rising
2024-08,2024,Q3,Twenty One Pilots,Rock,Indonesia,Asia,412177,82435,329742,0.18,837.38,837.56,26399,8865,0.186,50,Stable
2024-08,2024,Q3,Frank Ocean,R&B,Indonesia,Asia,4377853,875570,3502283,1.94,7510.64,7512.58,129890,150302,0.2,100,Rising
2024-08,2024,Q3,Nicki Minaj,Hip-Hop,Indonesia,Asia,3294079,658815,2635264,1.7,5982.7,5984.4,79856,70717,0.262,92,Stable
2024-08,2024,Q3,Post Malone,Hip-Hop,Indonesia,Asia,3066921,613384,2453537,1.37,2885.34,2886.71,72102,45802,0.097,78,Declining
2024-08,2024,Q3,Tyla,Afrobeats,Indonesia,Asia,1835807,367161,1468646,0.9,2511.83,2512.73,84507,31195,0.145,100,Rising
2024-08,2024,Q3,Asake,Afrobeats,Indonesia,Asia,2121536,424307,1697229,0.92,1929.23,1930.15,141279,80264,0.139,73,Rising
2024-08,2024,Q3,Newjeans,K-Pop,Argentina,Latam,959031,306889,652142,1.04,1685.09,1686.13,32335,22292,0.107,74,Stable
2024-08,2024,Q3,Sza,R&B,Argentina,Latam,912673,292055,620618,0.87,1487.85,1488.72,65479,38710,0.284,77,Stable
2024-08,2024,Q3,Rauw Alejandro,Latin,Argentina,Latam,4314682,1380698,2933984,4.45,4098.37,4102.82,339216,119340,0.136,100,Stable
2024-08,2024,Q3,Lil Baby,Hip-Hop,Argentina,Latam,1278985,409275,869710,1.35,2293.26,2294.61,39623,51404,0.2,83,Declining
2024-08,2024,Q3,Harry Styles,Pop,Argentina,Latam,2685311,859299,1826012,2.67,5227.22,5229.89,192592,98888,0.1,100,Stable
2024-08,2024,Q3,Olivia Rodrigo,Pop,Argentina,Latam,1379811,441539,938272,1.55,1871.37,1872.92,27911,50589,0.301,100,Rising
2024-08,2024,Q3,Rema,Afrobeats,Argentina,Latam,1422333,455146,967187,1.56,2361.35,2362.91,106858,37937,0.288,58,Rising
2024-08,2024,Q3,Asake,Afrobeats,Argentina,Latam,658923,210855,448068,0.65,1336.48,1337.13,30301,8155,0.323,36,Rising
2024-08,2024,Q3,Peso Pluma,Latin,Argentina,Latam,14876296,4760414,10115882,15.9,18175.05,18190.95,495054,560006,0.341,100,Rising
2024-08,2024,Q3,Stray Kids,K-Pop,Argentina,Latam,1732461,554387,1178074,1.57,2483.54,2485.11,99358,25650,0.304,60,Declining
2024-08,2024,Q3,Aespa,K-Pop,Chile,Latam,103559,35210,68349,0.13,187.71,187.84,2224,4333,0.245,96,Rising
2024-08,2024,Q3,Ariana Grande,Pop,Chile,Latam,656284,223136,433148,0.8,1241.44,1242.24,39138,26029,0.14,100,Stable
2024-08,2024,Q3,Blackpink,K-Pop,Chile,Latam,2508364,852843,1655521,2.9,4502.94,4505.84,82161,104916,0.3,100,Rising
2024-08,2024,Q3,Arctic Monkeys,Rock,Chile,Latam,3570039,1213813,2356226,3.82,3524.62,3528.44,98461,59906,0.317,100,Rising
2024-08,2024,Q3,Sza,R&B,Chile,Latam,2388108,811956,1576152,3.22,3181.51,3184.73,121645,74092,0.11,76,Stable
2024-08,2024,Q3,Frank Ocean,R&B,Chile,Latam,1914794,651029,1263765,1.97,2384.96,2386.93,141657,78004,0.17,85,Rising
2024-08,2024,Q3,Burna Boy,Afrobeats,Chile,Latam,212586,72279,140307,0.23,410.54,410.77,6839,2246,0.29,54,Rising
2024-08,2024,Q3,Peso Pluma,Latin,Chile,Latam,6609801,2247332,4362469,7.02,6664.42,6671.44,268925,134800,0.238,100,Rising
2024-08,2024,Q3,Calvin Harris,Electronic,Chile,Latam,1443665,490846,952819,1.56,1086.84,1088.4,39680,28275,0.173,82,Rising
2024-08,2024,Q3,Rema,Afrobeats,Chile,Latam,302849,102968,199881,0.39,576.85,577.24,17052,5221,0.288,50,Rising
2024-08,2024,Q3,Olivia Rodrigo,Pop,Chile,Latam,5049464,1716817,3332647,5.87,5033.86,5039.73,383564,179226,0.298,100,Rising
2024-08,2024,Q3,Travis Scott,Hip-Hop,Chile,Latam,525041,178513,346528,0.64,478.19,478.83,26187,19649,0.173,100,Declining
2024-09,2024,Q3,Billie Eilish,Pop,Netherlands,Europe,4609688,3134587,1475101,27.88,3396.49,3424.37,154224,198926,0.229,100,Declining
2024-09,2024,Q3,Brent Faiyaz,R&B,Netherlands,Europe,3670189,2495728,1174461,25.48,2986.78,3012.26,102529,164656,0.167,96,Rising
2024-09,2024,Q3,J Balvin,Latin,Netherlands,Europe,1520146,1033699,486447,10.76,847.23,857.99,58863,53936,0.304,91,Rising
2024-09,2024,Q3,Kendrick Lamar,Hip-Hop,Netherlands,Europe,1643141,1117335,525806,11.18,1477.26,1488.44,92589,30388,0.229,100,Rising
2024-09,2024,Q3,Burna Boy,Afrobeats,Netherlands,Europe,4334845,2947694,1387151,30.48,4146.11,4176.59,184507,43600,0.097,100,Rising
2024-09,2024,Q3,Olivia Rodrigo,Pop,Netherlands,Europe,10558414,7179721,3378693,64.49,6578.06,6642.55,620361,213954,0.335,100,Rising
2024-09,2024,Q3,The Weeknd,R&B/Pop,Netherlands,Europe,260244,176965,83279,1.58,225.09,226.67,10094,6087,0.259,100,Rising
2024-09,2024,Q3,Drake,Hip-Hop,Netherlands,Europe,1065550,724574,340976,6.32,449.7,456.02,83738,36987,0.118,85,Stable
2024-09,2024,Q3,Lil Baby,Hip-Hop,Netherlands,Europe,2022407,1375236,647171,13.28,831.45,844.73,114828,31331,0.22,74,Declining
2024-09,2024,Q3,Ariana Grande,Pop,Netherlands,Europe,4646669,3159734,1486935,32.95,1820.36,1853.31,184091,202814,0.12,100,Stable
2024-09,2024,Q3,Miley Cyrus,Pop,Netherlands,Europe,5476651,3724122,1752529,36.48,3598.1,3634.58,234652,167673,0.117,100,Stable
2024-09,2024,Q3,Miley Cyrus,Pop,United Kingdom,Europe,6631158,4310252,2320906,39.31,2591.78,2631.09,391916,327627,0.282,100,Stable
2024-09,2024,Q3,Nicki Minaj,Hip-Hop,United Kingdom,Europe,4645087,3019306,1625781,26.17,3173.15,3199.32,226609,53238,0.235,100,Stable
2024-09,2024,Q3,Aespa,K-Pop,United Kingdom,Europe,2880245,1872159,1008086,17.46,2503.48,2520.94,150864,138163,0.185,78,Rising
2024-09,2024,Q3,Martin Garrix,Electronic,United Kingdom,Europe,10554094,6860161,3693933,73.48,9011.09,9084.57,762020,113791,0.193,100,Rising
2024-09,2024,Q3,Doja Cat,Pop,United Kingdom,Europe,6210158,4036602,2173556,39.26,4894.77,4934.03,329721,210520,0.156,100,Stable
2024-09,2024,Q3,Burna Boy,Afrobeats,United Kingdom,Europe,6141062,3991690,2149372,45.36,6343.08,6388.44,279271,162326,0.202,100,Rising
2024-09,2024,Q3,Karol G,Latin,United Kingdom,Europe,465379,302496,162883,2.78,241.04,243.82,10131,17518,0.346,100,Rising
2024-09,2024,Q3,Arctic Monkeys,Rock,United Kingdom,Europe,2905049,1888281,1016768,21.5,1105.08,1126.58,169818,31171,0.135,100,Rising
2024-09,2024,Q3,Ed Sheeran,Pop,United Kingdom,Europe,10942209,7112435,3829774,63.75,10228.9,10292.65,329944,320268,0.215,100,Rising
2024-09,2024,Q3,Blackpink,K-Pop,United Kingdom,Europe,4605701,2993705,1611996,27.82,2796.12,2823.94,260093,118910,0.143,100,Rising
2024-09,2024,Q3,Asake,Afrobeats,United Kingdom,Europe,751660,488579,263081,5.03,411.45,416.48,32687,16088,0.225,78,Rising
2024-09,2024,Q3,Peso Pluma,Latin,Germany,Europe,1852019,1296413,555606,12.66,641.78,654.44,55992,76860,0.162,100,Rising
2024-09,2024,Q3,Disclosure,Electronic,Germany,Europe,15981888,11187321,4794567,121.23,13142.59,13263.82,389422,648280,0.195,100,Rising
2024-09,2024,Q3,Doja Cat,Pop,Germany,Europe,5423390,3796372,1627018,43.35,4229.83,4273.18,230343,256497,0.303,100,Stable
2024-09,2024,Q3,Burna Boy,Afrobeats,Germany,Europe,4118698,2883088,1235610,27.23,1916.03,1943.26,240548,59329,0.262,100,Rising
2024-09,2024,Q3,Travis Scott,Hip-Hop,Germany,Europe,3244084,2270858,973226,25.24,2863.53,2888.77,138485,121700,0.13,100,Declining
2024-09,2024,Q3,Olivia Rodrigo,Pop,Germany,Europe,4686005,3280203,1405802,31.21,3053.94,3085.15,168473,217926,0.247,100,Rising
2024-09,2024,Q3,H.E.R.,R&B,Germany,Europe,2761973,1933381,828592,21.7,1104.17,1125.87,59243,69946,0.23,100,Rising
2024-09,2024,Q3,Post Malone,Hip-Hop,Germany,Europe,1303736,912615,391121,7.79,1047.13,1054.92,39951,17037,0.272,87,Declining
2024-09,2024,Q3,Aespa,K-Pop,Germany,Europe,1038229,726760,311469,7.96,716.28,724.24,69996,14054,0.084,100,Rising
2024-09,2024,Q3,Davido,Afrobeats,Germany,Europe,2735493,1914845,820648,19.34,1606.04,1625.38,181552,108445,0.27,100,Rising
2024-09,2024,Q3,Karol G,Latin,Germany,Europe,302459,211721,90738,2.1,242.23,244.33,20450,4703,0.228,100,Rising
2024-09,2024,Q3,Davido,Afrobeats,Sweden,Europe,3797582,2734259,1063323,25.13,2807.49,2832.62,206586,56584,0.192,100,Rising
2024-09,2024,Q3,Disclosure,Electronic,Sweden,Europe,10232849,7367651,2865198,72.86,7618.4,7691.26,554424,464706,0.25,100,Rising
2024-09,2024,Q3,Giveon,R&B,Sweden,Europe,7194736,5180209,2014527,49.25,2471.48,2520.73,333066,124191,0.15,100,Rising
2024-09,2024,Q3,Tyla,Afrobeats,Sweden,Europe,6107643,4397502,1710141,44.94,3141.26,3186.2,454441,242790,0.247,100,Rising
2024-09,2024,Q3,Stray Kids,K-Pop,Sweden,Europe,3031053,2182358,848695,24.61,1262.95,1287.56,141115,81890,0.106,71,Declining
2024-09,2024,Q3,Twenty One Pilots,Rock,Sweden,Europe,1231969,887017,344952,8.03,778.89,786.92,82634,51269,0.211,100,Stable
2024-09,2024,Q3,Aespa,K-Pop,Sweden,Europe,572871,412467,160404,4.26,341.49,345.75,45660,23105,0.341,89,Rising
2024-09,2024,Q3,Coldplay,Rock,Sweden,Europe,3253180,2342289,910891,26.6,1200.65,1227.25,69624,44141,0.341,100,Stable
2024-09,2024,Q3,Peso Pluma,Latin,Sweden,Europe,2098497,1510917,587580,16.97,1019.54,1036.51,109413,21453,0.224,100,Rising
2024-09,2024,Q3,Bts,K-Pop,Sweden,Europe,1699545,1223672,475873,14.09,1159.29,1173.38,101907,43806,0.179,86,Stable
2024-09,2024,Q3,Wizkid,Afrobeats,Sweden,Europe,1260090,907264,352826,9.78,416.57,426.35,49737,40311,0.173,100,Rising
2024-09,2024,Q3,Imagine Dragons,Rock,Sweden,Europe,6805533,4899983,1905550,49.62,3011.74,3061.36,392714,249303,0.291,100,Stable
2024-09,2024,Q3,Wizkid,Afrobeats,France,Europe,4485748,2781163,1704585,29.04,2400.96,2430.0,275833,97083,0.134,100,Rising
2024-09,2024,Q3,Drake,Hip-Hop,France,Europe,236706,146757,89949,1.6,142.49,144.09,12310,4538,0.22,94,Stable
2024-09,2024,Q3,J. Cole,Hip-Hop,France,Europe,3859888,2393130,1466758,20.55,2687.0,2707.55,142512,83699,0.345,92,Stable
2024-09,2024,Q3,Post Malone,Hip-Hop,France,Europe,425254,263657,161597,2.96,309.85,312.81,19186,17026,0.092,98,Declining
2024-09,2024,Q3,Blackpink,K-Pop,France,Europe,4696338,2911729,1784609,28.46,5230.0,5258.46,173219,231307,0.301,100,Rising
2024-09,2024,Q3,Rema,Afrobeats,France,Europe,5291725,3280869,2010856,33.25,3448.01,3481.26,241388,153005,0.216,100,Rising
2024-09,2024,Q3,Burna Boy,Afrobeats,France,Europe,1277986,792351,485635,9.09,1343.33,1352.42,85381,50331,0.284,100,Rising
2024-09,2024,Q3,Harry Styles,Pop,France,Europe,2660806,1649699,1011107,17.22,2938.0,2955.22,114270,93424,0.32,100,Stable
2024-09,2024,Q3,Miley Cyrus,Pop,France,Europe,1701831,1055135,646696,9.26,1663.28,1672.54,54475,55170,0.213,100,Stable
2024-09,2024,Q3,Burna Boy,Afrobeats,Ireland,Europe,1476176,944752,531424,8.35,1113.99,1122.34,72664,64784,0.154,100,Rising
2024-09,2024,Q3,Bts,K-Pop,Ireland,Europe,4116387,2634487,1481900,26.91,2997.87,3024.78,308279,103796,0.241,84,Stable
2024-09,2024,Q3,Drake,Hip-Hop,Ireland,Europe,4484906,2870339,1614567,29.18,3009.64,3038.82,354679,53987,0.287,84,Stable
2024-09,2024,Q3,Calvin Harris,Electronic,Ireland,Europe,5990333,3833813,2156520,41.73,5858.67,5900.4,219182,160720,0.102,100,Rising
2024-09,2024,Q3,H.E.R.,R&B,Ireland,Europe,2021375,1293680,727695,10.99,1056.47,1067.46,108457,99087,0.27,100,Rising
2024-09,2024,Q3,Arctic Monkeys,Rock,Ireland,Europe,3765032,2409620,1355412,20.9,1639.58,1660.48,130173,132095,0.313,100,Rising
2024-09,2024,Q3,Brent Faiyaz,R&B,Ireland,Europe,3968319,2539724,1428595,22.5,3402.71,3425.21,303772,131927,0.134,100,Rising
2024-09,2024,Q3,Kendrick Lamar,Hip-Hop,Ireland,Europe,8015290,5129785,2885505,51.37,5628.59,5679.96,611158,311623,0.204,100,Rising
2024-09,2024,Q3,Martin Garrix,Electronic,Ireland,Europe,17770230,11372947,6397283,98.22,10971.57,11069.79,882207,610083,0.281,100,Rising
2024-09,2024,Q3,Miley Cyrus,Pop,Ireland,Europe,2734456,1750051,984405,17.24,1341.03,1358.27,215807,113901,0.236,100,Stable
2024-09,2024,Q3,21 Savage,Hip-Hop,Spain,Europe,1864655,1025560,839095,10.26,1852.26,1862.52,42768,90205,0.294,67,Declining
2024-09,2024,Q3,Ariana Grande,Pop,Spain,Europe,7292078,4010642,3281436,44.55,3926.84,3971.39,541405,314393,0.209,100,Stable
2024-09,2024,Q3,Dua Lipa,Pop,Spain,Europe,10432387,5737812,4694575,56.89,11843.99,11900.88,486895,337066,0.269,100,Rising
2024-09,2024,Q3,Tyla,Afrobeats,Spain,Europe,2356653,1296159,1060494,14.3,1581.04,1595.34,157097,84713,0.217,100,Rising
2024-09,2024,Q3,Imagine Dragons,Rock,Spain,Europe,1750608,962834,787774,8.64,1876.16,1884.8,136029,22651,0.321,100,Stable
2024-09,2024,Q3,Ed Sheeran,Pop,Spain,Europe,16438219,9041020,7397199,102.26,12502.37,12604.63,912016,591211,0.317,100,Rising
2024-09,2024,Q3,Peso Pluma,Latin,Spain,Europe,730332,401682,328650,3.69,557.2,560.89,16818,25651,0.232,100,Rising
2024-09,2024,Q3,J. Cole,Hip-Hop,Spain,Europe,953106,524208,428898,5.28,773.18,778.46,42967,27667,0.107,100,Stable
2024-09,2024,Q3,Rema,Afrobeats,Spain,Europe,3408178,1874497,1533681,19.66,2759.6,2779.26,120042,153607,0.13,100,Rising
2024-09,2024,Q3,Nicki Minaj,Hip-Hop,Italy,Europe,5169880,2688337,2481543,30.48,5849.21,5879.69,286350,213072,0.214,100,Stable
2024-09,2024,Q3,Coldplay,Rock,Italy,Europe,2897435,1506666,1390769,17.06,2569.96,2587.02,112757,48339,0.122,100,Stable
2024-09,2024,Q3,H.E.R.,R&B,Italy,Europe,4413102,2294813,2118289,23.92,5224.34,5248.26,336482,90056,0.239,98,Rising
2024-09,2024,Q3,Dua Lipa,Pop,Italy,Europe,623954,324456,299498,3.55,573.79,577.34,19911,18079,0.138,100,Rising
2024-09,2024,Q3,Fred Again..,Electronic,Italy,Europe,363816,189184,174632,1.96,315.92,317.88,24108,8342,0.181,100,Declining
2024-09,2024,Q3,Tyla,Afrobeats,Italy,Europe,1094154,568960,525194,6.38,885.14,891.52,80930,19914,0.261,100,Rising
2024-09,2024,Q3,Asake,Afrobeats,Italy,Europe,331673,172469,159204,1.61,443.59,445.2,26096,12326,0.342,67,Rising
2024-09,2024,Q3,Miley Cyrus,Pop,Italy,Europe,6688436,3477986,3210450,35.16,7917.6,7952.76,455042,71165,0.157,100,Stable
2024-09,2024,Q3,Rema,Afrobeats,Italy,Europe,3100948,1612492,1488456,16.62,2152.07,2168.69,238807,94623,0.295,99,Rising
2024-09,2024,Q3,Arctic Monkeys,Rock,United States,Americas,16277760,9441100,6836660,88.8,6940.78,7029.58,544629,496291,0.338,100,Rising
2024-09,2024,Q3,Drake,Hip-Hop,United States,Americas,12782868,7414063,5368805,91.28,14379.14,14470.42,672665,487883,0.081,100,Stable
2024-09,2024,Q3,Brent Faiyaz,R&B,United States,Americas,3493557,2026263,1467294,23.79,2184.37,2208.16,152099,89976,0.239,100,Rising
2024-09,2024,Q3,Wizkid,Afrobeats,United States,Americas,2245458,1302365,943093,16.27,1478.42,1494.69,75034,45986,0.157,100,Rising
2024-09,2024,Q3,Ariana Grande,Pop,United States,Americas,7923592,4595683,3327909,43.67,6277.87,6321.54,347223,323378,0.132,100,Stable
2024-09,2024,Q3,Doja Cat,Pop,United States,Americas,13996605,8118030,5878575,98.45,14155.5,14253.95,828696,478543,0.347,100,Stable
2024-09,2024,Q3,J Balvin,Latin,United States,Americas,9167665,5317245,3850420,60.53,4193.4,4253.93,396430,242736,0.311,100,Rising
2024-09,2024,Q3,Stray Kids,K-Pop,United States,Americas,143030,82957,60073,0.79,97.94,98.73,5289,4025,0.177,65,Declining
2024-09,2024,Q3,Miley Cyrus,Pop,United States,Americas,9653323,5598927,4054396,54.54,10860.15,10914.69,483532,221784,0.094,100,Stable
2024-09,2024,Q3,Bts,K-Pop,United States,Americas,4392471,2547633,1844838,27.19,2599.68,2626.87,248984,189941,0.206,67,Stable
2024-09,2024,Q3,Tyla,Afrobeats,United States,Americas,1143545,663256,480289,6.44,634.67,641.11,90809,51784,0.271,100,Rising
2024-09,2024,Q3,Taylor Swift,Pop,Brazil,Americas,10935157,4155359,6779798,17.97,8272.6,8290.57,797655,155676,0.095,100,Stable
2024-09,2024,Q3,Arctic Monkeys,Rock,Brazil,Americas,13897775,5281154,8616621,23.08,23829.97,23853.05,723671,413917,0.332,100,Rising
2024-09,2024,Q3,Newjeans,K-Pop,Brazil,Americas,1692236,643049,1049187,3.19,2735.24,2738.43,73797,58882,0.262,70,Stable
2024-09,2024,Q3,Davido,Afrobeats,Brazil,Americas,5461692,2075442,3386250,10.07,3814.73,3824.8,171527,247001,0.301,100,Rising
2024-09,2024,Q3,Disclosure,Electronic,Brazil,Americas,2614186,993390,1620796,5.41,2423.75,2429.16,184884,101844,0.151,89,Rising
2024-09,2024,Q3,Burna Boy,Afrobeats,Brazil,Americas,758761,288329,470432,1.58,753.9,755.48,44326,26022,0.209,96,Rising
2024-09,2024,Q3,Blackpink,K-Pop,Brazil,Americas,8385287,3186409,5198878,16.93,10000.75,10017.68,181635,105041,0.344,100,Rising
2024-09,2024,Q3,Fred Again..,Electronic,Brazil,Americas,2880539,1094604,1785935,4.67,4214.33,4219.0,70145,104402,0.19,49,Declining
2024-09,2024,Q3,Imagine Dragons,Rock,Brazil,Americas,2619249,995314,1623935,4.79,3692.58,3697.37,80391,75958,0.229,100,Stable
2024-09,2024,Q3,Imagine Dragons,Rock,Mexico,Americas,1403644,491275,912369,2.23,1707.81,1710.04,56101,52983,0.191,100,Stable
2024-09,2024,Q3,Giveon,R&B,Mexico,Americas,5359570,1875849,3483721,6.58,6529.34,6535.92,298872,236357,0.311,100,Rising
2024-09,2024,Q3,Peso Pluma,Latin,Mexico,Americas,8363708,2927297,5436411,12.24,15102.27,15114.51,328006,222547,0.346,100,Rising
2024-09,2024,Q3,Davido,Afrobeats,Mexico,Americas,2933508,1026727,1906781,3.8,5040.37,5044.17,116796,103139,0.201,100,Rising
2024-09,2024,Q3,Ariana Grande,Pop,Mexico,Americas,6787661,2375681,4411980,10.32,12762.84,12773.16,426168,310227,0.106,100,Stable
2024-09,2024,Q3,Blackpink,K-Pop,Mexico,Americas,3756062,1314621,2441441,5.27,3211.8,3217.07,84269,146745,0.151,100,Rising
2024-09,2024,Q3,Dua Lipa,Pop,Mexico,Americas,11171823,3910138,7261685,14.75,9575.05,9589.8,265368,541052,0.312,100,Rising
2024-09,2024,Q3,Ed Sheeran,Pop,Mexico,Americas,8982326,3143814,5838512,11.84,16343.09,16354.93,706640,137425,0.102,100,Rising
2024-09,2024,Q3,Coldplay,Rock,Mexico,Americas,2278753,797563,1481190,3.33,1966.85,1970.18,109125,81728,0.115,83,Stable
2024-09,2024,Q3,Wizkid,Afrobeats,Colombia,Americas,8561292,2568387,5992905,9.45,13307.47,13316.92,281716,397161,0.292,100,Rising
2024-09,2024,Q3,Doja Cat,Pop,Colombia,Americas,8539568,2561870,5977698,7.9,6841.9,6849.8,595208,244050,0.348,100,Stable
2024-09,2024,Q3,J Balvin,Latin,Colombia,Americas,13950516,4185154,9765362,12.45,22775.57,22788.02,530059,619836,0.335,100,Rising
2024-09,2024,Q3,Calvin Harris,Electronic,Colombia,Americas,2879802,863940,2015862,2.58,3592.16,3594.74,111186,128298,0.29,79,Rising
2024-09,2024,Q3,Post Malone,Hip-Hop,Colombia,Americas,1243771,373131,870640,1.36,1039.9,1041.26,78159,40986,0.161,100,Declining
2024-09,2024,Q3,Peso Pluma,Latin,Colombia,Americas,10882524,3264757,7617767,10.11,19088.09,19098.2,641069,144704,0.202,100,Rising
2024-09,2024,Q3,Asake,Afrobeats,Colombia,Americas,3843318,1152995,2690323,3.65,2871.65,2875.3,259978,189336,0.334,83,Rising
2024-09,2024,Q3,Billie Eilish,Pop,Colombia,Americas,2927906,878371,2049535,3.11,3187.7,3190.81,177593,85166,0.292,100,Declining
2024-09,2024,Q3,Harry Styles,Pop,Nigeria,Africa,853943,153709,700234,0.43,832.77,833.2,66971,12945,0.223,100,Stable
2024-09,2024,Q3,Paramore,Rock,Nigeria,Africa,1842741,331693,1511048,0.9,4002.92,4003.82,124839,73204,0.186,68,Stable
2024-09,2024,Q3,Disclosure,Electronic,Nigeria,Africa,726242,130723,595519,0.37,700.42,700.79,25144,15333,0.096,83,Rising
2024-09,2024,Q3,Travis Scott,Hip-Hop,Nigeria,Africa,2982102,536778,2445324,1.81,6916.9,6918.71,176777,70209,0.11,100,Declining
2024-09,2024,Q3,Twenty One Pilots,Rock,Nigeria,Africa,140900,25362,115538,0.07,203.69,203.76,8727,4086,0.193,65,Stable
2024-09,2024,Q3,Aespa,K-Pop,Nigeria,Africa,278132,50063,228069,0.15,435.38,435.53,8530,12275,0.221,93,Rising
2024-09,2024,Q3,Post Malone,Hip-Hop,Nigeria,Africa,2944731,530051,2414680,1.76,2545.82,2547.58,130887,69848,0.273,100,Declining
2024-09,2024,Q3,Lil Baby,Hip-Hop,Nigeria,Africa,2242237,403602,1838635,1.08,5226.8,5227.88,73502,23376,0.307,89,Declining
2024-09,2024,Q3,Frank Ocean,R&B,Nigeria,Africa,2089026,376024,1713002,1.25,2778.48,2779.73,107528,76312,0.25,100,Rising
2024-09,2024,Q3,Doja Cat,Pop,Nigeria,Africa,1779682,320342,1459340,0.91,4052.17,4053.08,52098,33243,0.304,100,Stable
2024-09,2024,Q3,Arctic Monkeys,Rock,South Africa,Africa,1916555,536635,1379920,2.23,1939.17,1941.4,125460,79084,0.236,100,Rising
2024-09,2024,Q3,Peso Pluma,Latin,South Africa,Africa,1392147,389801,1002346,1.48,2621.34,2622.82,52038,64106,0.17,71,Rising
2024-09,2024,Q3,Sza,R&B,South Africa,Africa,3575284,1001079,2574205,4.22,4657.82,4662.04,284477,117787,0.261,100,Stable
2024-09,2024,Q3,Fred Again..,Electronic,South Africa,Africa,1152707,322757,829950,1.41,2060.03,2061.44,40591,53291,0.167,47,Declining
2024-09,2024,Q3,Billie Eilish,Pop,South Africa,Africa,1857873,520204,1337669,2.14,3227.19,3229.33,48477,46769,0.245,92,Declining
2024-09,2024,Q3,Newjeans,K-Pop,South Africa,Africa,846849,237117,609732,0.98,729.26,730.24,31869,28700,0.102,77,Stable
2024-09,2024,Q3,J Balvin,Latin,South Africa,Africa,2260838,633034,1627804,2.52,4497.18,4499.7,52058,35620,0.163,80,Rising
2024-09,2024,Q3,Travis Scott,Hip-Hop,South Africa,Africa,96327,26971,69356,0.1,99.26,99.36,3555,2363,0.108,100,Declining
2024-09,2024,Q3,Tyla,Afrobeats,Kenya,Africa,7546936,1132040,6414896,3.13,10234.59,10237.72,398397,187579,0.091,100,Rising
2024-09,2024,Q3,Paramore,Rock,Kenya,Africa,688163,103224,584939,0.23,1505.1,1505.33,51489,22583,0.285,77,Stable
2024-09,2024,Q3,Giveon,R&B,Kenya,Africa,2996494,449474,2547020,1.22,4851.52,4852.74,80762,34585,0.17,100,Rising
2024-09,2024,Q3,Newjeans,K-Pop,Kenya,Africa,1255979,188396,1067583,0.43,1584.48,1584.91,25305,34575,0.32,62,Stable
2024-09,2024,Q3,Harry Styles,Pop,Kenya,Africa,2570210,385531,2184679,0.98,2216.7,2217.68,99258,42103,0.15,100,Stable
2024-09,2024,Q3,Fred Again..,Electronic,Kenya,Africa,785791,117868,667923,0.27,702.69,702.96,31367,30739,0.342,43,Declining
2024-09,2024,Q3,Rema,Afrobeats,Kenya,Africa,1643866,246579,1397287,0.66,3967.13,3967.79,44121,75853,0.153,100,Rising
2024-09,2024,Q3,J Balvin,Latin,Kenya,Africa,1055239,158285,896954,0.39,1534.89,1535.28,52131,20538,0.26,61,Rising
2024-09,2024,Q3,Miley Cyrus,Pop,Kenya,Africa,1368714,205307,1163407,0.46,1334.21,1334.67,30389,15885,0.228,86,Stable
2024-09,2024,Q3,Rauw Alejandro,Latin,Kenya,Africa,1848423,277263,1571160,0.7,3853.61,3854.31,145114,43790,0.288,64,Stable
2024-09,2024,Q3,Disclosure,Electronic,Kenya,Africa,591221,88683,502538,0.25,1215.43,1215.68,45762,11910,0.161,100,Rising
2024-09,2024,Q3,Rema,Afrobeats,Ghana,Africa,2269708,317759,1951949,0.81,4520.56,4521.37,77029,44520,0.251,100,Rising
2024-09,2024,Q3,Taylor Swift,Pop,Ghana,Africa,1432418,200538,1231880,0.43,3359.49,3359.92,94382,52811,0.12,100,Stable
2024-09,2024,Q3,Burna Boy,Afrobeats,Ghana,Africa,5463714,764919,4698795,1.94,7575.15,7577.09,334503,110081,0.341,100,Rising
2024-09,2024,Q3,Asake,Afrobeats,Ghana,Africa,4179253,585095,3594158,1.27,8726.42,8727.69,228063,143848,0.309,100,Rising
2024-09,2024,Q3,Frank Ocean,R&B,Ghana,Africa,558733,78222,480511,0.16,509.9,510.06,19122,19779,0.121,100,Rising
2024-09,2024,Q3,Wizkid,Afrobeats,Ghana,Africa,12892793,1804991,11087802,4.3,13495.33,13499.63,893357,407006,0.129,100,Rising
2024-09,2024,Q3,Peso Pluma,Latin,Ghana,Africa,1007632,141068,866564,0.35,1318.52,1318.87,45479,26008,0.313,75,Rising
2024-09,2024,Q3,Coldplay,Rock,Ghana,Africa,280730,39302,241428,0.08,699.77,699.85,21179,6182,0.081,49,Stable
2024-09,2024,Q3,Billie Eilish,Pop,Ghana,Africa,222094,31093,191001,0.07,446.31,446.38,10569,4285,0.331,83,Declining
2024-09,2024,Q3,Nicki Minaj,Hip-Hop,Ghana,Africa,4416961,618374,3798587,1.53,5220.42,5221.95,198393,194144,0.203,100,Stable
2024-09,2024,Q3,Disclosure,Electronic,Ghana,Africa,1460104,204414,1255690,0.42,2264.56,2264.98,60167,66910,0.227,99,Rising
2024-09,2024,Q3,Peso Pluma,Latin,Japan,Asia,4258891,2555334,1703557,24.42,2071.87,2096.29,290323,176104,0.261,100,Rising
2024-09,2024,Q3,Burna Boy,Afrobeats,Japan,Asia,533700,320220,213480,3.27,475.19,478.46,25753,26357,0.276,100,Rising
2024-09,2024,Q3,Drake,Hip-Hop,Japan,Asia,3304684,1982810,1321874,17.54,3410.54,3428.08,199896,36481,0.119,73,Stable
2024-09,2024,Q3,Rauw Alejandro,Latin,Japan,Asia,2959729,1775837,1183892,14.89,2438.79,2453.68,139330,121519,0.216,94,Stable
2024-09,2024,Q3,Karol G,Latin,Japan,Asia,6681522,4008913,2672609,39.01,3779.25,3818.26,477381,257513,0.176,100,Rising
2024-09,2024,Q3,Ed Sheeran,Pop,Japan,Asia,10300181,6180108,4120073,51.95,12257.58,12309.53,788547,255482,0.236,100,Rising
2024-09,2024,Q3,Twenty One Pilots,Rock,Japan,Asia,2874405,1724643,1149762,14.84,3430.73,3445.57,172014,105104,0.16,59,Stable
2024-09,2024,Q3,Paramore,Rock,Japan,Asia,306307,183784,122523,1.89,224.0,225.89,20571,7815,0.259,77,Stable
2024-09,2024,Q3,Billie Eilish,Pop,Japan,Asia,2643828,1586296,1057532,16.55,2988.06,3004.61,85442,74684,0.197,100,Declining
2024-09,2024,Q3,Miley Cyrus,Pop,Japan,Asia,2525195,1515117,1010078,14.51,1324.94,1339.45,142120,54610,0.164,100,Stable
2024-09,2024,Q3,Nicki Minaj,Hip-Hop,Japan,Asia,3422868,2053720,1369148,17.98,3475.69,3493.67,144571,158933,0.22,100,Stable
2024-09,2024,Q3,Blackpink,K-Pop,South Korea,Asia,30941464,17017805,13923659,146.77,29978.24,30125.01,654953,564142,0.145,100,Rising
2024-09,2024,Q3,Aespa,K-Pop,South Korea,Asia,17592559,9675907,7916652,83.7,11150.31,11234.01,430952,433049,0.271,100,Rising
2024-09,2024,Q3,Davido,Afrobeats,South Korea,Asia,1546252,850438,695814,6.16,1970.81,1976.97,31180,35880,0.098,100,Rising
2024-09,2024,Q3,Olivia Rodrigo,Pop,South Korea,Asia,2516077,1383842,1132235,12.66,2543.5,2556.16,76629,52189,0.18,100,Rising
2024-09,2024,Q3,Twenty One Pilots,Rock,South Korea,Asia,261600,143880,117720,1.21,217.75,218.96,9443,5360,0.215,58,Stable
2024-09,2024,Q3,Bad Bunny,Latin,South Korea,Asia,219483,120715,98768,1.11,292.55,293.66,15778,2991,0.307,89,Stable
2024-09,2024,Q3,Billie Eilish,Pop,South Korea,Asia,657035,361369,295666,2.86,303.04,305.9,25753,18586,0.181,100,Declining
2024-09,2024,Q3,Taylor Swift,Pop,South Korea,Asia,2826951,1554823,1272128,11.2,3154.46,3165.66,114494,71664,0.101,100,Stable
2024-09,2024,Q3,Karol G,Latin,South Korea,Asia,587578,323167,264411,2.26,614.37,616.63,35498,24781,0.25,100,Rising
2024-09,2024,Q3,Lil Baby,Hip-Hop,South Korea,Asia,721247,396685,324562,3.3,562.21,565.51,26241,35877,0.284,54,Declining
2024-09,2024,Q3,Kendrick Lamar,Hip-Hop,India,Asia,2379852,523567,1856285,1.16,3399.07,3400.23,183469,117394,0.301,100,Rising
2024-09,2024,Q3,Coldplay,Rock,India,Asia,2130673,468748,1661925,0.99,1899.09,1900.08,134808,81092,0.346,50,Stable
2024-09,2024,Q3,Bts,K-Pop,India,Asia,2647432,582435,2064997,1.0,2796.07,2797.07,98141,67886,0.11,100,Stable
2024-09,2024,Q3,Imagine Dragons,Rock,India,Asia,1225312,269568,955744,0.6,1054.82,1055.42,82430,27317,0.129,92,Stable
2024-09,2024,Q3,Ed Sheeran,Pop,India,Asia,10542295,2319304,8222991,5.19,12573.88,12579.07,835458,369384,0.277,100,Rising
2024-09,2024,Q3,Travis Scott,Hip-Hop,India,Asia,5365947,1180508,4185439,2.41,11198.74,11201.15,322235,118960,0.174,82,Declining
2024-09,2024,Q3,Brent Faiyaz,R&B,India,Asia,242724,53399,189325,0.1,516.45,516.55,15055,11082,0.103,84,Rising
2024-09,2024,Q3,Bad Bunny,Latin,India,Asia,5172235,1137891,4034344,2.26,10542.0,10544.26,119231,122177,0.188,92,Stable
2024-09,2024,Q3,Burna Boy,Afrobeats,India,Asia,1820610,400534,1420076,0.8,3191.08,3191.88,122828,36427,0.274,96,Rising
2024-09,2024,Q3,Giveon,R&B,India,Asia,4049872,890971,3158901,1.9,6688.58,6690.48,269719,43709,0.152,100,Rising
2024-09,2024,Q3,Stray Kids,K-Pop,India,Asia,12065134,2654329,9410805,5.3,14805.52,14810.82,379911,444557,0.103,100,Declining
2024-09,2024,Q3,Wizkid,Afrobeats,Indonesia,Asia,5110734,1022146,4088588,2.65,11798.99,11801.64,336691,93240,0.321,100,Rising
2024-09,2024,Q3,Twenty One Pilots,Rock,Indonesia,Asia,2393178,478635,1914543,1.12,3796.14,3797.26,90973,31978,0.288,57,Stable
2024-09,2024,Q3,Brent Faiyaz,R&B,Indonesia,Asia,2650752,530150,2120602,1.41,3885.81,3887.22,108961,34677,0.201,71,Rising
2024-09,2024,Q3,Stray Kids,K-Pop,Indonesia,Asia,7158211,1431642,5726569,3.32,7002.29,7005.61,254524,304018,0.095,100,Declining
2024-09,2024,Q3,Coldplay,Rock,Indonesia,Asia,177690,35538,142152,0.08,241.63,241.71,9855,4211,0.212,59,Stable
2024-09,2024,Q3,Bts,K-Pop,Indonesia,Asia,4604158,920831,3683327,2.08,6518.75,6520.83,222138,52795,0.318,100,Stable
2024-09,2024,Q3,Post Malone,Hip-Hop,Indonesia,Asia,2114620,422924,1691696,0.9,3042.12,3043.02,74580,73455,0.228,83,Declining
2024-09,2024,Q3,Doja Cat,Pop,Indonesia,Asia,3081592,616318,2465274,1.46,6155.74,6157.2,141603,112226,0.342,100,Stable
2024-09,2024,Q3,Miley Cyrus,Pop,Argentina,Latam,2739958,876786,1863172,2.5,4254.2,4256.7,212847,110148,0.22,100,Stable
2024-09,2024,Q3,J. Cole,Hip-Hop,Argentina,Latam,1687256,539921,1147335,2.02,1302.46,1304.48,50852,30576,0.194,100,Stable
2024-09,2024,Q3,Wizkid,Afrobeats,Argentina,Latam,1219926,390376,829550,1.09,1364.48,1365.57,41516,29868,0.175,82,Rising
2024-09,2024,Q3,Martin Garrix,Electronic,Argentina,Latam,3026763,968564,2058199,3.21,3161.68,3164.89,171042,64276,0.209,100,Rising
2024-09,2024,Q3,Frank Ocean,R&B,Argentina,Latam,2078303,665056,1413247,2.17,2258.8,2260.97,93711,98994,0.172,89,Rising
2024-09,2024,Q3,Blackpink,K-Pop,Argentina,Latam,2673486,855515,1817971,3.16,2471.61,2474.77,146220,61038,0.279,100,Rising
2024-09,2024,Q3,Ariana Grande,Pop,Argentina,Latam,145888,46684,99204,0.17,186.44,186.61,5102,3949,0.097,100,Stable
2024-09,2024,Q3,Burna Boy,Afrobeats,Argentina,Latam,1798133,575402,1222731,1.74,1894.55,1896.29,69396,73867,0.148,57,Rising
2024-09,2024,Q3,Kendrick Lamar,Hip-Hop,Chile,Latam,295990,100636,195354,0.35,425.61,425.96,10899,10107,0.343,100,Rising
2024-09,2024,Q3,Stray Kids,K-Pop,Chile,Latam,212816,72357,140459,0.24,236.55,236.79,9372,9527,0.207,69,Declining
2024-09,2024,Q3,Frank Ocean,R&B,Chile,Latam,1862887,633381,1229506,2.35,3298.96,3301.31,89806,71832,0.129,100,Rising
2024-09,2024,Q3,Disclosure,Electronic,Chile,Latam,1329313,451966,877347,1.76,2016.94,2018.7,77757,24294,0.266,98,Rising
2024-09,2024,Q3,21 Savage,Hip-Hop,Chile,Latam,283249,96304,186945,0.37,490.02,490.39,11273,8057,0.13,83,Declining
2024-09,2024,Q3,Doja Cat,Pop,Chile,Latam,2336262,794329,1541933,3.15,1603.05,1606.2,79903,113958,0.318,100,Stable
2024-09,2024,Q3,Ariana Grande,Pop,Chile,Latam,2731749,928794,1802955,3.68,3381.69,3385.37,133721,71069,0.16,98,Stable
2024-09,2024,Q3,Lil Baby,Hip-Hop,Chile,Latam,2220901,755106,1465795,2.39,3907.8,3910.19,142592,38758,0.113,69,Declining
2024-09,2024,Q3,Giveon,R&B,Chile,Latam,475987,161835,314152,0.63,416.19,416.82,10209,7345,0.167,100,Rising
2024-09,2024,Q3,Olivia Rodrigo,Pop,Chile,Latam,605478,205862,399616,0.68,770.73,771.41,29981,6623,0.222,100,Rising
2024-09,2024,Q3,Rema,Afrobeats,Chile,Latam,1628472,553680,1074792,1.81,2822.13,2823.94,82431,29469,0.275,51,Rising
2024-10,2024,Q4,Blackpink,K-Pop,Netherlands,Europe,6913159,4700948,2212211,44.2,4182.86,4227.06,246558,322394,0.083,100,Rising
2024-10,2024,Q4,Imagine Dragons,Rock,Netherlands,Europe,9840698,6691674,3149024,59.94,4490.6,4550.54,670716,253275,0.111,100,Stable
2024-10,2024,Q4,Rauw Alejandro,Latin,Netherlands,Europe,154423,105007,49416,1.19,126.11,127.3,8801,3850,0.324,77,Stable
2024-10,2024,Q4,J. Cole,Hip-Hop,Netherlands,Europe,3443746,2341747,1101999,25.58,1547.82,1573.4,78711,145030,0.194,98,Stable
2024-10,2024,Q4,Martin Garrix,Electronic,Netherlands,Europe,859962,584774,275188,6.05,692.9,698.95,22087,31542,0.126,100,Rising
2024-10,2024,Q4,Brent Faiyaz,R&B,Netherlands,Europe,5161650,3509922,1651728,39.76,1889.68,1929.44,286164,153436,0.305,100,Rising
2024-10,2024,Q4,Ariana Grande,Pop,Netherlands,Europe,3961910,2694098,1267812,30.66,2660.55,2691.21,187332,171328,0.304,100,Stable
2024-10,2024,Q4,Rema,Afrobeats,Netherlands,Europe,203998,138718,65280,1.42,151.09,152.51,11360,6793,0.13,100,Rising
2024-10,2024,Q4,Newjeans,K-Pop,Netherlands,Europe,303907,206656,97251,2.19,190.59,192.78,16901,10924,0.231,69,Stable
2024-10,2024,Q4,Giveon,R&B,Netherlands,Europe,657107,446832,210275,4.46,442.0,446.46,33295,30195,0.289,100,Rising
2024-10,2024,Q4,Doja Cat,Pop,Netherlands,Europe,2084914,1417741,667173,12.44,1071.05,1083.49,44923,83059,0.326,100,Stable
2024-10,2024,Q4,Frank Ocean,R&B,Netherlands,Europe,5266530,3581240,1685290,34.19,2555.42,2589.61,107954,248284,0.165,100,Rising
2024-10,2024,Q4,Twenty One Pilots,Rock,United Kingdom,Europe,1368517,889536,478981,10.21,682.27,692.48,32152,67325,0.146,100,Stable
2024-10,2024,Q4,Harry Styles,Pop,United Kingdom,Europe,6647333,4320766,2326567,44.81,4282.68,4327.49,266911,330544,0.287,100,Stable
2024-10,2024,Q4,Miley Cyrus,Pop,United Kingdom,Europe,1786454,1161195,625259,12.65,1014.66,1027.31,119664,49091,0.315,100,Stable
2024-10,2024,Q4,Tyla,Afrobeats,United Kingdom,Europe,1376870,894965,481905,9.11,1114.11,1123.22,76723,17012,0.131,100,Rising
2024-10,2024,Q4,Bts,K-Pop,United Kingdom,Europe,512779,333306,179473,3.7,441.08,444.78,26473,7159,0.303,76,Stable
2024-10,2024,Q4,Ed Sheeran,Pop,United Kingdom,Europe,8038951,5225318,2813633,52.26,7920.98,7973.24,227699,343798,0.218,100,Rising
2024-10,2024,Q4,Asake,Afrobeats,United Kingdom,Europe,2651853,1723704,928149,17.59,1056.45,1074.04,129478,129698,0.104,84,Rising
2024-10,2024,Q4,Drake,Hip-Hop,United Kingdom,Europe,926251,602063,324188,5.13,615.0,620.13,46449,23207,0.12,91,Stable
2024-10,2024,Q4,Giveon,R&B,United Kingdom,Europe,6566513,4268233,2298280,39.5,4440.12,4479.62,139408,91172,0.158,100,Rising
2024-10,2024,Q4,Rema,Afrobeats,Germany,Europe,5515272,3860690,1654582,41.99,4304.57,4346.56,304565,163582,0.206,100,Rising
2024-10,2024,Q4,Karol G,Latin,Germany,Europe,1428659,1000061,428598,10.63,669.27,679.9,84309,21012,0.083,99,Rising
2024-10,2024,Q4,Martin Garrix,Electronic,Germany,Europe,2888129,2021690,866439,21.71,1586.06,1607.77,156701,55777,0.279,100,Rising
2024-10,2024,Q4,Asake,Afrobeats,Germany,Europe,2028068,1419647,608421,16.0,1170.75,1186.75,97875,26721,0.137,73,Rising
2024-10,2024,Q4,Harry Styles,Pop,Germany,Europe,2784951,1949465,835486,16.84,1203.26,1220.1,196382,136180,0.16,100,Stable
2024-10,2024,Q4,Burna Boy,Afrobeats,Germany,Europe,835943,585160,250783,6.17,257.49,263.66,48494,21924,0.202,100,Rising
2024-10,2024,Q4,Fred Again..,Electronic,Germany,Europe,818918,573242,245676,5.54,500.32,505.86,46836,34591,0.172,100,Declining
2024-10,2024,Q4,Aespa,K-Pop,Germany,Europe,3966949,2776864,1190085,28.61,1714.49,1743.1,242906,46779,0.304,100,Rising
2024-10,2024,Q4,Olivia Rodrigo,Pop,Germany,Europe,10477524,7334266,3143258,83.58,4614.76,4698.34,320108,152769,0.347,100,Rising
2024-10,2024,Q4,Newjeans,K-Pop,Germany,Europe,853393,597375,256018,5.69,439.37,445.06,46022,15647,0.131,66,Stable
2024-10,2024,Q4,Martin Garrix,Electronic,Sweden,Europe,3123080,2248617,874463,26.51,1881.67,1908.18,219800,149147,0.32,100,Rising
2024-10,2024,Q4,Kendrick Lamar,Hip-Hop,Sweden,Europe,8896842,6405726,2491116,70.23,7317.97,7388.2,430262,335379,0.133,100,Rising
2024-10,2024,Q4,The Weeknd,R&B/Pop,Sweden,Europe,4393049,3162995,1230054,36.55,1476.69,1513.24,311351,151255,0.328,100,Rising
2024-10,2024,Q4,Paramore,Rock,Sweden,Europe,986493,710274,276219,6.65,400.75,407.4,44456,38631,0.227,100,Stable
2024-10,2024,Q4,Drake,Hip-Hop,Sweden,Europe,2146720,1545638,601082,16.46,1327.04,1343.5,134360,54592,0.301,92,Stable
2024-10,2024,Q4,Arctic Monkeys,Rock,Sweden,Europe,11426109,8226798,3199311,87.61,8669.2,8756.81,749605,128533,0.23,100,Rising
2024-10,2024,Q4,Tyla,Afrobeats,Sweden,Europe,5964067,4294128,1669939,47.4,2471.51,2518.91,281867,216033,0.21,100,Rising
2024-10,2024,Q4,Disclosure,Electronic,Sweden,Europe,3588528,2583740,1004788,27.93,2408.56,2436.49,161195,89841,0.123,100,Rising
2024-10,2024,Q4,Wizkid,Afrobeats,Sweden,Europe,239412,172376,67036,1.7,173.76,175.46,6300,8379,0.298,100,Rising
2024-10,2024,Q4,Sza,R&B,France,Europe,4568452,2832440,1736012,28.71,3580.49,3609.2,270961,149176,0.123,89,Stable
2024-10,2024,Q4,Frank Ocean,R&B,France,Europe,3208899,1989517,1219382,22.69,2572.85,2595.54,88418,123619,0.209,100,Rising
2024-10,2024,Q4,Giveon,R&B,France,Europe,2021502,1253331,768171,11.01,1084.31,1095.32,151037,89576,0.321,100,Rising
2024-10,2024,Q4,Rema,Afrobeats,France,Europe,3074558,1906225,1168333,18.53,1442.82,1461.35,197820,54675,0.239,98,Rising
2024-10,2024,Q4,The Weeknd,R&B/Pop,France,Europe,5391190,3342537,2048653,38.09,5885.13,5923.22,249455,115189,0.217,100,Rising
2024-10,2024,Q4,Arctic Monkeys,Rock,France,Europe,3041604,1885794,1155810,19.02,2554.94,2573.96,166960,87108,0.121,100,Rising
2024-10,2024,Q4,Twenty One Pilots,Rock,France,Europe,5789273,3589349,2199924,31.42,5509.03,5540.45,121910,240333,0.236,100,Stable
2024-10,2024,Q4,Asake,Afrobeats,France,Europe,2626265,1628284,997981,17.04,2710.35,2727.39,171965,75997,0.151,87,Rising
2024-10,2024,Q4,Miley Cyrus,Pop,France,Europe,8903061,5519897,3383164,62.43,8283.82,8346.25,529639,321779,0.23,100,Stable
2024-10,2024,Q4,Taylor Swift,Pop,France,Europe,8515642,5279698,3235944,49.66,8655.68,8705.34,591863,365619,0.156,100,Stable
2024-10,2024,Q4,Aespa,K-Pop,Ireland,Europe,2834378,1814001,1020377,17.68,1569.85,1587.53,195577,99027,0.17,81,Rising
2024-10,2024,Q4,Burna Boy,Afrobeats,Ireland,Europe,2346517,1501770,844747,14.01,1441.87,1455.88,110940,41348,0.122,100,Rising
2024-10,2024,Q4,Rema,Afrobeats,Ireland,Europe,1926784,1233141,693643,13.11,1732.21,1745.32,87422,41313,0.294,100,Rising
2024-10,2024,Q4,Stray Kids,K-Pop,Ireland,Europe,3027725,1937744,1089981,17.4,2794.1,2811.5,213741,140178,0.322,60,Declining
2024-10,2024,Q4,Karol G,Latin,Ireland,Europe,2485126,1590480,894646,16.36,2469.87,2486.23,95251,27898,0.168,100,Rising
2024-10,2024,Q4,Davido,Afrobeats,Ireland,Europe,7282355,4660707,2621648,48.05,6396.9,6444.95,419482,191078,0.335,100,Rising
2024-10,2024,Q4,Drake,Hip-Hop,Ireland,Europe,3350045,2144028,1206017,23.69,2019.03,2042.72,179211,110710,0.341,80,Stable
2024-10,2024,Q4,The Weeknd,R&B/Pop,Ireland,Europe,7701179,4928754,2772425,56.17,8002.71,8058.88,502278,276167,0.336,100,Rising
2024-10,2024,Q4,Nicki Minaj,Hip-Hop,Ireland,Europe,6260135,4006486,2253649,39.88,6241.68,6281.56,473095,227192,0.304,100,Stable
2024-10,2024,Q4,Newjeans,K-Pop,Spain,Europe,1561949,859071,702878,8.42,1815.77,1824.19,37802,26114,0.16,68,Stable
2024-10,2024,Q4,Post Malone,Hip-Hop,Spain,Europe,1271119,699115,572004,7.96,575.92,583.88,38429,57901,0.09,100,Declining
2024-10,2024,Q4,Travis Scott,Hip-Hop,Spain,Europe,5232208,2877714,2354494,25.8,3079.89,3105.69,154935,177824,0.126,97,Declining
2024-10,2024,Q4,Coldplay,Rock,Spain,Europe,1195958,657776,538182,7.44,784.22,791.66,49063,22437,0.097,100,Stable
2024-10,2024,Q4,Calvin Harris,Electronic,Spain,Europe,11736328,6454980,5281348,61.73,5920.98,5982.71,361167,150197,0.317,100,Rising
2024-10,2024,Q4,Aespa,K-Pop,Spain,Europe,1626315,894473,731842,7.86,1517.36,1525.22,102136,65535,0.232,100,Rising
2024-10,2024,Q4,Arctic Monkeys,Rock,Spain,Europe,13057942,7181868,5876074,61.99,6800.36,6862.35,593130,562266,0.164,100,Rising
2024-10,2024,Q4,Frank Ocean,R&B,Spain,Europe,1577860,867823,710037,9.35,1109.93,1119.28,87297,76768,0.349,100,Rising
2024-10,2024,Q4,Ariana Grande,Pop,Spain,Europe,4718259,2595042,2123217,28.52,4390.28,4418.8,250056,131677,0.187,100,Stable
2024-10,2024,Q4,Bts,K-Pop,Italy,Europe,894293,465032,429261,5.17,1131.0,1136.17,45608,11271,0.17,80,Stable
2024-10,2024,Q4,Olivia Rodrigo,Pop,Italy,Europe,8468849,4403801,4065048,39.96,5219.16,5259.12,213491,355273,0.255,100,Rising
2024-10,2024,Q4,Ariana Grande,Pop,Italy,Europe,7846302,4080077,3766225,36.53,7895.41,7931.94,522528,89404,0.091,100,Stable
2024-10,2024,Q4,Ed Sheeran,Pop,Italy,Europe,7773997,4042478,3731519,45.2,8390.09,8435.29,262667,296939,0.288,100,Rising
2024-10,2024,Q4,Doja Cat,Pop,Italy,Europe,7778664,4044905,3733759,36.28,9471.77,9508.05,420051,315000,0.328,100,Stable
2024-10,2024,Q4,Blackpink,K-Pop,Italy,Europe,4394287,2285029,2109258,21.09,4079.37,4100.46,96521,77817,0.267,100,Rising
2024-10,2024,Q4,Asake,Afrobeats,Italy,Europe,893702,464725,428977,5.21,606.66,611.87,48177,27629,0.304,82,Rising
2024-10,2024,Q4,Wizkid,Afrobeats,Italy,Europe,2043034,1062377,980657,11.06,1185.0,1196.06,155979,34868,0.207,100,Rising
2024-10,2024,Q4,Rema,Afrobeats,Italy,Europe,4490072,2334837,2155235,24.92,2411.72,2436.64,293631,137644,0.314,100,Rising
2024-10,2024,Q4,Frank Ocean,R&B,Italy,Europe,6364726,3309657,3055069,32.57,4854.23,4886.8,424369,88250,0.202,100,Rising
2024-10,2024,Q4,Peso Pluma,Latin,Italy,Europe,6482173,3370729,3111444,29.77,9259.96,9289.73,287403,257657,0.292,100,Rising
2024-10,2024,Q4,Aespa,K-Pop,United States,Americas,846782,491133,355649,5.83,953.48,959.31,52475,23412,0.151,89,Rising
2024-10,2024,Q4,Davido,Afrobeats,United States,Americas,2327628,1350024,977604,16.39,1469.21,1485.6,166698,38326,0.115,100,Rising
2024-10,2024,Q4,Kendrick Lamar,Hip-Hop,United States,Americas,24769347,14366221,10403126,134.74,16241.7,16376.44,750127,503264,0.1,100,Rising
2024-10,2024,Q4,Wizkid,Afrobeats,United States,Americas,3679159,2133912,1545247,21.67,2809.19,2830.86,245815,72024,0.115,100,Rising
2024-10,2024,Q4,Doja Cat,Pop,United States,Americas,6841540,3968093,2873447,40.96,8449.44,8490.4,478621,255668,0.242,100,Stable
2024-10,2024,Q4,Ariana Grande,Pop,United States,Americas,8801450,5104841,3696609,49.37,6349.33,6398.7,431383,360544,0.302,100,Stable
2024-10,2024,Q4,Post Malone,Hip-Hop,United States,Americas,4911960,2848936,2063024,30.93,4151.45,4182.38,304879,214478,0.222,100,Declining
2024-10,2024,Q4,Ed Sheeran,Pop,United States,Americas,16739534,9708929,7030605,116.21,12769.17,12885.38,684615,458744,0.222,100,Rising
2024-10,2024,Q4,Miley Cyrus,Pop,United States,Americas,3025225,1754630,1270595,20.49,3278.15,3298.64,238836,80607,0.216,100,Stable
2024-10,2024,Q4,Disclosure,Electronic,United States,Americas,6719436,3897272,2822164,41.96,7797.41,7839.37,321655,158132,0.341,100,Rising
2024-10,2024,Q4,Frank Ocean,R&B,United States,Americas,11826290,6859248,4967042,74.56,10589.29,10663.85,394402,271603,0.282,100,Rising
2024-10,2024,Q4,Martin Garrix,Electronic,United States,Americas,1590942,922746,668196,9.63,844.77,854.4,106467,72573,0.201,100,Rising
2024-10,2024,Q4,Ed Sheeran,Pop,Brazil,Americas,1899596,721846,1177750,3.44,3329.95,3333.39,151145,65934,0.22,100,Rising
2024-10,2024,Q4,Billie Eilish,Pop,Brazil,Americas,5401830,2052695,3349135,11.69,6086.14,6097.83,177310,168379,0.188,100,Declining
2024-10,2024,Q4,Rauw Alejandro,Latin,Brazil,Americas,6527841,2480579,4047262,13.99,7612.69,7626.68,156174,258670,0.314,100,Stable
2024-10,2024,Q4,Frank Ocean,R&B,Brazil,Americas,3234186,1228990,2005196,6.97,3293.82,3300.79,71911,50202,0.139,100,Rising
2024-10,2024,Q4,Ariana Grande,Pop,Brazil,Americas,10860789,4127099,6733690,18.25,12344.26,12362.51,580838,244115,0.193,100,Stable
2024-10,2024,Q4,Olivia Rodrigo,Pop,Brazil,Americas,3596712,1366750,2229962,6.3,3754.46,3760.76,253059,152652,0.26,100,Rising
2024-10,2024,Q4,Doja Cat,Pop,Brazil,Americas,3426954,1302242,2124712,7.07,3190.07,3197.14,199073,125268,0.104,100,Stable
2024-10,2024,Q4,Blackpink,K-Pop,Brazil,Americas,1280822,486712,794110,2.57,2080.48,2083.05,47068,54273,0.153,100,Rising
2024-10,2024,Q4,H.E.R.,R&B,Brazil,Americas,1927288,732369,1194919,3.29,3006.12,3009.41,143488,52769,0.302,100,Rising
2024-10,2024,Q4,Travis Scott,Hip-Hop,Mexico,Americas,11987314,4195559,7791755,18.35,22382.98,22401.33,775178,545875,0.254,100,Declining
2024-10,2024,Q4,The Weeknd,R&B/Pop,Mexico,Americas,3661836,1281642,2380194,4.69,3298.29,3302.98,165853,45259,0.328,100,Rising
2024-10,2024,Q4,Dua Lipa,Pop,Mexico,Americas,6819890,2386961,4432929,8.51,12835.04,12843.55,424485,74470,0.236,100,Rising
2024-10,2024,Q4,Fred Again..,Electronic,Mexico,Americas,142287,49800,92487,0.2,93.09,93.29,10744,4275,0.107,45,Declining
2024-10,2024,Q4,Newjeans,K-Pop,Mexico,Americas,3940079,1379027,2561052,5.99,4957.83,4963.82,216738,46464,0.34,58,Stable
2024-10,2024,Q4,Twenty One Pilots,Rock,Mexico,Americas,2921248,1022436,1898812,3.79,4813.75,4817.54,135214,79010,0.314,83,Stable
2024-10,2024,Q4,Harry Styles,Pop,Mexico,Americas,2996251,1048687,1947564,4.06,2531.46,2535.52,63815,143838,0.29,100,Stable
2024-10,2024,Q4,Blackpink,K-Pop,Mexico,Americas,6415421,2245397,4170024,7.8,8279.45,8287.25,345726,240973,0.112,100,Rising
2024-10,2024,Q4,J. Cole,Hip-Hop,Colombia,Americas,5090082,1527024,3563058,5.12,9205.02,9210.14,357482,81803,0.238,100,Stable
2024-10,2024,Q4,Dua Lipa,Pop,Colombia,Americas,8416905,2525071,5891834,9.1,8518.99,8528.09,525183,122710,0.172,100,Rising
2024-10,2024,Q4,Olivia Rodrigo,Pop,Colombia,Americas,13374745,4012423,9362322,12.91,16135.36,16148.27,536632,545431,0.342,100,Rising
2024-10,2024,Q4,Wizkid,Afrobeats,Colombia,Americas,4614704,1384411,3230293,4.27,4657.82,4662.09,176254,230215,0.194,100,Rising
2024-10,2024,Q4,Fred Again..,Electronic,Colombia,Americas,863040,258912,604128,0.83,1311.13,1311.96,67386,11243,0.298,41,Declining
2024-10,2024,Q4,Taylor Swift,Pop,Colombia,Americas,917253,275175,642078,0.89,1185.79,1186.68,57800,19254,0.237,100,Stable
2024-10,2024,Q4,The Weeknd,R&B/Pop,Colombia,Americas,6761794,2028538,4733256,7.87,11668.06,11675.93,195795,181332,0.167,100,Rising
2024-10,2024,Q4,Ariana Grande,Pop,Colombia,Americas,6425184,1927555,4497629,6.89,5436.99,5443.88,356721,279238,0.221,100,Stable
2024-10,2024,Q4,Nicki Minaj,Hip-Hop,Nigeria,Africa,1299964,233993,1065971,0.67,1545.68,1546.35,52043,55726,0.285,100,Stable
2024-10,2024,Q4,Twenty One Pilots,Rock,Nigeria,Africa,1494048,268928,1225120,0.78,3626.32,3627.1,51924,71985,0.313,57,Stable
2024-10,2024,Q4,Travis Scott,Hip-Hop,Nigeria,Africa,3776349,679742,3096607,1.84,6754.98,6756.82,196704,81852,0.161,100,Declining
2024-10,2024,Q4,Kendrick Lamar,Hip-Hop,Nigeria,Africa,4893818,880887,4012931,2.79,5876.18,5878.97,335725,59345,0.089,100,Rising
2024-10,2024,Q4,Fred Again..,Electronic,Nigeria,Africa,608784,109581,499203,0.32,1365.07,1365.39,37920,14761,0.24,44,Declining
2024-10,2024,Q4,Asake,Afrobeats,Nigeria,Africa,5204672,936840,4267832,3.05,6239.06,6242.11,238451,162907,0.274,100,Rising
2024-10,2024,Q4,Doja Cat,Pop,Nigeria,Africa,2737380,492728,2244652,1.57,3740.7,3742.27,196182,121385,0.098,100,Stable
2024-10,2024,Q4,Billie Eilish,Pop,Nigeria,Africa,281947,50750,231197,0.17,446.46,446.63,9455,12852,0.252,91,Declining
2024-10,2024,Q4,Miley Cyrus,Pop,Nigeria,Africa,970325,174658,795667,0.49,1760.5,1760.99,52569,36857,0.225,87,Stable
2024-10,2024,Q4,Lil Baby,Hip-Hop,Nigeria,Africa,967528,174155,793373,0.59,1986.38,1986.97,33656,15505,0.093,88,Declining
2024-10,2024,Q4,Giveon,R&B,Nigeria,Africa,5695215,1025138,4670077,2.96,7291.53,7294.49,250050,204315,0.132,100,Rising
2024-10,2024,Q4,Sza,R&B,Nigeria,Africa,3894861,701074,3193787,2.22,4434.99,4437.21,307822,167189,0.176,100,Stable
2024-10,2024,Q4,Drake,Hip-Hop,South Africa,Africa,3477158,973604,2503554,3.53,5099.93,5103.46,107764,170460,0.31,100,Stable
2024-10,2024,Q4,Newjeans,K-Pop,South Africa,Africa,1916910,536734,1380176,2.06,2754.57,2756.63,65917,67920,0.293,70,Stable
2024-10,2024,Q4,Calvin Harris,Electronic,South Africa,Africa,2165956,606467,1559489,2.1,3808.64,3810.74,102008,99480,0.329,78,Rising
2024-10,2024,Q4,21 Savage,Hip-Hop,South Africa,Africa,352151,98602,253549,0.39,478.96,479.35,10987,10626,0.194,77,Declining
2024-10,2024,Q4,Giveon,R&B,South Africa,Africa,368091,103065,265026,0.45,486.56,487.01,15372,17620,0.269,100,Rising
2024-10,2024,Q4,Imagine Dragons,Rock,South Africa,Africa,1375070,385019,990051,1.35,1650.7,1652.05,37348,48382,0.186,79,Stable
2024-10,2024,Q4,Olivia Rodrigo,Pop,South Africa,Africa,2685360,751900,1933460,3.22,4396.55,4399.77,162040,122738,0.181,100,Rising
2024-10,2024,Q4,The Weeknd,R&B/Pop,South Africa,Africa,3059818,856749,2203069,3.74,4368.18,4371.92,234194,140416,0.321,100,Rising
2024-10,2024,Q4,Twenty One Pilots,Rock,South Africa,Africa,484595,135686,348909,0.49,895.4,895.89,24149,8845,0.089,53,Stable
2024-10,2024,Q4,Taylor Swift,Pop,South Africa,Africa,3423222,958502,2464720,3.84,6901.36,6905.2,75535,83360,0.305,100,Stable
2024-10,2024,Q4,Nicki Minaj,Hip-Hop,Kenya,Africa,2046295,306944,1739351,0.65,3680.82,3681.47,143606,38112,0.329,100,Stable
2024-10,2024,Q4,H.E.R.,R&B,Kenya,Africa,384640,57696,326944,0.13,810.91,811.04,26584,11363,0.082,100,Rising
2024-10,2024,Q4,Travis Scott,Hip-Hop,Kenya,Africa,528606,79290,449316,0.18,1207.09,1207.27,33323,19355,0.15,100,Declining
2024-10,2024,Q4,Burna Boy,Afrobeats,Kenya,Africa,5168621,775293,4393328,1.81,12632.55,12634.36,245675,191143,0.14,100,Rising
2024-10,2024,Q4,Drake,Hip-Hop,Kenya,Africa,2072067,310810,1761257,0.82,3539.86,3540.68,86420,44304,0.302,100,Stable
2024-10,2024,Q4,Arctic Monkeys,Rock,Kenya,Africa,2302390,345358,1957032,0.81,3089.41,3090.22,179773,76803,0.151,100,Rising
2024-10,2024,Q4,Taylor Swift,Pop,Kenya,Africa,1887187,283078,1604109,0.73,3333.96,3334.69,105964,73807,0.227,100,Stable
2024-10,2024,Q4,The Weeknd,R&B/Pop,Kenya,Africa,730966,109644,621322,0.25,801.97,802.22,56419,21676,0.208,100,Rising
2024-10,2024,Q4,Brent Faiyaz,R&B,Kenya,Africa,3827683,574152,3253531,1.48,5172.63,5174.11,180321,120679,0.209,100,Rising
2024-10,2024,Q4,Newjeans,K-Pop,Kenya,Africa,859840,128976,730864,0.32,1577.92,1578.24,34165,30664,0.09,59,Stable
2024-10,2024,Q4,Blackpink,K-Pop,Kenya,Africa,1621495,243224,1378271,0.54,3190.47,3191.01,71315,63680,0.19,100,Rising
2024-10,2024,Q4,Rema,Afrobeats,Kenya,Africa,7165397,1074809,6090588,2.46,14861.72,14864.18,165560,217467,0.177,100,Rising
2024-10,2024,Q4,Kendrick Lamar,Hip-Hop,Ghana,Africa,899733,125962,773771,0.28,1750.64,1750.92,52536,20952,0.318,100,Rising
2024-10,2024,Q4,Peso Pluma,Latin,Ghana,Africa,1580224,221231,1358993,0.58,2622.97,2623.55,58984,67443,0.184,79,Rising
2024-10,2024,Q4,Sza,R&B,Ghana,Africa,2715626,380187,2335439,0.94,5691.93,5692.87,97871,46288,0.306,100,Stable
2024-10,2024,Q4,The Weeknd,R&B/Pop,Ghana,Africa,2208531,309194,1899337,0.61,2740.17,2740.78,125855,85109,0.183,100,Rising
2024-10,2024,Q4,Brent Faiyaz,R&B,Ghana,Africa,3517425,492439,3024986,1.22,4328.36,4329.58,172403,98126,0.334,100,Rising
2024-10,2024,Q4,Asake,Afrobeats,Ghana,Africa,4425800,619612,3806188,1.62,8122.23,8123.85,275498,132590,0.339,100,Rising
2024-10,2024,Q4,Bad Bunny,Latin,Ghana,Africa,1362679,190775,1171904,0.49,1297.82,1298.31,62701,18938,0.106,74,Stable
2024-10,2024,Q4,Rauw Alejandro,Latin,Ghana,Africa,135685,18995,116690,0.04,139.94,139.98,10771,5841,0.234,85,Stable
2024-10,2024,Q4,Nicki Minaj,Hip-Hop,Ghana,Africa,3727873,521902,3205971,1.14,9491.83,9492.97,238918,116752,0.169,100,Stable
2024-10,2024,Q4,Newjeans,K-Pop,Ghana,Africa,1332857,186599,1146258,0.44,3078.36,3078.8,56985,30164,0.216,70,Stable
2024-10,2024,Q4,Post Malone,Hip-Hop,Ghana,Africa,3340299,467641,2872658,1.1,7788.76,7789.86,257867,50374,0.23,100,Declining
2024-10,2024,Q4,Karol G,Latin,Ghana,Africa,2383797,333731,2050066,0.8,3431.32,3432.12,56231,43282,0.101,98,Rising
2024-10,2024,Q4,Tyla,Afrobeats,Japan,Asia,6624043,3974425,2649618,43.08,3942.77,3985.85,276480,112362,0.33,100,Rising
2024-10,2024,Q4,Ariana Grande,Pop,Japan,Asia,522940,313764,209176,3.0,535.89,538.89,23433,12920,0.118,100,Stable
2024-10,2024,Q4,Bts,K-Pop,Japan,Asia,2239553,1343731,895822,12.83,1009.76,1022.59,68584,101773,0.322,100,Stable
2024-10,2024,Q4,Giveon,R&B,Japan,Asia,834670,500802,333868,4.49,850.14,854.63,40944,19976,0.123,100,Rising
2024-10,2024,Q4,Aespa,K-Pop,Japan,Asia,12933726,7760235,5173491,76.01,6805.47,6881.48,731381,616789,0.341,100,Rising
2024-10,2024,Q4,Ed Sheeran,Pop,Japan,Asia,5972562,3583537,2389025,30.12,2784.06,2814.18,234251,190238,0.107,100,Rising
2024-10,2024,Q4,Stray Kids,K-Pop,Japan,Asia,10988274,6592964,4395310,68.13,7752.03,7820.16,285774,435224,0.245,100,Declining
2024-10,2024,Q4,Rema,Afrobeats,Japan,Asia,1409788,845872,563916,6.89,1256.17,1263.06,99709,41951,0.165,100,Rising
2024-10,2024,Q4,Coldplay,Rock,South Korea,Asia,2150895,1182992,967903,9.1,2703.52,2712.62,130084,36703,0.253,44,Stable
2024-10,2024,Q4,Giveon,R&B,South Korea,Asia,6978697,3838283,3140414,30.88,4256.26,4287.14,188097,269920,0.309,100,Rising
2024-10,2024,Q4,Dua Lipa,Pop,South Korea,Asia,9116818,5014249,4102569,40.0,8126.6,8166.6,547994,153522,0.299,100,Rising
2024-10,2024,Q4,Billie Eilish,Pop,South Korea,Asia,611728,336450,275278,2.43,408.64,411.07,48785,19274,0.243,100,Declining
2024-10,2024,Q4,Tyla,Afrobeats,South Korea,Asia,3138865,1726375,1412490,14.91,2991.04,3005.95,64808,130422,0.108,100,Rising
2024-10,2024,Q4,Stray Kids,K-Pop,South Korea,Asia,6630813,3646947,2983866,32.17,3968.07,4000.24,349321,196406,0.2,100,Declining
2024-10,2024,Q4,Ariana Grande,Pop,South Korea,Asia,4788013,2633407,2154606,20.22,3431.92,3452.14,269418,55681,0.164,100,Stable
2024-10,2024,Q4,Bad Bunny,Latin,South Korea,Asia,2644549,1454501,1190048,12.47,2031.73,2044.2,163842,53582,0.164,75,Stable
2024-10,2024,Q4,Burna Boy,Afrobeats,South Korea,Asia,1302775,716526,586249,5.05,806.54,811.59,66044,58276,0.176,100,Rising
2024-10,2024,Q4,Bts,K-Pop,South Korea,Asia,14545743,8000158,6545585,72.44,9959.14,10031.58,492923,704354,0.244,100,Stable
2024-10,2024,Q4,Brent Faiyaz,R&B,India,Asia,4728997,1040379,3688618,2.06,4722.18,4724.24,271722,227697,0.095,84,Rising
2024-10,2024,Q4,Wizkid,Afrobeats,India,Asia,9210873,2026392,7184481,3.45,16262.89,16266.34,489923,324175,0.236,100,Rising
2024-10,2024,Q4,Sza,R&B,India,Asia,725100,159522,565578,0.34,1112.54,1112.88,46935,24584,0.179,83,Stable
2024-10,2024,Q4,Peso Pluma,Latin,India,Asia,7397919,1627542,5770377,2.97,10525.34,10528.31,315624,100381,0.194,100,Rising
2024-10,2024,Q4,Post Malone,Hip-Hop,India,Asia,715028,157306,557722,0.32,1074.9,1075.22,47770,26875,0.308,80,Declining
2024-10,2024,Q4,Coldplay,Rock,India,Asia,2106458,463420,1643038,0.95,1911.03,1911.98,49553,73937,0.345,57,Stable
2024-10,2024,Q4,Karol G,Latin,India,Asia,4745525,1044015,3701510,1.92,5482.24,5484.16,352625,170256,0.095,100,Rising
2024-10,2024,Q4,Burna Boy,Afrobeats,India,Asia,5982021,1316044,4665977,2.92,10763.99,10766.91,310648,138095,0.159,100,Rising
2024-10,2024,Q4,Rauw Alejandro,Latin,India,Asia,5311466,1168522,4142944,2.0,8744.68,8746.68,301884,144504,0.323,89,Stable
2024-10,2024,Q4,Travis Scott,Hip-Hop,India,Asia,1170305,257467,912838,0.59,1335.13,1335.72,51177,33291,0.313,89,Declining
2024-10,2024,Q4,Olivia Rodrigo,Pop,India,Asia,2448611,538694,1909917,1.04,2501.91,2502.95,188495,41896,0.193,100,Rising
2024-10,2024,Q4,Blackpink,K-Pop,India,Asia,36648656,8062704,28585952,18.27,31002.7,31020.97,1117736,923617,0.248,100,Rising
2024-10,2024,Q4,Kendrick Lamar,Hip-Hop,Indonesia,Asia,1420707,284141,1136566,0.73,1696.0,1696.73,44849,39064,0.148,100,Rising
2024-10,2024,Q4,Taylor Swift,Pop,Indonesia,Asia,1573496,314699,1258797,0.77,2637.1,2637.87,34541,47075,0.195,100,Stable
2024-10,2024,Q4,Sza,R&B,Indonesia,Asia,2181395,436279,1745116,0.99,2148.47,2149.46,117815,66965,0.319,78,Stable
2024-10,2024,Q4,Stray Kids,K-Pop,Indonesia,Asia,3186689,637337,2549352,1.57,6802.05,6803.62,139636,137293,0.273,100,Declining
2024-10,2024,Q4,H.E.R.,R&B,Indonesia,Asia,495469,99093,396376,0.23,788.02,788.25,13888,8979,0.233,95,Rising
2024-10,2024,Q4,The Weeknd,R&B/Pop,Indonesia,Asia,1980044,396008,1584036,1.03,4402.9,4403.93,141885,63713,0.104,100,Rising
2024-10,2024,Q4,J Balvin,Latin,Indonesia,Asia,1834770,366954,1467816,0.94,1984.54,1985.48,122857,56532,0.245,100,Rising
2024-10,2024,Q4,Peso Pluma,Latin,Indonesia,Asia,4712002,942400,3769602,2.25,6888.01,6890.26,197977,203757,0.17,100,Rising
2024-10,2024,Q4,Aespa,K-Pop,Indonesia,Asia,2786007,557201,2228806,1.47,6681.85,6683.32,200188,98688,0.334,100,Rising
2024-10,2024,Q4,Billie Eilish,Pop,Indonesia,Asia,2171625,434325,1737300,1.17,2645.17,2646.34,143610,46235,0.088,100,Declining
2024-10,2024,Q4,Miley Cyrus,Pop,Argentina,Latam,3304338,1057388,2246950,3.29,4565.92,4569.21,181032,89301,0.191,100,Stable
2024-10,2024,Q4,J Balvin,Latin,Argentina,Latam,10095685,3230619,6865066,10.77,8695.75,8706.52,510067,226849,0.332,100,Rising
2024-10,2024,Q4,Giveon,R&B,Argentina,Latam,173694,55582,118112,0.2,182.21,182.41,9672,5433,0.222,100,Rising
2024-10,2024,Q4,Frank Ocean,R&B,Argentina,Latam,339103,108512,230591,0.31,516.25,516.56,13739,11475,0.293,100,Rising
2024-10,2024,Q4,Twenty One Pilots,Rock,Argentina,Latam,1930297,617695,1312602,2.11,3684.4,3686.51,66124,73166,0.202,58,Stable
2024-10,2024,Q4,The Weeknd,R&B/Pop,Argentina,Latam,4216951,1349424,2867527,4.35,3825.43,3829.78,321781,175667,0.117,100,Rising
2024-10,2024,Q4,Drake,Hip-Hop,Argentina,Latam,2504404,801409,1702995,2.28,3732.24,3734.52,85365,42741,0.233,98,Stable
2024-10,2024,Q4,Olivia Rodrigo,Pop,Argentina,Latam,3287897,1052127,2235770,3.28,4451.47,4454.75,256937,91658,0.131,100,Rising
2024-10,2024,Q4,Travis Scott,Hip-Hop,Chile,Latam,3039126,1033302,2005824,3.75,2862.74,2866.49,169314,90415,0.184,100,Declining
2024-10,2024,Q4,Davido,Afrobeats,Chile,Latam,2168275,737213,1431062,2.89,1634.51,1637.4,69238,49258,0.142,69,Rising
2024-10,2024,Q4,Brent Faiyaz,R&B,Chile,Latam,1343598,456823,886775,1.77,2362.91,2364.68,68750,51328,0.34,85,Rising
2024-10,2024,Q4,Paramore,Rock,Chile,Latam,601340,204455,396885,0.69,404.95,405.64,38463,9960,0.269,68,Stable
2024-10,2024,Q4,J Balvin,Latin,Chile,Latam,6437537,2188762,4248775,8.0,10777.77,10785.77,374231,247474,0.144,100,Rising
2024-10,2024,Q4,Ariana Grande,Pop,Chile,Latam,979549,333046,646503,1.01,1449.11,1450.12,44263,26595,0.143,93,Stable
2024-10,2024,Q4,Post Malone,Hip-Hop,Chile,Latam,407015,138385,268630,0.43,293.26,293.69,13628,12005,0.247,93,Declining
2024-10,2024,Q4,Rauw Alejandro,Latin,Chile,Latam,5704047,1939375,3764672,6.02,11122.12,11128.14,417626,108225,0.143,100,Stable
2024-10,2024,Q4,Stray Kids,K-Pop,Chile,Latam,1533765,521480,1012285,1.91,2095.11,2097.02,81423,24966,0.208,70,Declining
2024-10,2024,Q4,Lil Baby,Hip-Hop,Chile,Latam,2135211,725971,1409240,2.75,3021.73,3024.48,49560,93980,0.277,74,Declining
2024-11,2024,Q4,Twenty One Pilots,Rock,Netherlands,Europe,3130459,2128712,1001747,18.12,2623.82,2641.94,239551,87227,0.225,100,Stable
2024-11,2024,Q4,Lil Baby,Hip-Hop,Netherlands,Europe,3316627,2255306,1061321,25.21,2473.26,2498.47,155433,42231,0.277,65,Declining
2024-11,2024,Q4,Disclosure,Electronic,Netherlands,Europe,5157466,3507076,1650390,39.24,4260.98,4300.22,360037,111271,0.179,100,Rising
2024-11,2024,Q4,J Balvin,Latin,Netherlands,Europe,3343600,2273648,1069952,23.6,1262.32,1285.92,120302,48188,0.254,84,Rising
2024-11,2024,Q4,Asake,Afrobeats,Netherlands,Europe,4142304,2816766,1325538,31.88,2429.39,2461.27,114308,48350,0.169,91,Rising
2024-11,2024,Q4,Blackpink,K-Pop,Netherlands,Europe,5779078,3929773,1849305,38.29,4819.02,4857.31,418737,288449,0.098,100,Rising
2024-11,2024,Q4,Paramore,Rock,Netherlands,Europe,4244652,2886363,1358289,29.41,4015.8,4045.21,214261,133273,0.156,100,Stable
2024-11,2024,Q4,Frank Ocean,R&B,Netherlands,Europe,7499675,5099779,2399896,56.6,4340.32,4396.92,466584,153800,0.148,100,Rising
2024-11,2024,Q4,Stray Kids,K-Pop,Netherlands,Europe,1947066,1324004,623062,11.55,1097.0,1108.55,94619,46923,0.111,58,Declining
2024-11,2024,Q4,Newjeans,K-Pop,Netherlands,Europe,819305,557127,262178,6.18,511.36,517.54,19716,26290,0.24,66,Stable
2024-11,2024,Q4,Giveon,R&B,Netherlands,Europe,1639593,1114923,524670,11.35,708.07,719.42,44767,61907,0.172,100,Rising
2024-11,2024,Q4,Miley Cyrus,Pop,Netherlands,Europe,4642931,3157193,1485738,35.86,2746.44,2782.3,217381,184041,0.214,100,Stable
2024-11,2024,Q4,The Weeknd,R&B/Pop,United Kingdom,Europe,2324445,1510889,813556,15.07,1833.38,1848.45,68707,29594,0.224,100,Rising
2024-11,2024,Q4,Ariana Grande,Pop,United Kingdom,Europe,6308498,4100523,2207975,41.87,2796.86,2838.73,371039,142840,0.308,100,Stable
2024-11,2024,Q4,J. Cole,Hip-Hop,United Kingdom,Europe,4335154,2817850,1517304,27.72,2363.15,2390.87,243870,109449,0.143,100,Stable
2024-11,2024,Q4,Stray Kids,K-Pop,United Kingdom,Europe,1701009,1105655,595354,12.14,1757.14,1769.28,110538,35482,0.123,58,Declining
2024-11,2024,Q4,Frank Ocean,R&B,United Kingdom,Europe,4890282,3178683,1711599,32.44,3963.11,3995.55,147283,52802,0.331,100,Rising
2024-11,2024,Q4,Post Malone,Hip-Hop,United Kingdom,Europe,1914180,1244217,669963,11.26,1945.25,1956.51,87639,88485,0.283,90,Declining
2024-11,2024,Q4,Martin Garrix,Electronic,United Kingdom,Europe,20521962,13339275,7182687,115.68,16191.39,16307.07,482293,398935,0.136,100,Rising
2024-11,2024,Q4,Ed Sheeran,Pop,United Kingdom,Europe,1324274,860778,463496,7.85,1055.48,1063.33,62863,46298,0.339,100,Rising
2024-11,2024,Q4,Doja Cat,Pop,United Kingdom,Europe,11220958,7293622,3927336,82.95,5769.75,5852.7,607145,344181,0.232,100,Stable
2024-11,2024,Q4,Brent Faiyaz,R&B,United Kingdom,Europe,2617982,1701688,916294,16.5,1512.05,1528.55,155324,116908,0.263,98,Rising
2024-11,2024,Q4,Harry Styles,Pop,United Kingdom,Europe,7749701,5037305,2712396,55.98,4516.44,4572.42,361856,115453,0.202,100,Stable
2024-11,2024,Q4,Stray Kids,K-Pop,Germany,Europe,1569231,1098461,470770,10.42,913.88,924.3,115763,58401,0.126,61,Declining
2024-11,2024,Q4,Sza,R&B,Germany,Europe,1401729,981210,420519,11.07,1125.15,1136.22,31505,50578,0.202,95,Stable
2024-11,2024,Q4,Doja Cat,Pop,Germany,Europe,7175221,5022654,2152567,46.9,6364.01,6410.91,291143,248586,0.215,100,Stable
2024-11,2024,Q4,Kendrick Lamar,Hip-Hop,Germany,Europe,1013930,709751,304179,7.64,807.86,815.5,20609,24394,0.082,100,Rising
2024-11,2024,Q4,Bad Bunny,Latin,Germany,Europe,5550758,3885530,1665228,43.62,3120.49,3164.11,272467,163335,0.155,82,Stable
2024-11,2024,Q4,Paramore,Rock,Germany,Europe,4598927,3219248,1379679,30.88,1603.12,1634.0,332337,90518,0.106,100,Stable
2024-11,2024,Q4,Tyla,Afrobeats,Germany,Europe,2441812,1709268,732544,18.81,1851.63,1870.44,160794,75965,0.126,100,Rising
2024-11,2024,Q4,Miley Cyrus,Pop,Germany,Europe,464780,325346,139434,3.52,243.51,247.03,12471,19196,0.268,100,Stable
2024-11,2024,Q4,Calvin Harris,Electronic,Sweden,Europe,6741519,4853893,1887626,53.67,5324.8,5378.47,197929,304452,0.27,100,Rising
2024-11,2024,Q4,Brent Faiyaz,R&B,Sweden,Europe,5353613,3854601,1499012,38.95,3587.5,3626.45,348637,112117,0.085,96,Rising
2024-11,2024,Q4,The Weeknd,R&B/Pop,Sweden,Europe,850001,612000,238001,6.04,328.81,334.85,19762,10834,0.235,100,Rising
2024-11,2024,Q4,Olivia Rodrigo,Pop,Sweden,Europe,15406720,11092838,4313882,129.1,8001.92,8131.02,858872,477872,0.346,100,Rising
2024-11,2024,Q4,Fred Again..,Electronic,Sweden,Europe,1759889,1267120,492769,12.58,1079.54,1092.12,109864,78943,0.286,100,Declining
2024-11,2024,Q4,Aespa,K-Pop,Sweden,Europe,3020890,2175040,845850,19.39,1076.91,1096.3,67137,49897,0.271,88,Rising
2024-11,2024,Q4,Stray Kids,K-Pop,Sweden,Europe,334251,240660,93591,2.33,146.26,148.59,24347,9256,0.217,54,Declining
2024-11,2024,Q4,Bts,K-Pop,Sweden,Europe,2442604,1758674,683930,16.94,1713.69,1730.63,84198,63357,0.318,63,Stable
2024-11,2024,Q4,Travis Scott,Hip-Hop,Sweden,Europe,5050123,3636088,1414035,39.14,3574.39,3613.53,122504,118136,0.153,100,Declining
2024-11,2024,Q4,Burna Boy,Afrobeats,Sweden,Europe,6437399,4634927,1802472,48.47,3856.06,3904.53,269969,125982,0.096,100,Rising
2024-11,2024,Q4,Stray Kids,K-Pop,France,Europe,1784223,1106218,678005,9.62,1650.27,1659.89,35818,17915,0.116,67,Declining
2024-11,2024,Q4,Newjeans,K-Pop,France,Europe,2700626,1674388,1026238,16.93,1967.72,1984.65,83633,32383,0.248,64,Stable
2024-11,2024,Q4,J. Cole,Hip-Hop,France,Europe,503422,312121,191301,3.41,301.33,304.74,13596,13707,0.174,100,Stable
2024-11,2024,Q4,Arctic Monkeys,Rock,France,Europe,14496761,8987991,5508770,76.48,10630.33,10706.81,354661,630293,0.213,100,Rising
2024-11,2024,Q4,Davido,Afrobeats,France,Europe,5583775,3461940,2121835,31.82,2148.0,2179.82,334290,193702,0.255,100,Rising
2024-11,2024,Q4,Frank Ocean,R&B,France,Europe,7575759,4696970,2878789,43.58,4286.47,4330.05,286340,269928,0.268,100,Rising
2024-11,2024,Q4,Fred Again..,Electronic,France,Europe,380279,235772,144507,2.37,186.57,188.94,12919,14869,0.344,100,Declining
2024-11,2024,Q4,Doja Cat,Pop,France,Europe,5421315,3361215,2060100,36.37,2429.14,2465.51,190379,164242,0.104,100,Stable
2024-11,2024,Q4,Dua Lipa,Pop,France,Europe,7680305,4761789,2918516,49.03,4370.46,4419.49,485482,336094,0.315,100,Rising
2024-11,2024,Q4,Rauw Alejandro,Latin,France,Europe,2597130,1610220,986910,18.42,2862.35,2880.77,62430,28328,0.214,90,Stable
2024-11,2024,Q4,Ariana Grande,Pop,France,Europe,418924,259732,159192,2.91,405.65,408.56,22256,11982,0.206,100,Stable
2024-11,2024,Q4,Peso Pluma,Latin,Ireland,Europe,908373,581358,327015,6.12,827.34,833.46,53209,23304,0.192,100,Rising
2024-11,2024,Q4,Tyla,Afrobeats,Ireland,Europe,7097572,4542446,2555126,45.53,6393.08,6438.61,215160,229008,0.33,100,Rising
2024-11,2024,Q4,Bad Bunny,Latin,Ireland,Europe,4711633,3015445,1696188,32.49,4668.06,4700.55,369638,207505,0.098,77,Stable
2024-11,2024,Q4,Brent Faiyaz,R&B,Ireland,Europe,2665478,1705905,959573,16.72,2483.98,2500.7,186597,111034,0.176,99,Rising
2024-11,2024,Q4,Bts,K-Pop,Ireland,Europe,1566759,1002725,564034,9.3,1354.38,1363.68,117364,52658,0.313,70,Stable
2024-11,2024,Q4,Dua Lipa,Pop,Ireland,Europe,2603293,1666107,937186,18.31,1126.63,1144.94,117474,120577,0.105,100,Rising
2024-11,2024,Q4,Fred Again..,Electronic,Ireland,Europe,6389452,4089249,2300203,35.5,3223.36,3258.86,374260,295910,0.288,100,Declining
2024-11,2024,Q4,Kendrick Lamar,Hip-Hop,Ireland,Europe,5670160,3628902,2041258,34.43,2803.98,2838.41,180599,147497,0.094,100,Rising
2024-11,2024,Q4,Coldplay,Rock,Ireland,Europe,2111116,1351114,760002,12.41,943.22,955.63,163918,27094,0.286,100,Stable
2024-11,2024,Q4,Wizkid,Afrobeats,Ireland,Europe,3068185,1963638,1104547,20.89,1754.24,1775.13,202237,82144,0.295,100,Rising
2024-11,2024,Q4,Drake,Hip-Hop,Ireland,Europe,3187548,2040030,1147518,22.3,2801.25,2823.55,189794,121654,0.151,78,Stable
2024-11,2024,Q4,Rauw Alejandro,Latin,Spain,Europe,3491808,1920494,1571314,16.52,2474.72,2491.24,231932,109515,0.19,100,Stable
2024-11,2024,Q4,Ed Sheeran,Pop,Spain,Europe,3228096,1775452,1452644,16.46,3656.02,3672.48,144354,137579,0.31,100,Rising
2024-11,2024,Q4,Wizkid,Afrobeats,Spain,Europe,6994498,3846973,3147525,37.67,6317.94,6355.61,317887,348859,0.324,100,Rising
2024-11,2024,Q4,Bad Bunny,Latin,Spain,Europe,2139155,1176535,962620,12.69,1654.02,1666.71,114043,78686,0.132,83,Stable
2024-11,2024,Q4,Stray Kids,K-Pop,Spain,Europe,686057,377331,308726,3.37,914.83,918.2,26892,28223,0.182,63,Declining
2024-11,2024,Q4,Ariana Grande,Pop,Spain,Europe,1508223,829522,678701,9.14,816.59,825.73,114816,60036,0.199,100,Stable
2024-11,2024,Q4,Imagine Dragons,Rock,Spain,Europe,1632575,897916,734659,8.76,1973.44,1982.2,84748,45787,0.166,100,Stable
2024-11,2024,Q4,Sza,R&B,Spain,Europe,3244401,1784420,1459981,16.06,4044.9,4060.96,80780,35414,0.271,90,Stable
2024-11,2024,Q4,Coldplay,Rock,Spain,Europe,2105180,1157849,947331,12.77,1231.84,1244.61,100658,91751,0.346,100,Stable
2024-11,2024,Q4,Arctic Monkeys,Rock,Spain,Europe,12474595,6861027,5613568,60.7,14905.47,14966.17,972058,255887,0.193,100,Rising
2024-11,2024,Q4,Disclosure,Electronic,Spain,Europe,7578532,4168192,3410340,38.42,6690.8,6729.22,322627,218239,0.106,100,Rising
2024-11,2024,Q4,Blackpink,K-Pop,Italy,Europe,2563399,1332967,1230432,15.19,2974.8,2989.99,107565,51438,0.265,100,Rising
2024-11,2024,Q4,Coldplay,Rock,Italy,Europe,1535471,798444,737027,8.42,1338.68,1347.1,88596,66517,0.319,100,Stable
2024-11,2024,Q4,Drake,Hip-Hop,Italy,Europe,5868739,3051744,2816995,31.06,2919.43,2950.49,313792,181174,0.092,99,Stable
2024-11,2024,Q4,Newjeans,K-Pop,Italy,Europe,423731,220340,203391,1.95,388.5,390.45,23601,18804,0.347,60,Stable
2024-11,2024,Q4,Harry Styles,Pop,Italy,Europe,11870904,6172870,5698034,69.5,8683.79,8753.29,945348,245697,0.085,100,Stable
2024-11,2024,Q4,J Balvin,Latin,Italy,Europe,1239273,644421,594852,5.75,1473.14,1478.89,77466,39301,0.176,93,Rising
2024-11,2024,Q4,J. Cole,Hip-Hop,Italy,Europe,4462276,2320383,2141893,24.25,5661.02,5685.27,263169,65631,0.107,91,Stable
2024-11,2024,Q4,Stray Kids,K-Pop,Italy,Europe,1967779,1023245,944534,9.18,1105.05,1114.23,115129,78979,0.312,63,Declining
2024-11,2024,Q4,Twenty One Pilots,Rock,Italy,Europe,4371474,2273166,2098308,22.26,6123.01,6145.27,112269,182089,0.132,100,Stable
2024-11,2024,Q4,Bad Bunny,Latin,Italy,Europe,1039017,540288,498729,5.02,1312.89,1317.91,49717,35624,0.196,85,Stable
2024-11,2024,Q4,Asake,Afrobeats,Italy,Europe,2532334,1316813,1215521,14.81,3367.0,3381.81,172852,27506,0.32,93,Rising
2024-11,2024,Q4,Tyla,Afrobeats,United States,Americas,1573298,912512,660786,9.39,1541.95,1551.34,124366,19883,0.257,100,Rising
2024-11,2024,Q4,Harry Styles,Pop,United States,Americas,12857632,7457426,5400206,78.8,11239.03,11317.83,756512,420458,0.322,100,Stable
2024-11,2024,Q4,Doja Cat,Pop,United States,Americas,5671350,3289383,2381967,38.43,6686.67,6725.1,161350,115523,0.148,100,Stable
2024-11,2024,Q4,Twenty One Pilots,Rock,United States,Americas,442752,256796,185956,2.51,518.08,520.59,27241,13787,0.341,93,Stable
2024-11,2024,Q4,Dua Lipa,Pop,United States,Americas,8896688,5160079,3736609,62.17,5571.99,5634.16,279081,167644,0.17,100,Rising
2024-11,2024,Q4,Ed Sheeran,Pop,United States,Americas,23601123,13688651,9912472,136.36,10878.09,11014.45,1347919,903217,0.244,100,Rising
2024-11,2024,Q4,Rema,Afrobeats,United States,Americas,3943744,2287371,1656373,23.71,2993.12,3016.83,239286,87844,0.167,100,Rising
2024-11,2024,Q4,Asake,Afrobeats,United States,Americas,7136811,4139350,2997461,51.5,4026.83,4078.33,541734,297197,0.126,91,Rising
2024-11,2024,Q4,Frank Ocean,R&B,United States,Americas,2897137,1680339,1216798,20.11,1352.81,1372.92,123007,103398,0.323,100,Rising
2024-11,2024,Q4,H.E.R.,R&B,United States,Americas,998992,579415,419577,6.68,1116.27,1122.95,43086,10076,0.125,100,Rising
2024-11,2024,Q4,Bad Bunny,Latin,Brazil,Americas,6219460,2363394,3856066,10.97,7107.51,7118.48,407930,102373,0.215,100,Stable
2024-11,2024,Q4,The Weeknd,R&B/Pop,Brazil,Americas,6260248,2378894,3881354,10.39,9288.99,9299.38,168102,128082,0.257,100,Rising
2024-11,2024,Q4,Rauw Alejandro,Latin,Brazil,Americas,4371857,1661305,2710552,7.76,7876.58,7884.34,264933,125906,0.2,100,Stable
2024-11,2024,Q4,Asake,Afrobeats,Brazil,Americas,6805506,2586092,4219414,14.26,5838.27,5852.53,340126,181299,0.262,80,Rising
2024-11,2024,Q4,Frank Ocean,R&B,Brazil,Americas,1124313,427238,697075,2.24,1652.08,1654.32,82488,15377,0.095,100,Rising
2024-11,2024,Q4,Karol G,Latin,Brazil,Americas,3120188,1185671,1934517,5.7,3354.47,3360.17,66139,122385,0.245,100,Rising
2024-11,2024,Q4,Sza,R&B,Brazil,Americas,3057005,1161661,1895344,5.09,5208.92,5214.01,194545,95779,0.097,100,Stable
2024-11,2024,Q4,Harry Styles,Pop,Brazil,Americas,9805093,3725935,6079158,19.18,9191.4,9210.58,653497,238502,0.261,100,Stable
2024-11,2024,Q4,21 Savage,Hip-Hop,Brazil,Americas,4138790,1572740,2566050,8.33,3001.51,3009.84,102507,76263,0.145,100,Declining
2024-11,2024,Q4,Calvin Harris,Electronic,Brazil,Americas,3463059,1315962,2147097,6.1,5707.99,5714.09,110868,84478,0.106,94,Rising
2024-11,2024,Q4,Disclosure,Electronic,Mexico,Americas,4521405,1582491,2938914,6.04,3220.67,3226.71,107208,131266,0.318,100,Rising
2024-11,2024,Q4,Wizkid,Afrobeats,Mexico,Americas,2608865,913102,1695763,3.26,2347.97,2351.23,196794,110548,0.164,100,Rising
2024-11,2024,Q4,Twenty One Pilots,Rock,Mexico,Americas,2710903,948816,1762087,3.91,4846.43,4850.34,178063,62880,0.182,75,Stable
2024-11,2024,Q4,Billie Eilish,Pop,Mexico,Americas,9272609,3245413,6027196,11.4,15382.13,15393.53,500934,128169,0.194,100,Declining
2024-11,2024,Q4,Olivia Rodrigo,Pop,Mexico,Americas,5786730,2025355,3761375,7.17,6017.08,6024.25,438173,171333,0.135,100,Rising
2024-11,2024,Q4,Giveon,R&B,Mexico,Americas,5945107,2080787,3864320,8.33,10360.87,10369.2,373355,264378,0.136,100,Rising
2024-11,2024,Q4,Ariana Grande,Pop,Mexico,Americas,4577184,1602014,2975170,6.99,6389.17,6396.16,308560,218001,0.272,100,Stable
2024-11,2024,Q4,Davido,Afrobeats,Mexico,Americas,7919300,2771755,5147545,12.61,6592.25,6604.86,416716,334219,0.188,100,Rising
2024-11,2024,Q4,Drake,Hip-Hop,Mexico,Americas,14569097,5099183,9469914,18.77,16301.24,16320.01,657160,210403,0.142,100,Stable
2024-11,2024,Q4,Arctic Monkeys,Rock,Colombia,Americas,6676416,2002924,4673492,7.84,7542.59,7550.43,150241,332485,0.164,100,Rising
2024-11,2024,Q4,Tyla,Afrobeats,Colombia,Americas,6813479,2044043,4769436,6.51,7188.31,7194.82,170500,196510,0.19,100,Rising
2024-11,2024,Q4,Dua Lipa,Pop,Colombia,Americas,8094501,2428350,5666151,8.11,10266.15,10274.26,549931,84068,0.262,100,Rising
2024-11,2024,Q4,Bts,K-Pop,Colombia,Americas,449946,134983,314963,0.49,494.86,495.35,28396,8152,0.097,80,Stable
2024-11,2024,Q4,Fred Again..,Electronic,Colombia,Americas,374321,112296,262025,0.38,428.95,429.33,13603,8366,0.284,45,Declining
2024-11,2024,Q4,Rauw Alejandro,Latin,Colombia,Americas,4971838,1491551,3480287,4.58,5379.93,5384.51,220606,232303,0.265,100,Stable
2024-11,2024,Q4,Imagine Dragons,Rock,Colombia,Americas,10557146,3167143,7390003,11.64,11962.61,11974.25,425823,408600,0.335,100,Stable
2024-11,2024,Q4,Newjeans,K-Pop,Colombia,Americas,4677193,1403157,3274036,4.53,9814.77,9819.3,172339,174576,0.212,64,Stable
2024-11,2024,Q4,Lil Baby,Hip-Hop,Nigeria,Africa,471322,84837,386485,0.27,956.71,956.98,20588,9628,0.096,83,Declining
2024-11,2024,Q4,Doja Cat,Pop,Nigeria,Africa,3335687,600423,2735264,1.92,7753.09,7755.01,230307,100371,0.216,100,Stable
2024-11,2024,Q4,Frank Ocean,R&B,Nigeria,Africa,1053685,189663,864022,0.54,1457.0,1457.54,80104,50950,0.199,100,Rising
2024-11,2024,Q4,Blackpink,K-Pop,Nigeria,Africa,2641395,475451,2165944,1.47,4452.05,4453.52,165702,63494,0.119,100,Rising
2024-11,2024,Q4,Twenty One Pilots,Rock,Nigeria,Africa,1763276,317389,1445887,0.82,2993.4,2994.22,77962,19485,0.086,60,Stable
2024-11,2024,Q4,Giveon,R&B,Nigeria,Africa,1891004,340380,1550624,1.09,2886.8,2887.89,106498,36879,0.31,100,Rising
2024-11,2024,Q4,Tyla,Afrobeats,Nigeria,Africa,10279225,1850260,8428965,5.84,22972.19,22978.03,371970,317515,0.191,100,Rising
2024-11,2024,Q4,Bad Bunny,Latin,Nigeria,Africa,782448,140840,641608,0.44,1514.87,1515.31,49638,35859,0.303,66,Stable
2024-11,2024,Q4,Imagine Dragons,Rock,Nigeria,Africa,1845035,332106,1512929,0.96,3328.94,3329.9,108229,54042,0.314,83,Stable
2024-11,2024,Q4,Martin Garrix,Electronic,Nigeria,Africa,2266660,407998,1858662,1.23,2000.83,2002.06,167762,46446,0.344,100,Rising
2024-11,2024,Q4,Disclosure,Electronic,Nigeria,Africa,1185467,213384,972083,0.65,2231.63,2232.28,56667,37524,0.1,100,Rising
2024-11,2024,Q4,The Weeknd,R&B/Pop,South Africa,Africa,1026139,287318,738821,1.21,1805.55,1806.76,60752,14899,0.226,100,Rising
2024-11,2024,Q4,Stray Kids,K-Pop,South Africa,Africa,1748450,489566,1258884,1.71,3491.94,3493.65,85050,82032,0.183,67,Declining
2024-11,2024,Q4,Brent Faiyaz,R&B,South Africa,Africa,2394047,670333,1723714,2.67,3350.83,3353.5,174471,84937,0.144,100,Rising
2024-11,2024,Q4,Frank Ocean,R&B,South Africa,Africa,778002,217840,560162,0.98,829.2,830.18,44476,21570,0.104,100,Rising
2024-11,2024,Q4,Sza,R&B,South Africa,Africa,250122,70034,180088,0.31,360.52,360.83,15125,6918,0.191,100,Stable
2024-11,2024,Q4,Nicki Minaj,Hip-Hop,South Africa,Africa,5321759,1490092,3831667,5.57,6626.12,6631.69,311197,135886,0.189,100,Stable
2024-11,2024,Q4,Davido,Afrobeats,South Africa,Africa,8606626,2409855,6196771,9.2,14284.0,14293.2,539790,141591,0.349,100,Rising
2024-11,2024,Q4,Giveon,R&B,South Africa,Africa,1841675,515669,1326006,2.06,2021.95,2024.01,50158,19033,0.08,100,Rising
2024-11,2024,Q4,Newjeans,K-Pop,South Africa,Africa,1318235,369105,949130,1.42,2464.94,2466.36,43779,52100,0.178,70,Stable
2024-11,2024,Q4,Disclosure,Electronic,South Africa,Africa,3468678,971229,2497449,4.42,6192.14,6196.56,183447,141073,0.349,100,Rising
2024-11,2024,Q4,Drake,Hip-Hop,South Africa,Africa,3237457,906487,2330970,3.61,3777.32,3780.93,213894,57531,0.168,100,Stable
2024-11,2024,Q4,Wizkid,Afrobeats,South Africa,Africa,8394673,2350508,6044165,10.33,9859.91,9870.24,492728,377234,0.248,100,Rising
2024-11,2024,Q4,Rauw Alejandro,Latin,Kenya,Africa,1535521,230328,1305193,0.66,3415.51,3416.17,89164,44170,0.141,70,Stable
2024-11,2024,Q4,Travis Scott,Hip-Hop,Kenya,Africa,2352861,352929,1999932,0.92,5674.14,5675.06,151424,26492,0.207,100,Declining
2024-11,2024,Q4,Stray Kids,K-Pop,Kenya,Africa,1442327,216349,1225978,0.59,1341.31,1341.9,75549,60836,0.295,60,Declining
2024-11,2024,Q4,Martin Garrix,Electronic,Kenya,Africa,997148,149572,847576,0.37,989.73,990.1,78698,13403,0.123,100,Rising
2024-11,2024,Q4,Olivia Rodrigo,Pop,Kenya,Africa,859295,128894,730401,0.34,1475.05,1475.39,67658,15822,0.137,100,Rising
2024-11,2024,Q4,Arctic Monkeys,Rock,Kenya,Africa,2887970,433195,2454775,0.95,5843.69,5844.64,211265,38585,0.088,100,Rising
2024-11,2024,Q4,Nicki Minaj,Hip-Hop,Kenya,Africa,5056866,758529,4298337,1.67,4883.18,4884.85,282684,175998,0.248,100,Stable
2024-11,2024,Q4,Burna Boy,Afrobeats,Kenya,Africa,6459833,968974,5490859,2.62,8516.24,8518.86,409437,79897,0.287,100,Rising
2024-11,2024,Q4,J. Cole,Hip-Hop,Kenya,Africa,907852,136177,771675,0.32,984.1,984.42,34781,37813,0.165,100,Stable
2024-11,2024,Q4,Harry Styles,Pop,Kenya,Africa,1471525,220728,1250797,0.55,1408.82,1409.37,44799,27043,0.205,100,Stable
2024-11,2024,Q4,Imagine Dragons,Rock,Ghana,Africa,2381053,333347,2047706,0.74,5371.67,5372.41,77684,105382,0.164,90,Stable
2024-11,2024,Q4,J Balvin,Latin,Ghana,Africa,1554597,217643,1336954,0.49,3077.44,3077.93,85724,36603,0.117,81,Rising
2024-11,2024,Q4,Post Malone,Hip-Hop,Ghana,Africa,586966,82175,504791,0.18,1295.92,1296.1,21986,18493,0.171,100,Declining
2024-11,2024,Q4,Calvin Harris,Electronic,Ghana,Africa,1303406,182476,1120930,0.45,1482.97,1483.42,67759,53011,0.111,89,Rising
2024-11,2024,Q4,Billie Eilish,Pop,Ghana,Africa,1368120,191536,1176584,0.39,2521.69,2522.08,81719,34629,0.228,94,Declining
2024-11,2024,Q4,Twenty One Pilots,Rock,Ghana,Africa,946985,132577,814408,0.28,2109.21,2109.49,30515,35989,0.158,62,Stable
2024-11,2024,Q4,The Weeknd,R&B/Pop,Ghana,Africa,2120978,296936,1824042,0.76,2818.72,2819.48,88025,93486,0.213,100,Rising
2024-11,2024,Q4,Fred Again..,Electronic,Ghana,Africa,466142,65259,400883,0.14,1020.29,1020.43,28724,17041,0.244,36,Declining
2024-11,2024,Q4,Davido,Afrobeats,Ghana,Africa,10254938,1435691,8819247,3.74,16451.06,16454.8,205747,307371,0.141,100,Rising
2024-11,2024,Q4,Lil Baby,Hip-Hop,Ghana,Africa,2364593,331043,2033550,0.68,2727.02,2727.7,171656,55049,0.26,96,Declining
2024-11,2024,Q4,Imagine Dragons,Rock,Japan,Asia,3378885,2027331,1351554,20.15,3989.61,4009.76,252876,90194,0.3,88,Stable
2024-11,2024,Q4,Aespa,K-Pop,Japan,Asia,13894858,8336914,5557944,72.39,10573.34,10645.73,546383,268247,0.122,100,Rising
2024-11,2024,Q4,Blackpink,K-Pop,Japan,Asia,23780023,14268013,9512010,146.02,14130.92,14276.94,1497368,520597,0.283,100,Rising
2024-11,2024,Q4,Rauw Alejandro,Latin,Japan,Asia,2361480,1416888,944592,14.69,2814.97,2829.66,102876,78843,0.182,85,Stable
2024-11,2024,Q4,Nicki Minaj,Hip-Hop,Japan,Asia,2817616,1690569,1127047,15.81,1975.26,1991.07,86531,71835,0.169,100,Stable
2024-11,2024,Q4,Asake,Afrobeats,Japan,Asia,4233422,2540053,1693369,24.44,3285.52,3309.96,267621,166344,0.17,62,Rising
2024-11,2024,Q4,Olivia Rodrigo,Pop,Japan,Asia,10211745,6127047,4084698,53.04,9819.88,9872.92,562804,385865,0.235,100,Rising
2024-11,2024,Q4,Wizkid,Afrobeats,Japan,Asia,6967147,4180288,2786859,36.91,4485.32,4522.23,279032,302701,0.287,100,Rising
2024-11,2024,Q4,Wizkid,Afrobeats,South Korea,Asia,2713028,1492165,1220863,10.39,3214.97,3225.36,86109,89724,0.184,100,Rising
2024-11,2024,Q4,Rauw Alejandro,Latin,South Korea,Asia,3092516,1700883,1391633,13.13,3174.16,3187.29,165093,40440,0.091,100,Stable
2024-11,2024,Q4,Fred Again..,Electronic,South Korea,Asia,1773617,975489,798128,8.14,1948.97,1957.11,77386,77292,0.192,63,Declining
2024-11,2024,Q4,Arctic Monkeys,Rock,South Korea,Asia,8826861,4854773,3972088,34.56,5667.11,5701.67,259578,263923,0.301,100,Rising
2024-11,2024,Q4,Tyla,Afrobeats,South Korea,Asia,2771692,1524430,1247262,13.94,1274.85,1288.79,139249,101928,0.298,100,Rising
2024-11,2024,Q4,Travis Scott,Hip-Hop,South Korea,Asia,478033,262918,215115,1.84,481.8,483.64,11770,5706,0.163,99,Declining
2024-11,2024,Q4,Karol G,Latin,South Korea,Asia,1700265,935145,765120,7.19,1873.59,1880.78,113010,78435,0.195,100,Rising
2024-11,2024,Q4,J Balvin,Latin,South Korea,Asia,4902927,2696609,2206318,24.34,5506.09,5530.43,262546,96022,0.272,85,Rising
2024-11,2024,Q4,J. Cole,Hip-Hop,South Korea,Asia,1159775,637876,521899,4.65,1462.36,1467.01,50884,48591,0.265,86,Stable
2024-11,2024,Q4,Newjeans,K-Pop,South Korea,Asia,8119582,4465770,3653812,35.07,3856.24,3891.31,581338,256497,0.32,100,Stable
2024-11,2024,Q4,Bts,K-Pop,South Korea,Asia,14931319,8212225,6719094,56.85,11313.55,11370.4,1121118,492348,0.326,100,Stable
2024-11,2024,Q4,Coldplay,Rock,South Korea,Asia,3636108,1999859,1636249,15.64,2233.84,2249.48,128861,138161,0.156,57,Stable
2024-11,2024,Q4,Doja Cat,Pop,India,Asia,1064289,234143,830146,0.41,986.42,986.83,49939,35834,0.09,100,Stable
2024-11,2024,Q4,Martin Garrix,Electronic,India,Asia,13273755,2920226,10353529,5.78,20261.59,20267.37,767370,179624,0.237,100,Rising
2024-11,2024,Q4,H.E.R.,R&B,India,Asia,2669738,587342,2082396,1.1,2211.11,2212.21,124258,106817,0.285,87,Rising
2024-11,2024,Q4,Aespa,K-Pop,India,Asia,30878474,6793264,24085210,13.81,26538.83,26552.64,2217189,1484679,0.205,100,Rising
2024-11,2024,Q4,Kendrick Lamar,Hip-Hop,India,Asia,2983890,656455,2327435,1.46,2839.14,2840.6,235724,134232,0.307,100,Rising
2024-11,2024,Q4,Imagine Dragons,Rock,India,Asia,2900887,638195,2262692,1.42,2279.93,2281.35,188069,70878,0.131,85,Stable
2024-11,2024,Q4,Stray Kids,K-Pop,India,Asia,21589701,4749734,16839967,10.61,26759.45,26770.06,1659305,459913,0.3,100,Declining
2024-11,2024,Q4,Nicki Minaj,Hip-Hop,India,Asia,6816302,1499586,5316716,2.89,9887.85,9890.74,386447,139786,0.144,97,Stable
2024-11,2024,Q4,Bts,K-Pop,India,Asia,9468537,2083078,7385459,4.71,17438.42,17443.13,237617,350980,0.23,100,Stable
2024-11,2024,Q4,Martin Garrix,Electronic,Indonesia,Asia,8083758,1616751,6467007,3.8,10264.2,10268.0,481626,269780,0.131,100,Rising
2024-11,2024,Q4,Arctic Monkeys,Rock,Indonesia,Asia,2851120,570224,2280896,1.42,3443.6,3445.02,69284,72788,0.278,100,Rising
2024-11,2024,Q4,Calvin Harris,Electronic,Indonesia,Asia,8757270,1751454,7005816,4.06,11629.15,11633.21,451303,153463,0.266,100,Rising
2024-11,2024,Q4,Rauw Alejandro,Latin,Indonesia,Asia,1085160,217032,868128,0.6,2156.53,2157.13,30029,41394,0.148,94,Stable
2024-11,2024,Q4,Imagine Dragons,Rock,Indonesia,Asia,2542034,508406,2033628,1.12,2700.56,2701.68,84278,123330,0.268,94,Stable
2024-11,2024,Q4,Brent Faiyaz,R&B,Indonesia,Asia,4294554,858910,3435644,2.18,8492.13,8494.31,145017,127178,0.337,87,Rising
2024-11,2024,Q4,Harry Styles,Pop,Indonesia,Asia,13938504,2787700,11150804,6.92,15393.02,15399.94,914091,318244,0.199,100,Stable
2024-11,2024,Q4,Aespa,K-Pop,Indonesia,Asia,15220836,3044167,12176669,8.0,32063.22,32071.22,992796,240173,0.297,100,Rising
2024-11,2024,Q4,Travis Scott,Hip-Hop,Indonesia,Asia,2057604,411520,1646084,0.95,2677.91,2678.86,96870,63805,0.276,98,Declining
2024-11,2024,Q4,Rema,Afrobeats,Indonesia,Asia,2848128,569625,2278503,1.61,4201.51,4203.12,209570,64933,0.202,100,Rising
2024-11,2024,Q4,Miley Cyrus,Pop,Argentina,Latam,4074272,1303767,2770505,3.95,4289.02,4292.97,151726,54146,0.116,93,Stable
2024-11,2024,Q4,21 Savage,Hip-Hop,Argentina,Latam,1919573,614263,1305310,2.25,1427.03,1429.28,147157,27103,0.201,84,Declining
2024-11,2024,Q4,Brent Faiyaz,R&B,Argentina,Latam,1521997,487039,1034958,1.69,1521.47,1523.16,101055,58181,0.282,75,Rising
2024-11,2024,Q4,Sza,R&B,Argentina,Latam,1399419,447814,951605,1.55,1953.03,1954.58,45292,26175,0.189,70,Stable
2024-11,2024,Q4,Wizkid,Afrobeats,Argentina,Latam,476268,152405,323863,0.49,852.15,852.64,20880,9766,0.227,81,Rising
2024-11,2024,Q4,Rauw Alejandro,Latin,Argentina,Latam,12917362,4133555,8783807,14.44,8863.54,8877.98,259958,634216,0.151,100,Stable
2024-11,2024,Q4,Karol G,Latin,Argentina,Latam,15297605,4895233,10402372,15.19,16223.13,16238.32,992892,415286,0.146,100,Rising
2024-11,2024,Q4,Tyla,Afrobeats,Argentina,Latam,1213604,388353,825251,1.3,1285.83,1287.13,24627,36483,0.322,58,Rising
2024-11,2024,Q4,Olivia Rodrigo,Pop,Argentina,Latam,3456286,1106011,2350275,3.36,5501.72,5505.08,163878,58443,0.203,100,Rising
2024-11,2024,Q4,Nicki Minaj,Hip-Hop,Argentina,Latam,2147940,687340,1460600,2.35,2746.19,2748.54,151892,92290,0.168,100,Stable
2024-11,2024,Q4,Disclosure,Electronic,Argentina,Latam,396928,127016,269912,0.38,412.53,412.91,18605,8964,0.115,99,Rising
2024-11,2024,Q4,Burna Boy,Afrobeats,Chile,Latam,1740443,591750,1148693,2.22,3004.37,3006.59,130152,53211,0.306,59,Rising
2024-11,2024,Q4,Disclosure,Electronic,Chile,Latam,3116266,1059530,2056736,3.22,3719.28,3722.5,98311,38862,0.283,100,Rising
2024-11,2024,Q4,Drake,Hip-Hop,Chile,Latam,1565078,532126,1032952,2.07,2296.6,2298.67,69540,69287,0.233,100,Stable
2024-11,2024,Q4,J. Cole,Hip-Hop,Chile,Latam,2518918,856432,1662486,3.02,1729.62,1732.64,175143,62124,0.099,100,Stable
2024-11,2024,Q4,Sza,R&B,Chile,Latam,1659299,564161,1095138,2.15,1937.01,1939.16,131642,48518,0.212,74,Stable
2024-11,2024,Q4,Paramore,Rock,Chile,Latam,1987638,675796,1311842,2.2,1919.27,1921.47,46121,21658,0.254,73,Stable
2024-11,2024,Q4,21 Savage,Hip-Hop,Chile,Latam,2392263,813369,1578894,3.08,1904.63,1907.71,165033,112069,0.249,74,Declining
2024-11,2024,Q4,J Balvin,Latin,Chile,Latam,7173454,2438974,4734480,7.31,7932.18,7939.49,179979,86418,0.34,100,Rising
2024-11,2024,Q4,Giveon,R&B,Chile,Latam,3573355,1214940,2358415,4.27,3868.05,3872.32,129695,124081,0.294,100,Rising
2024-11,2024,Q4,Ariana Grande,Pop,Chile,Latam,487378,165708,321670,0.61,905.52,906.13,38417,20733,0.152,100,Stable
2024-12,2024,Q4,Travis Scott,Hip-Hop,Netherlands,Europe,6240182,4243323,1996859,38.18,3722.01,3760.19,323898,157884,0.12,100,Declining
2024-12,2024,Q4,Doja Cat,Pop,Netherlands,Europe,5151331,3502905,1648426,31.04,4278.46,4309.5,338701,86370,0.147,100,Stable
2024-12,2024,Q4,21 Savage,Hip-Hop,Netherlands,Europe,2995926,2037229,958697,22.09,2749.48,2771.57,132032,61047,0.217,63,Declining
2024-12,2024,Q4,Wizkid,Afrobeats,Netherlands,Europe,355002,241401,113601,2.19,221.97,224.16,10631,14314,0.09,100,Rising
2024-12,2024,Q4,Bts,K-Pop,Netherlands,Europe,1229776,836247,393529,7.77,800.79,808.56,60417,29456,0.255,71,Stable
2024-12,2024,Q4,Stray Kids,K-Pop,Netherlands,Europe,822993,559635,263358,5.94,303.33,309.27,49007,34696,0.305,62,Declining
2024-12,2024,Q4,Coldplay,Rock,Netherlands,Europe,1231120,837161,393959,8.66,723.44,732.1,27606,27113,0.328,100,Stable
2024-12,2024,Q4,Rauw Alejandro,Latin,Netherlands,Europe,2034258,1383295,650963,13.0,961.15,974.15,99746,88586,0.145,98,Stable
2024-12,2024,Q4,Martin Garrix,Electronic,Netherlands,Europe,16077193,10932491,5144702,104.25,14240.63,14344.88,942111,167102,0.341,100,Rising
2024-12,2024,Q4,Travis Scott,Hip-Hop,United Kingdom,Europe,1553211,1009587,543624,11.01,760.2,771.21,83092,72213,0.16,81,Declining
2024-12,2024,Q4,Drake,Hip-Hop,United Kingdom,Europe,4038337,2624919,1413418,30.14,3112.16,3142.3,288286,68220,0.303,100,Stable
2024-12,2024,Q4,Lil Baby,Hip-Hop,United Kingdom,Europe,1728028,1123218,604810,12.11,917.52,929.63,108674,19459,0.16,53,Declining
2024-12,2024,Q4,Ed Sheeran,Pop,United Kingdom,Europe,14121662,9179080,4942582,87.51,6911.89,6999.4,810254,514863,0.312,100,Rising
2024-12,2024,Q4,Doja Cat,Pop,United Kingdom,Europe,7086831,4606440,2480391,47.86,4135.7,4183.56,487397,345402,0.141,100,Stable
2024-12,2024,Q4,J. Cole,Hip-Hop,United Kingdom,Europe,3165139,2057340,1107799,18.06,1639.77,1657.83,216766,124303,0.112,94,Stable
2024-12,2024,Q4,H.E.R.,R&B,United Kingdom,Europe,2003420,1302223,701197,13.1,1741.15,1754.25,145981,57151,0.158,100,Rising
2024-12,2024,Q4,Coldplay,Rock,United Kingdom,Europe,1985358,1290482,694876,14.17,2008.33,2022.5,57650,46916,0.346,100,Stable
2024-12,2024,Q4,Disclosure,Electronic,Germany,Europe,9254701,6478290,2776411,63.83,4985.3,5049.13,584248,112723,0.207,100,Rising
2024-12,2024,Q4,Dua Lipa,Pop,Germany,Europe,1241623,869136,372487,7.7,645.02,652.72,56846,49715,0.085,100,Rising
2024-12,2024,Q4,Stray Kids,K-Pop,Germany,Europe,1892870,1325009,567861,12.86,742.35,755.21,56103,30164,0.221,65,Declining
2024-12,2024,Q4,Doja Cat,Pop,Germany,Europe,4505886,3154120,1351766,28.15,1625.89,1654.04,237218,67273,0.091,100,Stable
2024-12,2024,Q4,Harry Styles,Pop,Germany,Europe,10817097,7571967,3245130,70.38,9600.52,9670.9,413628,531251,0.169,100,Stable
2024-12,2024,Q4,Billie Eilish,Pop,Germany,Europe,8273915,5791740,2482175,53.29,5942.02,5995.31,284509,359219,0.305,100,Declining
2024-12,2024,Q4,Tyla,Afrobeats,Germany,Europe,1736429,1215500,520929,10.79,1074.6,1085.39,126301,81482,0.337,100,Rising
2024-12,2024,Q4,Paramore,Rock,Germany,Europe,8413665,5889565,2524100,65.64,4988.36,5054.0,309273,409128,0.27,100,Stable
2024-12,2024,Q4,Wizkid,Afrobeats,Germany,Europe,6010811,4207567,1803244,39.96,2657.27,2697.23,223014,267333,0.223,100,Rising
2024-12,2024,Q4,Karol G,Latin,Sweden,Europe,985695,709700,275995,7.43,765.95,773.38,31986,49042,0.203,100,Rising
2024-12,2024,Q4,Rema,Afrobeats,Sweden,Europe,3970884,2859036,1111848,29.26,2282.0,2311.26,182935,45599,0.264,100,Rising
2024-12,2024,Q4,Fred Again..,Electronic,Sweden,Europe,7461568,5372328,2089240,48.68,5809.67,5858.35,565193,317307,0.109,100,Declining
2024-12,2024,Q4,H.E.R.,R&B,Sweden,Europe,2203432,1586471,616961,17.1,1155.63,1172.73,63500,81761,0.2,95,Rising
2024-12,2024,Q4,Billie Eilish,Pop,Sweden,Europe,6412467,4616976,1795491,42.16,3391.85,3434.01,139842,298901,0.339,100,Declining
2024-12,2024,Q4,J Balvin,Latin,Sweden,Europe,2237590,1611064,626526,16.1,1191.28,1207.38,61542,38555,0.236,88,Rising
2024-12,2024,Q4,Ed Sheeran,Pop,Sweden,Europe,15345199,11048543,4296656,111.2,6204.53,6315.73,539437,261715,0.31,100,Rising
2024-12,2024,Q4,21 Savage,Hip-Hop,Sweden,Europe,2882036,2075065,806971,21.88,2231.36,2253.24,205679,97884,0.223,61,Declining
2024-12,2024,Q4,Imagine Dragons,Rock,France,Europe,8416499,5218229,3198270,49.09,5984.22,6033.31,222217,373085,0.106,100,Stable
2024-12,2024,Q4,Newjeans,K-Pop,France,Europe,1525031,945519,579512,8.54,1502.25,1510.79,76290,74043,0.297,61,Stable
2024-12,2024,Q4,Ariana Grande,Pop,France,Europe,4714373,2922911,1791462,25.39,3987.18,4012.57,332116,118509,0.136,100,Stable
2024-12,2024,Q4,Aespa,K-Pop,France,Europe,3897757,2416609,1481148,27.69,3633.23,3660.92,245774,157638,0.247,100,Rising
2024-12,2024,Q4,Fred Again..,Electronic,France,Europe,6739276,4178351,2560925,35.63,3181.13,3216.76,341943,98295,0.154,100,Declining
2024-12,2024,Q4,Twenty One Pilots,Rock,France,Europe,2789060,1729217,1059843,15.59,2336.56,2352.15,75914,98199,0.282,100,Stable
2024-12,2024,Q4,Frank Ocean,R&B,France,Europe,724774,449359,275415,4.96,604.05,609.01,30069,16598,0.167,100,Rising
2024-12,2024,Q4,J. Cole,Hip-Hop,France,Europe,1221904,757580,464324,7.14,904.48,911.62,35257,52686,0.098,100,Stable
2024-12,2024,Q4,Billie Eilish,Pop,Ireland,Europe,2202980,1409907,793073,15.56,1388.69,1404.25,109307,57939,0.212,100,Declining
2024-12,2024,Q4,21 Savage,Hip-Hop,Ireland,Europe,1608690,1029561,579129,9.85,630.26,640.11,56618,32773,0.273,59,Declining
2024-12,2024,Q4,Paramore,Rock,Ireland,Europe,8413875,5384880,3028995,59.59,4475.68,4535.27,660525,167544,0.21,100,Stable
2024-12,2024,Q4,Ariana Grande,Pop,Ireland,Europe,8751512,5600967,3150545,57.44,3487.59,3545.03,487312,158781,0.261,100,Stable
2024-12,2024,Q4,Tyla,Afrobeats,Ireland,Europe,248260,158886,89374,1.41,209.24,210.65,13666,7890,0.333,100,Rising
2024-12,2024,Q4,Davido,Afrobeats,Ireland,Europe,9172865,5870633,3302232,60.53,3940.41,4000.94,641946,217745,0.258,100,Rising
2024-12,2024,Q4,Twenty One Pilots,Rock,Ireland,Europe,2343414,1499784,843630,13.96,924.31,938.27,125848,82371,0.294,100,Stable
2024-12,2024,Q4,Bad Bunny,Latin,Ireland,Europe,3039209,1945093,1094116,18.95,1825.32,1844.27,150032,68539,0.315,69,Stable
2024-12,2024,Q4,Giveon,R&B,Ireland,Europe,1763979,1128946,635033,12.33,1889.2,1901.53,40218,52595,0.28,100,Rising
2024-12,2024,Q4,Rauw Alejandro,Latin,Ireland,Europe,406776,260336,146440,2.65,399.5,402.15,17187,9285,0.291,85,Stable
2024-12,2024,Q4,Nicki Minaj,Hip-Hop,Ireland,Europe,479971,307181,172790,3.47,367.48,370.95,37104,21345,0.088,100,Stable
2024-12,2024,Q4,The Weeknd,R&B/Pop,Spain,Europe,6827009,3754854,3072155,36.15,3463.15,3499.3,159297,302768,0.263,100,Rising
2024-12,2024,Q4,Kendrick Lamar,Hip-Hop,Spain,Europe,10046430,5525536,4520894,56.44,7578.11,7634.55,326679,185841,0.171,100,Rising
2024-12,2024,Q4,Nicki Minaj,Hip-Hop,Spain,Europe,1889107,1039008,850099,9.6,920.53,930.13,86341,80653,0.192,100,Stable
2024-12,2024,Q4,Lil Baby,Hip-Hop,Spain,Europe,1620866,891476,729390,9.38,1673.48,1682.86,88332,29285,0.187,58,Declining
2024-12,2024,Q4,Peso Pluma,Latin,Spain,Europe,2235602,1229581,1006021,10.82,1224.17,1234.99,161515,79633,0.254,100,Rising
2024-12,2024,Q4,Karol G,Latin,Spain,Europe,3879136,2133524,1745612,23.67,3407.0,3430.67,262358,100085,0.269,100,Rising
2024-12,2024,Q4,J. Cole,Hip-Hop,Spain,Europe,5317340,2924537,2392803,32.04,4000.73,4032.77,250168,260887,0.303,100,Stable
2024-12,2024,Q4,Twenty One Pilots,Rock,Spain,Europe,4951636,2723399,2228237,25.83,3065.69,3091.52,153842,222025,0.312,100,Stable
2024-12,2024,Q4,Harry Styles,Pop,Spain,Europe,8174015,4495708,3678307,39.32,9724.86,9764.18,564278,147946,0.09,100,Stable
2024-12,2024,Q4,Arctic Monkeys,Rock,Italy,Europe,7357429,3825863,3531566,36.95,4789.24,4826.19,401666,319155,0.113,100,Rising
2024-12,2024,Q4,Rema,Afrobeats,Italy,Europe,332302,172797,159505,1.62,166.14,167.76,9926,8885,0.081,85,Rising
2024-12,2024,Q4,Frank Ocean,R&B,Italy,Europe,1568179,815453,752726,8.33,2049.19,2057.52,76339,26981,0.251,96,Rising
2024-12,2024,Q4,Ariana Grande,Pop,Italy,Europe,3082100,1602692,1479408,15.08,2563.85,2578.93,70902,131889,0.244,100,Stable
2024-12,2024,Q4,Tyla,Afrobeats,Italy,Europe,6663344,3464938,3198406,37.94,4957.08,4995.02,213068,302025,0.081,100,Rising
2024-12,2024,Q4,Brent Faiyaz,R&B,Italy,Europe,3522155,1831520,1690635,16.0,4727.41,4743.41,168593,107862,0.307,97,Rising
2024-12,2024,Q4,Rauw Alejandro,Latin,Italy,Europe,1544014,802887,741127,8.91,1215.44,1224.35,40626,47723,0.199,85,Stable
2024-12,2024,Q4,Blackpink,K-Pop,Italy,Europe,2077889,1080502,997387,12.3,2481.49,2493.79,128286,41827,0.208,100,Rising
2024-12,2024,Q4,21 Savage,Hip-Hop,Italy,Europe,3091115,1607379,1483736,16.84,3532.67,3549.51,65926,66379,0.258,73,Declining
2024-12,2024,Q4,Lil Baby,Hip-Hop,Italy,Europe,1529131,795148,733983,9.1,1775.43,1784.53,88419,26692,0.223,61,Declining
2024-12,2024,Q4,Miley Cyrus,Pop,Italy,Europe,6725193,3497100,3228093,33.54,7160.58,7194.12,331155,220598,0.234,100,Stable
2024-12,2024,Q4,Blackpink,K-Pop,United States,Americas,4130956,2395954,1735002,23.73,3930.26,3953.99,223227,173175,0.205,100,Rising
2024-12,2024,Q4,H.E.R.,R&B,United States,Americas,11326430,6569329,4757101,71.78,8387.3,8459.08,662577,501856,0.171,100,Rising
2024-12,2024,Q4,Rema,Afrobeats,United States,Americas,2791074,1618822,1172252,18.69,2792.06,2810.75,56263,63368,0.104,100,Rising
2024-12,2024,Q4,Wizkid,Afrobeats,United States,Americas,451800,262043,189757,3.3,396.95,400.25,19989,16075,0.249,100,Rising
2024-12,2024,Q4,Doja Cat,Pop,United States,Americas,684091,396772,287319,4.87,335.38,340.25,25521,21098,0.087,100,Stable
2024-12,2024,Q4,Disclosure,Electronic,United States,Americas,6572173,3811860,2760313,47.6,6700.97,6748.57,240881,77214,0.23,100,Rising
2024-12,2024,Q4,Paramore,Rock,United States,Americas,4577288,2654827,1922461,32.35,4381.37,4413.72,218301,123402,0.293,90,Stable
2024-12,2024,Q4,Dua Lipa,Pop,United States,Americas,2737173,1587560,1149613,17.54,2496.8,2514.34,143004,117001,0.305,100,Rising
2024-12,2024,Q4,Harry Styles,Pop,United States,Americas,14266721,8274698,5992023,101.9,7455.27,7557.17,292815,236915,0.347,100,Stable
2024-12,2024,Q4,21 Savage,Hip-Hop,United States,Americas,3237023,1877473,1359550,21.67,3077.22,3098.89,231759,136803,0.283,100,Declining
2024-12,2024,Q4,Coldplay,Rock,Brazil,Americas,4342156,1650019,2692137,9.16,6191.46,6200.62,298111,201093,0.217,81,Stable
2024-12,2024,Q4,Bad Bunny,Latin,Brazil,Americas,436927,166032,270895,0.72,706.2,706.92,22469,21781,0.145,100,Stable
2024-12,2024,Q4,Wizkid,Afrobeats,Brazil,Americas,1377981,523632,854349,2.59,2516.21,2518.8,80896,60099,0.216,100,Rising
2024-12,2024,Q4,Martin Garrix,Electronic,Brazil,Americas,933626,354777,578849,1.85,1695.8,1697.65,26144,10492,0.116,100,Rising
2024-12,2024,Q4,Rema,Afrobeats,Brazil,Americas,6054199,2300595,3753604,13.12,8086.03,8099.15,174120,164082,0.243,97,Rising
2024-12,2024,Q4,Ariana Grande,Pop,Brazil,Americas,5351659,2033630,3318029,9.42,8076.71,8086.13,374866,221228,0.187,100,Stable
2024-12,2024,Q4,Arctic Monkeys,Rock,Brazil,Americas,7223962,2745105,4478857,13.83,5021.77,5035.6,440591,183328,0.187,100,Rising
2024-12,2024,Q4,21 Savage,Hip-Hop,Brazil,Americas,6023306,2288856,3734450,10.53,8597.35,8607.88,422032,153557,0.097,100,Declining
2024-12,2024,Q4,Peso Pluma,Latin,Brazil,Americas,12137761,4612349,7525412,22.62,9773.41,9796.03,833099,419528,0.318,100,Rising
2024-12,2024,Q4,Giveon,R&B,Brazil,Americas,7865388,2988847,4876541,13.96,6399.64,6413.6,225918,132663,0.21,100,Rising
2024-12,2024,Q4,J Balvin,Latin,Mexico,Americas,12566174,4398160,8168014,15.47,18064.29,18079.76,361652,566633,0.127,100,Rising
2024-12,2024,Q4,J. Cole,Hip-Hop,Mexico,Americas,10023279,3508147,6515132,11.91,12293.67,12305.58,614161,173535,0.229,100,Stable
2024-12,2024,Q4,Wizkid,Afrobeats,Mexico,Americas,9400348,3290121,6110227,15.08,17570.31,17585.39,735165,101603,0.149,100,Rising
2024-12,2024,Q4,Billie Eilish,Pop,Mexico,Americas,10571024,3699858,6871166,15.31,12103.32,12118.63,339430,426379,0.275,100,Declining
2024-12,2024,Q4,21 Savage,Hip-Hop,Mexico,Americas,2380423,833148,1547275,3.08,2595.35,2598.43,127656,65602,0.275,100,Declining
2024-12,2024,Q4,H.E.R.,R&B,Mexico,Americas,10124769,3543669,6581100,14.02,19657.39,19671.41,216134,235595,0.328,100,Rising
2024-12,2024,Q4,Nicki Minaj,Hip-Hop,Mexico,Americas,21196634,7418821,13777813,31.72,35220.28,35252.0,805992,1039709,0.22,100,Stable
2024-12,2024,Q4,Drake,Hip-Hop,Mexico,Americas,451370,157979,293391,0.57,499.77,500.34,21856,10683,0.236,100,Stable
2024-12,2024,Q4,Martin Garrix,Electronic,Colombia,Americas,7779208,2333762,5445446,8.34,15278.96,15287.3,216668,222152,0.16,100,Rising
2024-12,2024,Q4,Tyla,Afrobeats,Colombia,Americas,8113346,2434003,5679343,9.03,6838.44,6847.47,163721,143411,0.131,100,Rising
2024-12,2024,Q4,Disclosure,Electronic,Colombia,Americas,7114552,2134365,4980187,6.51,8995.69,9002.2,194365,91697,0.162,100,Rising
2024-12,2024,Q4,Karol G,Latin,Colombia,Americas,18026223,5407866,12618357,20.29,29844.96,29865.25,1063916,200141,0.312,100,Rising
2024-12,2024,Q4,Dua Lipa,Pop,Colombia,Americas,5117278,1535183,3582095,5.34,3811.39,3816.73,342408,140221,0.284,100,Rising
2024-12,2024,Q4,Lil Baby,Hip-Hop,Colombia,Americas,3332931,999879,2333052,3.34,4882.62,4885.96,84365,111744,0.29,100,Declining
2024-12,2024,Q4,Billie Eilish,Pop,Colombia,Americas,12072128,3621638,8450490,12.13,8776.72,8788.85,537528,562362,0.132,100,Declining
2024-12,2024,Q4,Stray Kids,K-Pop,Colombia,Americas,1705331,511599,1193732,1.99,2128.07,2130.06,112095,41953,0.313,59,Declining
2024-12,2024,Q4,Blackpink,K-Pop,Colombia,Americas,5060417,1518125,3542292,4.7,3874.02,3878.72,395074,134385,0.29,100,Rising
2024-12,2024,Q4,Frank Ocean,R&B,Colombia,Americas,14197031,4259109,9937922,15.79,21425.7,21441.49,973130,204814,0.151,100,Rising
2024-12,2024,Q4,Davido,Afrobeats,Colombia,Americas,3278951,983685,2295266,3.36,2888.63,2891.99,97834,113335,0.233,100,Rising
2024-12,2024,Q4,The Weeknd,R&B/Pop,Nigeria,Africa,3541753,637515,2904238,2.08,5023.24,5025.32,157104,129613,0.168,100,Rising
2024-12,2024,Q4,Drake,Hip-Hop,Nigeria,Africa,3598403,647712,2950691,1.9,3881.94,3883.84,198221,149555,0.326,100,Stable
2024-12,2024,Q4,Frank Ocean,R&B,Nigeria,Africa,5095828,917249,4178579,2.64,8650.45,8653.09,230660,80806,0.291,100,Rising
2024-12,2024,Q4,J. Cole,Hip-Hop,Nigeria,Africa,1058528,190535,867993,0.55,1661.6,1662.15,80177,19377,0.297,100,Stable
2024-12,2024,Q4,Newjeans,K-Pop,Nigeria,Africa,1416331,254939,1161392,0.76,2677.67,2678.43,89020,21931,0.247,64,Stable
2024-12,2024,Q4,Olivia Rodrigo,Pop,Nigeria,Africa,2811248,506024,2305224,1.46,3508.06,3509.52,165116,131485,0.125,100,Rising
2024-12,2024,Q4,Asake,Afrobeats,Nigeria,Africa,6183141,1112965,5070176,3.26,11413.32,11416.58,323153,75966,0.178,100,Rising
2024-12,2024,Q4,Karol G,Latin,Nigeria,Africa,1879115,338240,1540875,0.96,3460.72,3461.68,57717,78243,0.156,80,Rising
2024-12,2024,Q4,Paramore,Rock,Nigeria,Africa,2214362,398585,1815777,1.12,3043.09,3044.21,122617,101834,0.227,72,Stable
2024-12,2024,Q4,Coldplay,Rock,Nigeria,Africa,765659,137818,627841,0.46,1519.19,1519.65,41563,17602,0.119,48,Stable
2024-12,2024,Q4,Tyla,Afrobeats,Nigeria,Africa,4539424,817096,3722328,2.78,11155.98,11158.76,94734,61972,0.197,100,Rising
2024-12,2024,Q4,Frank Ocean,R&B,South Africa,Africa,3158861,884481,2274380,3.49,3802.68,3806.17,203664,113736,0.342,100,Rising
2024-12,2024,Q4,Doja Cat,Pop,South Africa,Africa,2418320,677129,1741191,3.0,2963.25,2966.25,165849,113756,0.248,100,Stable
2024-12,2024,Q4,Harry Styles,Pop,South Africa,Africa,1202022,336566,865456,1.17,1437.28,1438.45,73505,14849,0.154,100,Stable
2024-12,2024,Q4,Disclosure,Electronic,South Africa,Africa,2969685,831511,2138174,3.16,5432.76,5435.92,131380,72798,0.337,100,Rising
2024-12,2024,Q4,Brent Faiyaz,R&B,South Africa,Africa,3440482,963334,2477148,3.59,4385.4,4388.99,177173,134527,0.319,100,Rising
2024-12,2024,Q4,Kendrick Lamar,Hip-Hop,South Africa,Africa,1030704,288597,742107,1.1,1431.72,1432.82,37813,49903,0.27,100,Rising
2024-12,2024,Q4,Martin Garrix,Electronic,South Africa,Africa,1565549,438353,1127196,1.69,1593.26,1594.95,44045,70736,0.313,100,Rising
2024-12,2024,Q4,Peso Pluma,Latin,South Africa,Africa,1917754,536971,1380783,2.32,2622.92,2625.24,63389,33057,0.156,73,Rising
2024-12,2024,Q4,Ed Sheeran,Pop,South Africa,Africa,5126532,1435428,3691104,6.05,5163.14,5169.19,405130,83107,0.242,100,Rising
2024-12,2024,Q4,Taylor Swift,Pop,South Africa,Africa,3155731,883604,2272127,3.18,5361.53,5364.71,69255,95984,0.139,100,Stable
2024-12,2024,Q4,J Balvin,Latin,South Africa,Africa,1577731,441764,1135967,1.95,1676.66,1678.61,116032,52815,0.083,80,Rising
2024-12,2024,Q4,Martin Garrix,Electronic,Kenya,Africa,1503842,225576,1278266,0.55,2298.73,2299.28,31516,55638,0.279,100,Rising
2024-12,2024,Q4,Wizkid,Afrobeats,Kenya,Africa,8277874,1241681,7036193,3.19,7662.85,7666.04,358205,379088,0.193,100,Rising
2024-12,2024,Q4,Tyla,Afrobeats,Kenya,Africa,6135868,920380,5215488,2.15,9317.49,9319.64,339248,84235,0.337,100,Rising
2024-12,2024,Q4,Imagine Dragons,Rock,Kenya,Africa,1034364,155154,879210,0.43,1758.27,1758.7,65647,20690,0.152,81,Stable
2024-12,2024,Q4,Billie Eilish,Pop,Kenya,Africa,204705,30705,174000,0.07,301.21,301.28,7511,9490,0.209,73,Declining
2024-12,2024,Q4,Ariana Grande,Pop,Kenya,Africa,3471483,520722,2950761,1.1,3904.87,3905.97,141812,94418,0.189,100,Stable
2024-12,2024,Q4,Drake,Hip-Hop,Kenya,Africa,139169,20875,118294,0.05,183.56,183.61,6198,2059,0.098,100,Stable
2024-12,2024,Q4,21 Savage,Hip-Hop,Kenya,Africa,2229838,334475,1895363,0.92,2703.96,2704.88,149984,64200,0.161,85,Declining
2024-12,2024,Q4,Aespa,K-Pop,Kenya,Africa,1495457,224318,1271139,0.5,3799.57,3800.07,70081,25124,0.322,98,Rising
2024-12,2024,Q4,Paramore,Rock,Ghana,Africa,939095,131473,807622,0.33,1105.26,1105.59,71653,30961,0.131,82,Stable
2024-12,2024,Q4,Sza,R&B,Ghana,Africa,2465578,345180,2120398,0.78,5300.86,5301.64,186050,45985,0.318,100,Stable
2024-12,2024,Q4,Karol G,Latin,Ghana,Africa,2588713,362419,2226294,0.89,6010.88,6011.77,159767,54621,0.141,100,Rising
2024-12,2024,Q4,Tyla,Afrobeats,Ghana,Africa,3769069,527669,3241400,1.39,7505.91,7507.3,137923,48914,0.284,100,Rising
2024-12,2024,Q4,Peso Pluma,Latin,Ghana,Africa,187101,26194,160907,0.06,169.33,169.39,13809,6220,0.328,99,Rising
2024-12,2024,Q4,Blackpink,K-Pop,Ghana,Africa,2345852,328419,2017433,0.68,3340.82,3341.5,156346,108622,0.083,100,Rising
2024-12,2024,Q4,Ed Sheeran,Pop,Ghana,Africa,776208,108669,667539,0.23,1696.48,1696.71,17075,20131,0.177,100,Rising
2024-12,2024,Q4,J. Cole,Hip-Hop,Ghana,Africa,3392329,474926,2917403,1.06,4021.37,4022.43,152214,134484,0.167,100,Stable
2024-12,2024,Q4,Kendrick Lamar,Hip-Hop,Ghana,Africa,6389724,894561,5495163,2.12,10152.61,10154.73,141303,96246,0.192,100,Rising
2024-12,2024,Q4,Tyla,Afrobeats,Japan,Asia,9795006,5877003,3918003,58.12,5940.66,5998.78,363814,98952,0.101,100,Rising
2024-12,2024,Q4,Burna Boy,Afrobeats,Japan,Asia,7301214,4380728,2920486,36.88,6520.3,6557.18,431538,90439,0.289,100,Rising
2024-12,2024,Q4,Travis Scott,Hip-Hop,Japan,Asia,3593167,2155900,1437267,17.45,3003.46,3020.91,106293,83265,0.116,87,Declining
2024-12,2024,Q4,Billie Eilish,Pop,Japan,Asia,6428298,3856978,2571320,38.29,7288.84,7327.13,221452,146252,0.178,100,Declining
2024-12,2024,Q4,Karol G,Latin,Japan,Asia,4753065,2851839,1901226,30.15,3100.52,3130.67,360727,72346,0.16,100,Rising
2024-12,2024,Q4,Rema,Afrobeats,Japan,Asia,6083234,3649940,2433294,31.76,3627.17,3658.93,294889,250264,0.113,100,Rising
2024-12,2024,Q4,Kendrick Lamar,Hip-Hop,Japan,Asia,5119466,3071679,2047787,25.14,4278.31,4303.45,236305,114134,0.222,100,Rising
2024-12,2024,Q4,J Balvin,Latin,Japan,Asia,5963575,3578145,2385430,32.05,6501.75,6533.8,138649,274265,0.256,90,Rising
2024-12,2024,Q4,Bad Bunny,Latin,Japan,Asia,1864165,1118499,745666,11.54,1637.78,1649.32,69582,45311,0.218,84,Stable
2024-12,2024,Q4,Imagine Dragons,Rock,Japan,Asia,2635667,1581400,1054267,17.17,1929.85,1947.02,190416,108497,0.305,96,Stable
2024-12,2024,Q4,Post Malone,Hip-Hop,Japan,Asia,1110971,666582,444389,5.89,948.31,954.2,80855,31066,0.242,77,Declining
2024-12,2024,Q4,Doja Cat,Pop,Japan,Asia,1158423,695053,463370,7.38,607.32,614.7,92359,18849,0.307,100,Stable
2024-12,2024,Q4,Coldplay,Rock,South Korea,Asia,2768638,1522750,1245888,12.92,3272.73,3285.65,129160,133441,0.183,53,Stable
2024-12,2024,Q4,Disclosure,Electronic,South Korea,Asia,12032516,6617883,5414633,60.43,7795.81,7856.24,839352,201687,0.219,100,Rising
2024-12,2024,Q4,Calvin Harris,Electronic,South Korea,Asia,6042701,3323485,2719216,25.13,8014.73,8039.86,123229,210527,0.314,100,Rising
2024-12,2024,Q4,Martin Garrix,Electronic,South Korea,Asia,14002527,7701389,6301138,54.48,7781.22,7835.7,731368,473537,0.342,100,Rising
2024-12,2024,Q4,Post Malone,Hip-Hop,South Korea,Asia,792772,436024,356748,3.51,426.21,429.72,56363,35531,0.152,67,Declining
2024-12,2024,Q4,Billie Eilish,Pop,South Korea,Asia,264398,145418,118980,1.1,282.88,283.98,19785,6032,0.223,100,Declining
2024-12,2024,Q4,Bts,K-Pop,South Korea,Asia,17652630,9708946,7943684,81.62,18089.37,18170.99,490040,688042,0.174,100,Stable
2024-12,2024,Q4,Travis Scott,Hip-Hop,South Korea,Asia,5945475,3270011,2675464,24.18,7069.07,7093.25,173490,189361,0.186,84,Declining
2024-12,2024,Q4,Frank Ocean,R&B,India,Asia,4780794,1051774,3729020,1.95,9585.69,9587.64,97456,100887,0.109,100,Rising
2024-12,2024,Q4,Drake,Hip-Hop,India,Asia,3413279,750921,2662358,1.66,7833.14,7834.8,254311,166760,0.32,69,Stable
2024-12,2024,Q4,Harry Styles,Pop,India,Asia,10906844,2399505,8507339,4.84,17520.98,17525.82,821620,532120,0.15,100,Stable
2024-12,2024,Q4,J Balvin,Latin,India,Asia,4962057,1091652,3870405,2.39,6289.56,6291.95,264954,167097,0.095,87,Rising
2024-12,2024,Q4,Calvin Harris,Electronic,India,Asia,4124361,907359,3217002,2.07,5384.84,5386.91,209991,202778,0.268,100,Rising
2024-12,2024,Q4,Rauw Alejandro,Latin,India,Asia,5243220,1153508,4089712,2.07,11127.26,11129.33,318206,201667,0.306,80,Stable
2024-12,2024,Q4,Paramore,Rock,India,Asia,1980552,435721,1544831,0.99,4306.87,4307.86,125563,21510,0.174,79,Stable
2024-12,2024,Q4,J. Cole,Hip-Hop,India,Asia,5901247,1298274,4602973,2.29,7884.42,7886.71,429399,289794,0.11,90,Stable
2024-12,2024,Q4,Miley Cyrus,Pop,India,Asia,6362805,1399817,4962988,3.2,5609.19,5612.39,362918,128877,0.318,100,Stable
2024-12,2024,Q4,Billie Eilish,Pop,India,Asia,7665805,1686477,5979328,3.66,10182.12,10185.78,239194,299242,0.301,100,Declining
2024-12,2024,Q4,Drake,Hip-Hop,Indonesia,Asia,2457658,491531,1966127,1.14,2730.42,2731.56,165462,42640,0.144,79,Stable
2024-12,2024,Q4,Imagine Dragons,Rock,Indonesia,Asia,4471258,894251,3577007,2.4,6914.17,6916.57,146478,131986,0.288,83,Stable
2024-12,2024,Q4,Ariana Grande,Pop,Indonesia,Asia,2863003,572600,2290403,1.45,3923.38,3924.83,149459,114490,0.232,100,Stable
2024-12,2024,Q4,Taylor Swift,Pop,Indonesia,Asia,10927568,2185513,8742055,5.46,17056.01,17061.47,260331,358588,0.254,100,Stable
2024-12,2024,Q4,Aespa,K-Pop,Indonesia,Asia,11227187,2245437,8981750,5.71,15224.65,15230.36,566722,542749,0.285,100,Rising
2024-12,2024,Q4,Rauw Alejandro,Latin,Indonesia,Asia,4028829,805765,3223064,1.77,9466.27,9468.04,245481,43387,0.208,81,Stable
2024-12,2024,Q4,Bts,K-Pop,Indonesia,Asia,15620375,3124075,12496300,6.74,20573.35,20580.09,589363,604173,0.208,100,Stable
2024-12,2024,Q4,Stray Kids,K-Pop,Indonesia,Asia,1345055,269011,1076044,0.73,2549.05,2549.78,40294,60435,0.332,100,Declining
2024-12,2024,Q4,H.E.R.,R&B,Indonesia,Asia,774019,154803,619216,0.33,1793.74,1794.07,25522,21305,0.163,76,Rising
2024-12,2024,Q4,Post Malone,Hip-Hop,Indonesia,Asia,1564302,312860,1251442,0.71,1280.76,1281.47,105916,59586,0.17,67,Declining
2024-12,2024,Q4,Travis Scott,Hip-Hop,Argentina,Latam,5083442,1626701,3456741,5.92,5430.24,5436.16,248361,92104,0.149,100,Declining
2024-12,2024,Q4,Lil Baby,Hip-Hop,Argentina,Latam,425096,136030,289066,0.45,652.28,652.73,27495,4744,0.208,67,Declining
2024-12,2024,Q4,Burna Boy,Afrobeats,Argentina,Latam,2362172,755895,1606277,2.43,2512.8,2515.23,117503,113574,0.336,60,Rising
2024-12,2024,Q4,Stray Kids,K-Pop,Argentina,Latam,1910578,611384,1299194,1.92,2257.5,2259.42,51544,38194,0.277,60,Declining
2024-12,2024,Q4,Bad Bunny,Latin,Argentina,Latam,11675935,3736299,7939636,10.58,9168.79,9179.37,909112,535461,0.102,100,Stable
2024-12,2024,Q4,Ed Sheeran,Pop,Argentina,Latam,3451098,1104351,2346747,3.96,5033.04,5037.0,141083,107199,0.088,100,Rising
2024-12,2024,Q4,Rauw Alejandro,Latin,Argentina,Latam,9268369,2965878,6302491,10.49,8963.23,8973.72,460148,407980,0.335,100,Stable
2024-12,2024,Q4,Nicki Minaj,Hip-Hop,Argentina,Latam,1170003,374400,795603,1.08,1483.22,1484.3,54883,54550,0.115,100,Stable
2024-12,2024,Q4,Paramore,Rock,Argentina,Latam,2288086,732187,1555899,2.76,2928.66,2931.42,105259,31074,0.281,71,Stable
2024-12,2024,Q4,Burna Boy,Afrobeats,Chile,Latam,1269823,431739,838084,1.47,1374.77,1376.24,87839,63329,0.129,53,Rising
2024-12,2024,Q4,Giveon,R&B,Chile,Latam,3521767,1197400,2324367,3.88,2776.21,2780.09,185228,121642,0.34,100,Rising
2024-12,2024,Q4,Sza,R&B,Chile,Latam,914627,310973,603654,0.99,1554.35,1555.34,53089,12674,0.339,78,Stable
2024-12,2024,Q4,Travis Scott,Hip-Hop,Chile,Latam,1108256,376807,731449,1.37,1266.72,1268.09,46351,38227,0.14,100,Declining
2024-12,2024,Q4,Karol G,Latin,Chile,Latam,10257663,3487605,6770058,10.92,11070.03,11080.95,376889,457558,0.217,100,Rising
2024-12,2024,Q4,Kendrick Lamar,Hip-Hop,Chile,Latam,1624293,552259,1072034,1.66,1196.06,1197.72,55454,56611,0.146,100,Rising
2024-12,2024,Q4,H.E.R.,R&B,Chile,Latam,1755276,596793,1158483,2.02,2027.94,2029.96,68194,61777,0.134,92,Rising
2024-12,2024,Q4,Miley Cyrus,Pop,Chile,Latam,390828,132881,257947,0.49,305.43,305.92,27338,13362,0.127,82,Stable
2024-12,2024,Q4,Doja Cat,Pop,Chile,Latam,4197554,1427168,2770386,5.31,2836.11,2841.42,266927,142222,0.219,100,Stable
